ticker,period_end,report_date,usable_from_date,roe,roa,operating_margin,gross_profitability,debt_ratio,interest_coverage,per,pbr,pcr,psr,ev_ebitda,dividend_yield,fcf,operating_cash_flow,net_income,earnings_yoy
999004,2025-12-31,2026-02-10,2026-02-10,-5.0,-2.0,-8.0,0.05,250,0.5,0,0.3,0,0.2,0,0,-10,-5,-20,-0.30
365660,2026-12-31,2026-07-08,2026-07-08,0.0,,,,,,,69.27,,,,,,,,
0039P0,2026-12-31,2026-07-08,2026-07-08,29.92,,,,,,13.07,3.91,,,,,,,616.0,
0165X0,2026-12-31,2026-07-08,2026-07-08,,,,,,,,,,,,,,,,
475040,2026-12-31,2026-07-08,2026-07-08,0.0,,,,,,,8.5,,,,,,,,
153890,2026-12-31,2026-07-08,2026-07-08,0.0,,,,,,,15.11,,,,,,,,
0164H0,2026-12-31,2026-07-08,2026-07-08,,,,,,,,,,,,,,,,
095570,2026-12-31,2026-06-17,2026-06-17,6.22,,,,,,6.89,0.43,,,,7.54,,,635.0,
006840,2026-12-31,2026-06-17,2026-06-17,0.0,,,,,,,0.21,,,,,,,,
027410,2026-12-31,2026-06-17,2026-06-17,3.31,,,,,,6.88,0.23,,,,3.06,,,618.0,
282330,2026-12-31,2026-06-17,2026-06-17,14.87,,,,,,10.62,1.58,,,,3.42,,,11303.0,
138930,2026-12-31,2026-06-17,2026-06-17,7.22,,,,,,7.23,0.52,,,,4.05,,,2512.0,
001460,2026-12-31,2026-06-17,2026-06-17,3.44,,,,,,15.63,0.54,,,,1.08,,,2367.0,
001465,2026-12-31,2026-06-17,2026-06-17,,,,,,,,,,,,1.63,,,,
001040,2026-12-31,2026-06-17,2026-06-17,2.75,,,,,,42.85,1.18,,,,1.8,,,4271.0,
079160,2026-12-31,2026-06-17,2026-06-17,0.0,,,,,,,1.37,,,,,,,,
00104K,2026-12-31,2026-06-17,2026-06-17,,,,,,,,,,,,1.99,,,,
000120,2026-12-31,2026-06-17,2026-06-17,5.46,,,,,,7.46,0.41,,,,0.94,,,11347.0,
011150,2026-12-31,2026-06-17,2026-06-17,3.19,,,,,,27.05,0.86,,,,,,,78.0,
011155,2026-12-31,2026-06-17,2026-06-17,,,,,,,,,,,,,,,,
001045,2026-12-31,2026-06-17,2026-06-17,,,,,,,,,,,,4.4,,,,
097950,2026-12-31,2026-06-17,2026-06-17,0.0,,,,,,,0.45,,,,3.04,,,,
097955,2026-12-31,2026-06-17,2026-06-17,,,,,,,,,,,,4.89,,,,
000480,2026-12-31,2026-06-17,2026-06-17,0.0,,,,,,,0.36,,,,8.39,,,,
000590,2026-12-31,2026-06-17,2026-06-17,5.23,,,,,,4.47,0.23,,,,0.67,,,16782.0,
012030,2026-12-31,2026-06-17,2026-06-17,11.02,,,,,,7.36,0.81,,,,,,,259.0,
005830,2026-12-31,2026-06-17,2026-06-17,16.5,,,,,,5.12,0.84,,,,5.02,,,29597.0,
016610,2026-12-31,2026-06-17,2026-06-17,7.38,,,,,,5.27,0.39,,,,5.14,,,2029.0,
000990,2026-12-31,2026-06-17,2026-06-17,12.49,,,,,,25.22,3.15,,,,0.51,,,6285.0,
000300,2026-12-31,2026-06-17,2026-06-17,11.56,,,,,,41.58,4.81,,,,,,,101.0,
001530,2026-12-31,2026-06-17,2026-06-17,0.0,,,,,,,0.95,,,,0.42,,,,
015590,2026-12-31,2026-06-17,2026-06-17,0.0,,,,,,,0.85,,,,,,,,
000210,2026-12-31,2026-06-17,2026-06-17,0.0,,,,,,,0.3,,,,,,,,
000215,2026-12-31,2026-06-17,2026-06-17,,,,,,,,,,,,,,,,
375500,2026-12-31,2026-06-17,2026-06-17,6.94,,,,,,9.72,0.67,,,,1.05,,,8746.0,
37550L,2026-12-31,2026-06-17,2026-06-17,,,,,,,,,,,,1.66,,,,
37550K,2026-12-31,2026-06-17,2026-06-17,,,,,,,,,,,,3.58,,,,
007340,2026-12-31,2026-06-17,2026-06-17,14.03,,,,,,8.29,1.16,,,,2.22,,,5440.0,
004840,2026-12-31,2026-06-17,2026-06-17,1.11,,,,,,19.48,0.22,,,,1.77,,,232.0,
155660,2026-12-31,2026-06-17,2026-06-17,6.12,,,,,,4.65,0.28,,,,5.75,,,935.0,
069730,2026-12-31,2026-06-17,2026-06-17,13.12,,,,,,3.05,0.4,,,,8.22,,,1713.0,
017860,2026-12-31,2026-06-17,2026-06-17,0.0,,,,,,,0.95,,,,0.07,,,,
092780,2026-12-31,2026-06-17,2026-06-17,5.42,,,,,,6.83,0.37,,,,1.9,,,617.0,
017940,2026-12-31,2026-06-17,2026-06-17,5.18,,,,,,4.71,0.24,,,,5.33,,,18124.0,
383220,2026-12-31,2026-06-17,2026-06-17,21.17,,,,,,7.82,1.66,,,,3.25,,,10611.0,
007700,2026-12-31,2026-06-17,2026-06-17,5.44,,,,,,5.23,0.28,,,,2.97,,,3218.0,
114090,2026-12-31,2026-06-17,2026-06-17,10.66,,,,,,15.35,1.64,,,,3.54,,,761.0,
078930,2026-12-31,2026-06-17,2026-06-17,5.43,,,,,,8.64,0.47,,,,4.12,,,8435.0,
006360,2026-12-31,2026-06-17,2026-06-17,1.9,,,,,,27.45,0.52,,,,1.7,,,1073.0,
001250,2026-12-31,2026-06-17,2026-06-17,3.66,,,,,,13.38,0.49,,,,0.78,,,241.0,
007070,2026-12-31,2026-06-17,2026-06-17,1.32,,,,,,45.96,0.61,,,,2.51,,,520.0,
078935,2026-12-31,2026-06-17,2026-06-17,,,,,,,,,,,,5.61,,,,
499790,2026-12-31,2026-06-17,2026-06-17,2.27,,,,,,47.09,1.07,,,,0.76,,,979.0,
012630,2026-12-31,2026-06-17,2026-06-17,10.27,,,,,,3.56,0.37,,,,2.09,,,6057.0,
039570,2026-12-31,2026-06-17,2026-06-17,4.6,,,,,,14.7,0.68,,,,5.73,,,534.0,
089470,2026-12-31,2026-06-17,2026-06-17,9.29,,,,,,3.21,0.3,,,,3.9,,,1279.0,
267270,2026-12-31,2026-06-17,2026-06-17,5.48,,,,,,27.36,1.5,,,,0.35,,,5698.0,
009540,2026-12-31,2026-06-17,2026-06-17,16.32,,,,,,14.15,2.31,,,,2.83,,,30664.0,
267250,2026-12-31,2026-06-17,2026-06-17,9.52,,,,,,19.27,1.83,,,,1.52,,,13623.0,
443060,2026-12-31,2026-06-17,2026-06-17,32.68,,,,,,40.99,13.4,,,,1.6,,,6013.0,
071970,2026-12-31,2026-06-17,2026-06-17,33.77,,,,,,15.47,5.22,,,,,,,4867.0,
322000,2026-12-31,2026-06-17,2026-06-17,9.98,,,,,,42.97,4.29,,,,,,,3721.0,
267260,2026-12-31,2026-06-17,2026-06-17,36.11,,,,,,55.03,19.87,,,,0.63,,,20354.0,
329180,2026-12-31,2026-06-17,2026-06-17,17.64,,,,,,45.03,7.94,,,,0.8,,,15702.0,
097230,2026-12-31,2026-06-17,2026-06-17,7.69,,,,,,41.93,3.22,,,,,,,570.0,
014790,2026-12-31,2026-06-17,2026-06-17,1.92,,,,,,11.92,0.23,,,,,,,234.0,
003580,2026-12-31,2026-06-17,2026-06-17,0.0,,,,,,,1.13,,,,,,,,
204320,2026-12-31,2026-06-17,2026-06-17,3.69,,,,,,34.69,1.28,,,,1.01,,,2130.0,
060980,2026-12-31,2026-06-17,2026-06-17,1.91,,,,,,20.59,0.39,,,,4.31,,,2251.0,
011200,2026-12-31,2026-06-17,2026-06-17,6.93,,,,,,11.33,0.78,,,,3.17,,,1951.0,
035000,2026-12-31,2026-06-17,2026-06-17,8.2,,,,,,6.72,0.55,,,,7.64,,,1072.0,
002460,2026-12-31,2026-06-17,2026-06-17,6.38,,,,,,4.63,0.3,,,,5.56,,,2916.0,
487570,2026-12-31,2026-06-17,2026-06-17,3.79,,,,,,10.17,0.39,,,,1.86,,,5292.0,
298050,2026-12-31,2026-06-17,2026-06-17,0.0,,,,,,,1.13,,,,1.23,,,,
015360,2026-12-31,2026-06-17,2026-06-17,13.77,,,,,,3.79,0.52,,,,7.12,,,4003.0,
294870,2026-12-31,2026-06-17,2026-06-17,4.89,,,,,,8.24,0.4,,,,3.43,,,2476.0,
175330,2026-12-31,2026-06-17,2026-06-17,11.4,,,,,,7.53,0.86,,,,4.18,,,3619.0,
234080,2026-12-31,2026-06-17,2026-06-17,12.97,,,,,,6.24,0.81,,,,4.77,,,1847.0,
001060,2026-12-31,2026-06-17,2026-06-17,16.57,,,,,,11.01,1.82,,,,2.33,,,2534.0,
001067,2026-12-31,2026-06-17,2026-06-17,,,,,,,,,,,,1.59,,,,
001065,2026-12-31,2026-06-17,2026-06-17,,,,,,,,,,,,3.18,,,,
096760,2026-12-31,2026-06-17,2026-06-17,21.8,,,,,,4.65,1.01,,,,5.5,,,841.0,
008970,2026-12-31,2026-06-17,2026-06-17,0.0,,,,,,,1.14,,,,,,,,
105560,2026-12-31,2026-06-17,2026-06-17,9.36,,,,,,10.64,1.0,,,,2.66,,,15410.0,
002380,2026-12-31,2026-06-17,2026-06-17,19.66,,,,,,2.62,0.52,,,,2.73,,,209201.0,
344820,2026-12-31,2026-06-17,2026-06-17,0.0,,,,,,,0.28,,,,6.58,,,,
009070,2026-12-31,2026-06-17,2026-06-17,6.7,,,,,,6.59,0.44,,,,1.61,,,707.0,
009440,2026-12-31,2026-06-17,2026-06-17,0.0,,,,,,,0.17,,,,,,,,
119650,2026-12-31,2026-06-17,2026-06-17,0.0,,,,,,,1.97,,,,,,,,
092220,2026-12-31,2026-06-17,2026-06-17,0.0,,,,,,,0.5,,,,,,,,
003620,2026-12-31,2026-06-17,2026-06-17,3.16,,,,,,13.9,0.44,,,,,,,232.0,
016380,2026-12-31,2026-06-17,2026-06-17,6.56,,,,,,4.2,0.28,,,,5.13,,,1394.0,
001390,2026-12-31,2026-06-17,2026-06-17,6.89,,,,,,4.59,0.32,,,,3.19,,,1023.0,
001940,2026-12-31,2026-06-17,2026-06-17,0.0,,,,,,,0.26,,,,7.6,,,,
025000,2026-12-31,2026-06-17,2026-06-17,6.73,,,,,,4.82,0.32,,,,7.31,,,10650.0,
092230,2026-12-31,2026-06-17,2026-06-17,7.18,,,,,,4.12,0.3,,,,6.33,,,20111.0,
000040,2026-12-31,2026-06-17,2026-06-17,0.0,,,,,,,0.68,,,,,,,,
044450,2026-12-31,2026-06-17,2026-06-17,6.72,,,,,,6.21,0.42,,,,4.47,,,1619.0,
030200,2026-12-31,2026-06-17,2026-06-17,9.72,,,,,,7.77,0.76,,,,4.34,,,7119.0,
033780,2026-12-31,2026-06-17,2026-06-17,11.43,,,,,,18.32,2.09,,,,3.21,,,10220.0,
058850,2026-12-31,2026-06-17,2026-06-17,10.99,,,,,,3.92,0.43,,,,4.14,,,616.0,
058860,2026-12-31,2026-06-17,2026-06-17,15.23,,,,,,2.23,0.34,,,,5.28,,,1188.0,
093050,2026-12-31,2026-06-17,2026-06-17,5.96,,,,,,6.53,0.39,,,,2.94,,,3646.0,
003550,2026-12-31,2026-06-17,2026-06-17,2.57,,,,,,23.54,0.6,,,,2.76,,,4780.0,
034220,2026-12-31,2026-06-17,2026-06-17,3.43,,,,,,30.4,1.04,,,,,,,453.0,
051900,2026-12-31,2026-06-17,2026-06-17,0.0,,,,,,,0.74,,,,0.84,,,,
051905,2026-12-31,2026-06-17,2026-06-17,,,,,,,,,,,,1.97,,,,
064400,2026-12-31,2026-06-17,2026-06-17,15.03,,,,,,20.31,3.05,,,,2.0,,,4549.0,
373220,2026-12-31,2026-06-17,2026-06-17,0.0,,,,,,,4.82,,,,,,,,
003555,2026-12-31,2026-06-17,2026-06-17,,,,,,,,,,,,4.53,,,,
032640,2026-12-31,2026-06-17,2026-06-17,5.86,,,,,,12.78,0.75,,,,4.23,,,1221.0,
011070,2026-12-31,2026-06-17,2026-06-17,5.92,,,,,,86.54,5.12,,,,0.15,,,14421.0,
066570,2026-12-31,2026-06-17,2026-06-17,4.02,,,,,,44.0,1.77,,,,0.58,,,5330.0,
066575,2026-12-31,2026-06-17,2026-06-17,,,,,,,,,,,,1.76,,,,
037560,2026-12-31,2026-06-17,2026-06-17,0.39,,,,,,94.57,0.37,,,,,,,23.0,
051910,2026-12-31,2026-06-17,2026-06-17,0.0,,,,,,,0.86,,,,0.55,,,,
051915,2026-12-31,2026-06-17,2026-06-17,,,,,,,,,,,,1.25,,,,
079550,2026-12-31,2026-06-17,2026-06-17,17.73,,,,,,81.87,14.51,,,,0.31,,,11604.0,
006260,2026-12-31,2026-06-17,2026-06-17,5.49,,,,,,43.72,2.4,,,,0.58,,,9903.0,
010120,2026-12-31,2026-06-17,2026-06-17,13.86,,,,,,132.19,18.32,,,,0.24,,,1929.0,
000680,2026-12-31,2026-06-17,2026-06-17,0.0,,,,,,,0.28,,,,,,,,
229640,2026-12-31,2026-06-17,2026-06-17,20.11,,,,,,51.91,10.44,,,,0.35,,,1387.0,
108320,2026-12-31,2026-06-17,2026-06-17,7.34,,,,,,9.68,0.71,,,,3.05,,,5081.0,
001120,2026-12-31,2026-06-17,2026-06-17,5.12,,,,,,10.06,0.51,,,,5.04,,,3943.0,
108670,2026-12-31,2026-06-17,2026-06-17,0.0,,,,,,,0.41,,,,,,,,
108675,2026-12-31,2026-06-17,2026-06-17,,,,,,,,,,,,,,,,
383800,2026-12-31,2026-06-17,2026-06-17,6.78,,,,,,4.66,0.32,,,,3.56,,,1745.0,
38380K,2026-12-31,2026-06-17,2026-06-17,,,,,,,,,,,,3.72,,,,
023150,2026-12-31,2026-06-17,2026-06-17,0.0,,,,,,,0.46,,,,5.8,,,,
035420,2026-12-31,2026-06-17,2026-06-17,7.05,,,,,,18.72,1.32,,,,1.08,,,13009.0,
036570,2026-12-31,2026-06-17,2026-06-17,10.3,,,,,,14.91,1.54,,,,0.43,,,17876.0,
181710,2026-12-31,2026-06-17,2026-06-17,2.16,,,,,,38.03,0.82,,,,1.29,,,1023.0,
005940,2026-12-31,2026-06-17,2026-06-17,11.44,,,,,,11.22,1.28,,,,4.02,,,2882.0,
005945,2026-12-31,2026-06-17,2026-06-17,,,,,,,,,,,,5.38,,,,
034310,2026-12-31,2026-06-17,2026-06-17,4.96,,,,,,11.2,0.56,,,,4.64,,,1079.0,
030190,2026-12-31,2026-06-17,2026-06-17,16.61,,,,,,10.98,1.82,,,,3.53,,,1317.0,
008260,2026-12-31,2026-06-17,2026-06-17,7.02,,,,,,4.67,0.33,,,,3.18,,,673.0,
004250,2026-12-31,2026-06-17,2026-06-17,2.88,,,,,,9.32,0.27,,,,3.32,,,339.0,
004255,2026-12-31,2026-06-17,2026-06-17,,,,,,,,,,,,5.33,,,,
456040,2026-12-31,2026-06-17,2026-06-17,0.0,,,,,,,0.86,,,,,,,,
010060,2026-12-31,2026-06-17,2026-06-17,0.0,,,,,,,1.42,,,,0.33,,,,
178920,2026-12-31,2026-06-17,2026-06-17,8.56,,,,,,22.56,1.93,,,,1.5,,,1035.0,
001340,2026-12-31,2026-06-17,2026-06-17,4.53,,,,,,26.16,1.18,,,,0.5,,,229.0,
005490,2026-12-31,2026-06-17,2026-06-17,1.18,,,,,,44.21,0.52,,,,2.6,,,8697.0,
010950,2026-12-31,2026-06-17,2026-06-17,1.99,,,,,,72.28,1.44,,,,0.3,,,1519.0,
010955,2026-12-31,2026-06-17,2026-06-17,,,,,,,,,,,,0.62,,,,
034120,2026-12-31,2026-06-17,2026-06-17,0.62,,,,,,29.86,0.19,,,,2.55,,,433.0,
003080,2026-12-31,2026-06-17,2026-06-17,22.43,,,,,,1.29,0.29,,,,9.03,,,1759.0,
005090,2026-12-31,2026-06-17,2026-06-17,0.0,,,,,,,1.16,,,,2.31,,,,
001380,2026-12-31,2026-06-17,2026-06-17,1.83,,,,,,12.12,0.22,,,,,,,124.0,
004060,2026-12-31,2026-06-17,2026-06-17,0.3,,,,,,74.13,0.22,,,,,,,40.0,
001770,2026-12-31,2026-06-17,2026-06-17,3.55,,,,,,8.06,0.29,,,,1.53,,,1620.0,
002360,2026-12-31,2026-06-17,2026-06-17,0.0,,,,,,,0.31,,,,,,,,
009160,2026-12-31,2026-06-17,2026-06-17,3.13,,,,,,11.97,0.37,,,,6.58,,,381.0,
033530,2026-12-31,2026-06-17,2026-06-17,13.16,,,,,,2.75,0.36,,,,2.86,,,2541.0,
123700,2026-12-31,2026-06-17,2026-06-17,5.23,,,,,,4.36,0.23,,,,6.05,,,777.0,
025530,2026-12-31,2026-06-17,2026-06-17,4.86,,,,,,5.73,0.28,,,,7.02,,,621.0,
034730,2026-12-31,2026-06-17,2026-06-17,6.34,,,,,,24.41,1.55,,,,1.13,,,29000.0,
011790,2026-12-31,2026-06-17,2026-06-17,0.0,,,,,,,6.2,,,,,,,,
018670,2026-12-31,2026-06-17,2026-06-17,8.04,,,,,,8.46,0.68,,,,4.06,,,26176.0,
001740,2026-12-31,2026-06-17,2026-06-17,2.46,,,,,,46.23,1.14,,,,2.1,,,257.0,
006120,2026-12-31,2026-06-17,2026-06-17,4.39,,,,,,6.79,0.3,,,,4.23,,,6961.0,
006125,2026-12-31,2026-06-17,2026-06-17,,,,,,,,,,,,5.28,,,,
210980,2026-12-31,2026-06-17,2026-06-17,1.24,,,,,,30.6,0.38,,,,1.72,,,381.0,
302440,2026-12-31,2026-06-17,2026-06-17,0.0,,,,,,,1.8,,,,,,,,
326030,2026-12-31,2026-06-17,2026-06-17,32.84,,,,,,26.52,8.71,,,,,,,3409.0,
402340,2026-12-31,2026-06-17,2026-06-17,31.83,,,,,,23.92,7.62,,,,,,,66713.0,
361610,2026-12-31,2026-06-17,2026-06-17,0.0,,,,,,,0.61,,,,,,,,
100090,2026-12-31,2026-06-17,2026-06-17,4.79,,,,,,31.47,1.51,,,,,,,625.0,
03473K,2026-12-31,2026-06-17,2026-06-17,,,,,,,,,,,,1.85,,,,
096770,2026-12-31,2026-06-17,2026-06-17,0.0,,,,,,,0.85,,,,,,,,
096775,2026-12-31,2026-06-17,2026-06-17,,,,,,,,,,,,,,,,
475150,2026-12-31,2026-06-17,2026-06-17,11.25,,,,,,57.52,6.47,,,,,,,911.0,
001510,2026-12-31,2026-06-17,2026-06-17,4.78,,,,,,22.9,1.09,,,,,,,138.0,
001515,2026-12-31,2026-06-17,2026-06-17,,,,,,,,,,,,,,,,
285130,2026-12-31,2026-06-17,2026-06-17,1.98,,,,,,19.84,0.39,,,,2.51,,,2306.0,
28513K,2026-12-31,2026-06-17,2026-06-17,,,,,,,,,,,,5.19,,,,
017670,2026-12-31,2026-06-17,2026-06-17,3.02,,,,,,54.25,1.64,,,,1.68,,,1825.0,
000660,2026-12-31,2026-06-17,2026-06-17,36.12,,,,,,40.63,14.68,,,,0.12,,,62044.0,
003570,2026-12-31,2026-06-17,2026-06-17,7.35,,,,,,16.8,1.23,,,,3.97,,,2696.0,
064960,2026-12-31,2026-06-17,2026-06-17,6.87,,,,,,10.56,0.73,,,,5.51,,,2921.0,
100840,2026-12-31,2026-06-17,2026-06-17,23.13,,,,,,8.79,2.03,,,,3.06,,,4270.0,
036530,2026-12-31,2026-06-17,2026-06-17,9.65,,,,,,5.87,0.57,,,,5.73,,,8924.0,
000390,2026-12-31,2026-06-17,2026-06-17,2.46,,,,,,22.01,0.54,,,,5.16,,,308.0,
011810,2026-12-31,2026-06-17,2026-06-17,,,,,,,,,,,,,,,,
465770,2026-12-31,2026-06-17,2026-06-17,0.0,,,,,,,0.82,,,,,,,,
077970,2026-12-31,2026-06-17,2026-06-17,20.98,,,,,,21.05,4.42,,,,,,,1793.0,
002820,2026-12-31,2026-06-17,2026-06-17,0.0,,,,,,,0.11,,,,,,,,
002170,2026-12-31,2026-06-17,2026-06-17,5.28,,,,,,5.95,0.31,,,,4.26,,,9071.0,
084870,2026-12-31,2026-06-17,2026-06-17,1.45,,,,,,42.95,0.62,,,,2.71,,,43.0,
002710,2026-12-31,2026-06-17,2026-06-17,0.0,,,,,,,1.45,,,,0.52,,,,
069260,2026-12-31,2026-06-17,2026-06-17,6.64,,,,,,11.08,0.74,,,,5.78,,,1561.0,
007980,2026-12-31,2026-06-17,2026-06-17,13.29,,,,,,2.24,0.3,,,,4.08,,,819.0,
002900,2026-12-31,2026-06-17,2026-06-17,9.28,,,,,,6.84,0.63,,,,4.31,,,984.0,
024070,2026-12-31,2026-06-17,2026-06-17,1.53,,,,,,21.75,0.33,,,,2.61,,,88.0,
037270,2026-12-31,2026-06-17,2026-06-17,11.91,,,,,,11.12,1.32,,,,0.76,,,353.0,
139130,2026-12-31,2026-06-17,2026-06-17,6.48,,,,,,7.1,0.46,,,,3.93,,,2511.0,
000500,2026-12-31,2026-06-17,2026-06-17,10.62,,,,,,109.75,11.66,,,,0.03,,,3107.0,
000860,2026-12-31,2026-06-17,2026-06-17,0.0,,,,,,,0.28,,,,1.85,,,,
035250,2026-12-31,2026-06-17,2026-06-17,7.92,,,,,,9.89,0.78,,,,6.11,,,1572.0,
011420,2026-12-31,2026-06-17,2026-06-17,5.14,,,,,,10.59,0.54,,,,,,,135.0,
002100,2026-12-31,2026-06-17,2026-06-17,7.08,,,,,,8.98,0.64,,,,7.46,,,1044.0,
009450,2026-12-31,2026-06-17,2026-06-17,11.64,,,,,,11.76,1.37,,,,1.03,,,6206.0,
267290,2026-12-31,2026-06-17,2026-06-17,6.91,,,,,,3.59,0.25,,,,4.38,,,5576.0,
012320,2026-12-31,2026-06-17,2026-06-17,3.74,,,,,,6.05,0.23,,,,1.46,,,8482.0,
000050,2026-12-31,2026-06-17,2026-06-17,6.04,,,,,,4.66,0.28,,,,1.82,,,1888.0,
214390,2026-12-31,2026-06-17,2026-06-17,0.13,,,,,,697.5,0.92,,,,0.9,,,8.0,
012610,2026-12-31,2026-06-17,2026-06-17,2.35,,,,,,30.51,0.72,,,,1.19,,,138.0,
009140,2026-12-31,2026-06-17,2026-06-17,4.79,,,,,,9.36,0.45,,,,1.82,,,2937.0,
013580,2026-12-31,2026-06-17,2026-06-17,10.64,,,,,,1.83,0.19,,,,3.4,,,11283.0,
012200,2026-12-31,2026-06-17,2026-06-17,0.0,,,,,,,8.47,,,,,,,,
012205,2026-12-31,2026-06-17,2026-06-17,,,,,,,,,,,,,,,,
002140,2026-12-31,2026-06-17,2026-06-17,8.07,,,,,,5.13,0.41,,,,2.0,,,391.0,
010130,2026-12-31,2026-06-17,2026-06-17,7.94,,,,,,29.62,2.35,,,,1.59,,,42566.0,
002240,2026-12-31,2026-06-17,2026-06-17,0.53,,,,,,55.59,0.29,,,,1.77,,,356.0,
009290,2026-12-31,2026-06-17,2026-06-17,3.95,,,,,,11.92,0.47,,,,1.61,,,521.0,
017040,2026-12-31,2026-06-17,2026-06-17,0.0,,,,,,,6.47,,,,,,,,
017900,2026-12-31,2026-06-17,2026-06-17,1.78,,,,,,120.47,2.14,,,,0.49,,,85.0,
037710,2026-12-31,2026-06-17,2026-06-17,5.14,,,,,,6.35,0.33,,,,6.49,,,5830.0,
030610,2026-12-31,2026-06-17,2026-06-17,6.74,,,,,,8.93,0.6,,,,4.87,,,1266.0,
339770,2026-12-31,2026-06-17,2026-06-17,9.3,,,,,,11.57,1.08,,,,7.39,,,351.0,
007690,2026-12-31,2026-06-17,2026-06-17,2.53,,,,,,14.64,0.37,,,,3.5,,,2538.0,
002720,2026-12-31,2026-06-17,2026-06-17,6.06,,,,,,12.96,0.79,,,,0.83,,,280.0,
083420,2026-12-31,2026-06-17,2026-06-17,7.75,,,,,,11.78,0.91,,,,4.92,,,414.0,
014530,2026-12-31,2026-06-17,2026-06-17,0.58,,,,,,96.32,0.56,,,,6.11,,,34.0,
014280,2026-12-31,2026-06-17,2026-06-17,0.0,,,,,,,0.37,,,,2.61,,,,
014285,2026-12-31,2026-06-17,2026-06-17,,,,,,,,,,,,2.05,,,,
008870,2026-12-31,2026-06-17,2026-06-17,2.72,,,,,,15.31,0.42,,,,2.97,,,2636.0,
001570,2026-12-31,2026-06-17,2026-06-17,0.0,,,,,,,1.38,,,,,,,,
002990,2026-12-31,2026-06-17,2026-06-17,25.8,,,,,,2.39,0.62,,,,4.73,,,1765.0,
002995,2026-12-31,2026-06-17,2026-06-17,,,,,,,,,,,,2.7,,,,
011780,2026-12-31,2026-06-17,2026-06-17,4.62,,,,,,11.98,0.55,,,,1.26,,,11300.0,
011785,2026-12-31,2026-06-17,2026-06-17,,,,,,,,,,,,3.19,,,,
214330,2026-12-31,2026-06-17,2026-06-17,0.0,,,,,,,0.18,,,,,,,,
001210,2026-12-31,2026-06-17,2026-06-17,0.0,,,,,,,1.31,,,,,,,,
073240,2026-12-31,2026-06-17,2026-06-17,17.11,,,,,,4.13,0.71,,,,,,,1209.0,
092440,2026-12-31,2026-06-17,2026-06-17,1.25,,,,,,18.79,0.23,,,,4.98,,,107.0,
000270,2026-12-31,2026-06-17,2026-06-17,12.31,,,,,,8.58,1.06,,,,4.09,,,19382.0,
024110,2026-12-31,2026-06-17,2026-06-17,6.96,,,,,,7.05,0.49,,,,4.67,,,3183.0,
013700,2026-12-31,2026-06-17,2026-06-17,17.86,,,,,,3.52,0.63,,,,2.54,,,336.0,
004540,2026-12-31,2026-06-17,2026-06-17,0.0,,,,,,,0.35,,,,,,,,
004545,2026-12-31,2026-06-17,2026-06-17,,,,,,,,,,,,,,,,
001260,2026-12-31,2026-06-17,2026-06-17,4.24,,,,,,16.14,0.68,,,,,,,539.0,
008350,2026-12-31,2026-06-17,2026-06-17,1.28,,,,,,45.21,0.58,,,,,,,28.0,
008355,2026-12-31,2026-06-17,2026-06-17,,,,,,,,,,,,,,,,
004270,2026-12-31,2026-06-17,2026-06-17,0.0,,,,,,,0.21,,,,3.58,,,,
003920,2026-12-31,2026-06-17,2026-06-17,0.74,,,,,,48.48,0.36,,,,3.32,,,888.0,
003925,2026-12-31,2026-06-17,2026-06-17,,,,,,,,,,,,4.17,,,,
025860,2026-12-31,2026-06-17,2026-06-17,5.31,,,,,,10.74,0.57,,,,1.38,,,608.0,
005720,2026-12-31,2026-06-17,2026-06-17,6.54,,,,,,3.84,0.25,,,,2.59,,,1757.0,
005725,2026-12-31,2026-06-17,2026-06-17,,,,,,,,,,,,4.03,,,,
002350,2026-12-31,2026-06-17,2026-06-17,7.36,,,,,,5.03,0.37,,,,2.71,,,1469.0,
002355,2026-12-31,2026-06-17,2026-06-17,,,,,,,,,,,,5.0,,,,
092790,2026-12-31,2026-06-17,2026-06-17,7.77,,,,,,11.6,0.9,,,,7.18,,,1386.0,
251270,2026-12-31,2026-06-17,2026-06-17,4.14,,,,,,15.17,0.63,,,,2.1,,,2746.0,
090350,2026-12-31,2026-06-17,2026-06-17,3.96,,,,,,9.88,0.39,,,,5.04,,,804.0,
090355,2026-12-31,2026-06-17,2026-06-17,,,,,,,,,,,,3.6,,,,
000320,2026-12-31,2026-06-17,2026-06-17,6.45,,,,,,5.85,0.38,,,,3.32,,,3090.0,
000325,2026-12-31,2026-06-17,2026-06-17,,,,,,,,,,,,2.22,,,,
006280,2026-12-31,2026-06-17,2026-06-17,0.0,,,,,,,1.23,,,,1.14,,,,
005250,2026-12-31,2026-06-17,2026-06-17,0.0,,,,,,,0.59,,,,2.56,,,,
005257,2026-12-31,2026-06-17,2026-06-17,,,,,,,,,,,,1.46,,,,
004370,2026-12-31,2026-06-17,2026-06-17,6.05,,,,,,12.54,0.76,,,,1.63,,,29342.0,
072710,2026-12-31,2026-06-17,2026-06-17,8.67,,,,,,3.8,0.33,,,,3.19,,,24706.0,
058730,2026-12-31,2026-06-17,2026-06-17,0.0,,,,,,,0.35,,,,,,,,
030210,2026-12-31,2026-06-17,2026-06-17,6.99,,,,,,5.73,0.4,,,,6.54,,,641.0,
023590,2026-12-31,2026-06-17,2026-06-17,14.66,,,,,,3.32,0.49,,,,4.63,,,11707.0,
145210,2026-12-31,2026-06-17,2026-06-17,0.0,,,,,,,0.21,,,,,,,,
483650,2026-12-31,2026-06-17,2026-06-17,41.16,,,,,,31.16,12.83,,,,1.28,,,6594.0,
019680,2026-12-31,2026-06-17,2026-06-17,0.0,,,,,,,0.33,,,,5.43,,,,
019685,2026-12-31,2026-06-17,2026-06-17,,,,,,,,,,,,8.5,,,,
006370,2026-12-31,2026-06-17,2026-06-17,0.0,,,,,,,0.29,,,,,,,,
008060,2026-12-31,2026-06-17,2026-06-17,0.58,,,,,,207.77,1.21,,,,5.4,,,103.0,
00806K,2026-12-31,2026-06-17,2026-06-17,,,,,,,,,,,,9.12,,,,
353200,2026-12-31,2026-06-17,2026-06-17,5.3,,,,,,188.53,10.0,,,,0.29,,,924.0,
35320K,2026-12-31,2026-06-17,2026-06-17,,,,,,,,,,,,1.35,,,,
000490,2026-12-31,2026-06-17,2026-06-17,0.0,,,,,,,0.46,,,,1.22,,,,
005750,2026-12-31,2026-06-17,2026-06-17,7.95,,,,,,5.6,0.45,,,,3.96,,,812.0,
006570,2026-12-31,2026-06-17,2026-06-17,0.0,,,,,,,0.77,,,,,,,,
001680,2026-12-31,2026-06-17,2026-06-17,0.0,,,,,,,0.62,,,,4.61,,,,
001685,2026-12-31,2026-06-17,2026-06-17,,,,,,,,,,,,5.82,,,,
084690,2026-12-31,2026-06-17,2026-06-17,0.0,,,,,,,0.5,,,,3.59,,,,
084695,2026-12-31,2026-06-17,2026-06-17,,,,,,,,,,,,2.4,,,,
128820,2026-12-31,2026-06-17,2026-06-17,0.0,,,,,,,0.31,,,,7.88,,,,
117580,2026-12-31,2026-06-17,2026-06-17,7.12,,,,,,7.83,0.56,,,,3.53,,,905.0,
016710,2026-12-31,2026-06-17,2026-06-17,3.73,,,,,,6.82,0.25,,,,3.43,,,1069.0,
003540,2026-12-31,2026-06-17,2026-06-17,4.54,,,,,,12.64,0.57,,,,3.93,,,2413.0,
003547,2026-12-31,2026-06-17,2026-06-17,,,,,,,,,,,,5.96,,,,
003545,2026-12-31,2026-06-17,2026-06-17,,,,,,,,,,,,6.0,,,,
009190,2026-12-31,2026-06-17,2026-06-17,11.51,,,,,,8.78,1.01,,,,,,,206.0,
014160,2026-12-31,2026-06-17,2026-06-17,0.8,,,,,,55.73,0.45,,,,,,,15.0,
047040,2026-12-31,2026-06-17,2026-06-17,0.0,,,,,,,3.04,,,,,,,,
003090,2026-12-31,2026-06-17,2026-06-17,15.09,,,,,,4.37,0.66,,,,1.07,,,4280.0,
069620,2026-12-31,2026-06-17,2026-06-17,19.47,,,,,,7.26,1.41,,,,0.49,,,17022.0,
000430,2026-12-31,2026-06-17,2026-06-17,6.48,,,,,,8.65,0.56,,,,2.17,,,587.0,
006340,2026-12-31,2026-06-17,2026-06-17,7.4,,,,,,109.12,8.07,,,,,,,113.0,
006345,2026-12-31,2026-06-17,2026-06-17,,,,,,,,,,,,,,,,
003220,2026-12-31,2026-06-17,2026-06-17,0.0,,,,,,,0.73,,,,2.77,,,,
024890,2026-12-31,2026-06-17,2026-06-17,7.88,,,,,,7.06,0.56,,,,,,,430.0,
012800,2026-12-31,2026-06-17,2026-06-17,0.75,,,,,,47.07,0.35,,,,,,,28.0,
015230,2026-12-31,2026-06-17,2026-06-17,8.92,,,,,,5.53,0.49,,,,2.85,,,1142.0,
001070,2026-12-31,2026-06-17,2026-06-17,0.0,,,,,,,0.14,,,,,,,,
006650,2026-12-31,2026-06-17,2026-06-17,1.73,,,,,,26.67,0.46,,,,0.95,,,5134.0,
001440,2026-12-31,2026-06-17,2026-06-17,5.26,,,,,,90.84,4.77,,,,,,,453.0,
084010,2026-12-31,2026-06-17,2026-06-17,1.94,,,,,,15.05,0.29,,,,5.56,,,598.0,
001790,2026-12-31,2026-06-17,2026-06-17,0.0,,,,,,,0.47,,,,4.89,,,,
001795,2026-12-31,2026-06-17,2026-06-17,,,,,,,,,,,,5.81,,,,
001130,2026-12-31,2026-06-17,2026-06-17,0.0,,,,,,,0.19,,,,3.36,,,,
439260,2026-12-31,2026-06-17,2026-06-17,25.8,,,,,,8.87,2.29,,,,0.39,,,7314.0,
003490,2026-12-31,2026-06-17,2026-06-17,7.19,,,,,,13.5,0.97,,,,2.6,,,2133.0,
003495,2026-12-31,2026-06-17,2026-06-17,,,,,,,,,,,,3.51,,,,
005880,2026-12-31,2026-06-17,2026-06-17,8.38,,,,,,3.77,0.32,,,,,,,560.0,
003830,2026-12-31,2026-06-17,2026-06-17,1.35,,,,,,12.95,0.17,,,,0.65,,,8883.0,
016090,2026-12-31,2026-06-17,2026-06-17,3.97,,,,,,6.27,0.25,,,,5.12,,,249.0,
069460,2026-12-31,2026-06-17,2026-06-17,0.0,,,,,,,0.56,,,,,,,,
475560,2026-12-31,2026-06-17,2026-06-17,0.0,,,,,,,0.96,,,,3.12,,,,
192080,2026-12-31,2026-06-17,2026-06-17,10.81,,,,,,10.36,1.12,,,,1.74,,,6651.0,
012510,2026-12-31,2026-06-17,2026-06-17,14.69,,,,,,38.66,5.68,,,,0.53,,,3104.0,
004830,2026-12-31,2026-06-17,2026-06-17,5.63,,,,,,10.35,0.58,,,,3.1,,,359.0,
004835,2026-12-31,2026-06-17,2026-06-17,,,,,,,,,,,,2.35,,,,
145720,2026-12-31,2026-06-17,2026-06-17,2.92,,,,,,24.2,0.71,,,,1.3,,,1903.0,
002150,2026-12-31,2026-06-17,2026-06-17,2.89,,,,,,25.0,0.72,,,,5.45,,,220.0,
460850,2026-12-31,2026-06-17,2026-06-17,0.0,,,,,,,0.16,,,,5.58,,,,
460860,2026-12-31,2026-06-17,2026-06-17,0.44,,,,,,60.78,0.27,,,,3.96,,,166.0,
001230,2026-12-31,2026-06-17,2026-06-17,0.89,,,,,,20.29,0.18,,,,0.48,,,103.0,
023450,2026-12-31,2026-06-17,2026-06-17,12.63,,,,,,14.17,1.79,,,,3.19,,,2046.0,
004140,2026-12-31,2026-06-17,2026-06-17,9.79,,,,,,5.74,0.56,,,,1.45,,,360.0,
007590,2026-12-31,2026-06-17,2026-06-17,5.71,,,,,,7.43,0.42,,,,5.48,,,786.0,
005960,2026-12-31,2026-06-17,2026-06-17,9.31,,,,,,2.93,0.27,,,,4.55,,,2251.0,
005965,2026-12-31,2026-06-17,2026-06-17,,,,,,,,,,,,2.04,,,,
026960,2026-12-31,2026-06-17,2026-06-17,8.41,,,,,,17.23,1.45,,,,4.51,,,1468.0,
002210,2026-12-31,2026-06-17,2026-06-17,0.0,,,,,,,1.02,,,,,,,,
102260,2026-12-31,2026-06-17,2026-06-17,7.31,,,,,,5.88,0.43,,,,3.81,,,670.0,
000640,2026-12-31,2026-06-17,2026-06-17,8.0,,,,,,6.13,0.49,,,,2.02,,,13723.0,
170900,2026-12-31,2026-06-17,2026-06-17,0.0,,,,,,,0.56,,,,1.88,,,,
028100,2026-12-31,2026-06-17,2026-06-17,7.83,,,,,,11.56,0.9,,,,3.57,,,1453.0,
001520,2026-12-31,2026-06-17,2026-06-17,2.75,,,,,,5.58,0.15,,,,,,,105.0,
001527,2026-12-31,2026-06-17,2026-06-17,,,,,,,,,,,,,,,,
084670,2026-12-31,2026-06-17,2026-06-17,5.43,,,,,,31.21,1.7,,,,,,,1136.0,
082640,2026-12-31,2026-06-17,2026-06-17,8.04,,,,,,10.03,0.81,,,,,,,798.0,
001525,2026-12-31,2026-06-17,2026-06-17,,,,,,,,,,,,,,,,
018500,2026-12-31,2026-06-17,2026-06-17,15.93,,,,,,3.63,0.58,,,,3.04,,,453.0,
006040,2026-12-31,2026-06-17,2026-06-17,11.0,,,,,,3.86,0.42,,,,3.39,,,8793.0,
030720,2026-12-31,2026-06-17,2026-06-17,13.74,,,,,,3.61,0.5,,,,,,,1664.0,
014820,2026-12-31,2026-06-17,2026-06-17,6.22,,,,,,11.7,0.73,,,,4.2,,,1834.0,
014825,2026-12-31,2026-06-17,2026-06-17,,,,,,,,,,,,6.91,,,,
111380,2026-12-31,2026-06-17,2026-06-17,7.66,,,,,,6.64,0.51,,,,5.21,,,1967.0,
163560,2026-12-31,2026-06-17,2026-06-17,4.49,,,,,,8.5,0.38,,,,2.3,,,767.0,
004890,2026-12-31,2026-06-17,2026-06-17,0.0,,,,,,,0.19,,,,2.75,,,,
002690,2026-12-31,2026-06-17,2026-06-17,0.89,,,,,,20.58,0.18,,,,,,,69.0,
000020,2026-12-31,2026-06-17,2026-06-17,2.29,,,,,,17.03,0.39,,,,1.22,,,313.0,
000150,2026-12-31,2026-06-17,2026-06-17,4.84,,,,,,383.92,18.58,,,,0.25,,,4230.0,
000157,2026-12-31,2026-06-17,2026-06-17,,,,,,,,,,,,0.91,,,,
454910,2026-12-31,2026-06-17,2026-06-17,0.0,,,,,,,19.75,,,,,,,,
241560,2026-12-31,2026-06-17,2026-06-17,5.58,,,,,,15.73,0.88,,,,2.58,,,4196.0,
034020,2026-12-31,2026-06-17,2026-06-17,1.09,,,,,,781.82,8.49,,,,,,,132.0,
000155,2026-12-31,2026-06-17,2026-06-17,,,,,,,,,,,,0.73,,,,
336260,2026-12-31,2026-06-17,2026-06-17,0.0,,,,,,,17.03,,,,,,,,
33626K,2026-12-31,2026-06-17,2026-06-17,,,,,,,,,,,,,,,,
33626L,2026-12-31,2026-06-17,2026-06-17,,,,,,,,,,,,,,,,
016740,2026-12-31,2026-06-17,2026-06-17,10.21,,,,,,4.4,0.45,,,,2.75,,,994.0,
192650,2026-12-31,2026-06-17,2026-06-17,0.02,,,,,,5800.0,1.03,,,,3.9,,,1.0,
024090,2026-12-31,2026-06-17,2026-06-17,4.47,,,,,,8.09,0.36,,,,7.41,,,1369.0,
003160,2026-12-31,2026-06-17,2026-06-17,3.12,,,,,,149.49,4.66,,,,0.85,,,196.0,
092200,2026-12-31,2026-06-17,2026-06-17,0.0,,,,,,,2.08,,,,,,,,
013570,2026-12-31,2026-06-17,2026-06-17,3.58,,,,,,7.23,0.26,,,,4.13,,,570.0,
024900,2026-12-31,2026-06-17,2026-06-17,1.03,,,,,,51.58,0.53,,,,3.06,,,38.0,
002880,2026-12-31,2026-06-17,2026-06-17,0.0,,,,,,,0.83,,,,,,,,
210540,2026-12-31,2026-06-17,2026-06-17,8.04,,,,,,5.39,0.43,,,,4.07,,,2278.0,
032350,2026-12-31,2026-06-17,2026-06-17,7.61,,,,,,49.94,3.8,,,,,,,356.0,
089860,2026-12-31,2026-06-17,2026-06-17,8.15,,,,,,8.89,0.72,,,,3.84,,,3514.0,
000400,2026-12-31,2026-06-17,2026-06-17,7.96,,,,,,12.41,0.99,,,,,,,158.0,
023530,2026-12-31,2026-06-17,2026-06-17,0.34,,,,,,111.57,0.38,,,,1.97,,,1824.0,
020150,2026-12-31,2026-06-17,2026-06-17,0.0,,,,,,,1.75,,,,,,,,
280360,2026-12-31,2026-06-17,2026-06-17,3.3,,,,,,12.83,0.42,,,,3.15,,,8176.0,
286940,2026-12-31,2026-06-17,2026-06-17,2.33,,,,,,30.44,0.71,,,,3.5,,,657.0,
004000,2026-12-31,2026-06-17,2026-06-17,4.36,,,,,,12.1,0.53,,,,2.98,,,4165.0,
004990,2026-12-31,2026-06-17,2026-06-17,0.0,,,,,,,0.34,,,,4.63,,,,
00499K,2026-12-31,2026-06-17,2026-06-17,,,,,,,,,,,,5.14,,,,
005300,2026-12-31,2026-06-17,2026-06-17,3.1,,,,,,22.57,0.7,,,,3.21,,,4697.0,
005305,2026-12-31,2026-06-17,2026-06-17,,,,,,,,,,,,4.66,,,,
011170,2026-12-31,2026-06-17,2026-06-17,0.0,,,,,,,0.27,,,,1.22,,,,
071840,2026-12-31,2026-06-17,2026-06-17,0.0,,,,,,,0.17,,,,4.44,,,,
027740,2026-12-31,2026-06-17,2026-06-17,0.0,,,,,,,1.05,,,,,,,,
001080,2026-12-31,2026-06-17,2026-06-17,0.0,,,,,,,0.78,,,,,,,,
138040,2026-12-31,2026-06-17,2026-06-17,21.05,,,,,,8.86,1.87,,,,,,,12903.0,
090370,2026-12-31,2026-06-17,2026-06-17,0.0,,,,,,,0.42,,,,,,,,
118000,2026-12-31,2026-06-17,2026-06-17,0.43,,,,,,49.67,0.21,,,,,,,30.0,
017180,2026-12-31,2026-06-17,2026-06-17,1.93,,,,,,23.16,0.45,,,,,,,57.0,
009900,2026-12-31,2026-06-17,2026-06-17,9.04,,,,,,6.74,0.61,,,,1.14,,,1302.0,
317450,2026-12-31,2026-06-17,2026-06-17,12.35,,,,,,6.75,0.83,,,,3.31,,,6718.0,
012690,2026-12-31,2026-06-17,2026-06-17,1.71,,,,,,42.27,0.72,,,,2.89,,,41.0,
005360,2026-12-31,2026-06-17,2026-06-17,0.0,,,,,,,0.32,,,,2.17,,,,
070960,2026-12-31,2026-06-17,2026-06-17,0.0,,,,,,,0.35,,,,,,,,
009680,2026-12-31,2026-06-17,2026-06-17,5.59,,,,,,8.16,0.46,,,,7.76,,,1248.0,
009580,2026-12-31,2026-06-17,2026-06-17,0.0,,,,,,,0.19,,,,6.79,,,,
009200,2026-12-31,2026-06-17,2026-06-17,0.0,,,,,,,0.15,,,,7.93,,,,
033920,2026-12-31,2026-06-17,2026-06-17,8.35,,,,,,4.13,0.34,,,,7.22,,,1898.0,
008420,2026-12-31,2026-06-17,2026-06-17,3.3,,,,,,7.26,0.24,,,,2.19,,,314.0,
025560,2026-12-31,2026-06-17,2026-06-17,8.73,,,,,,18.45,1.61,,,,,,,2396.0,
007120,2026-12-31,2026-06-17,2026-06-17,0.0,,,,,,,0.72,,,,,,,,
085620,2026-12-31,2026-06-17,2026-06-17,5.34,,,,,,30.54,1.63,,,,,,,1002.0,
006800,2026-12-31,2026-06-17,2026-06-17,11.71,,,,,,18.89,2.21,,,,0.6,,,2668.0,
00680K,2026-12-31,2026-06-17,2026-06-17,,,,,,,,,,,,2.2,,,,
006805,2026-12-31,2026-06-17,2026-06-17,,,,,,,,,,,,2.22,,,,
081660,2026-12-31,2026-06-17,2026-06-17,11.16,,,,,,9.92,1.11,,,,4.91,,,4061.0,
002840,2026-12-31,2026-06-17,2026-06-17,10.3,,,,,,12.95,1.33,,,,1.96,,,9449.0,
268280,2026-12-31,2026-06-17,2026-06-17,13.62,,,,,,8.01,1.09,,,,3.16,,,12662.0,
107590,2026-12-31,2026-06-17,2026-06-17,9.04,,,,,,4.95,0.45,,,,1.25,,,11302.0,
134380,2026-12-31,2026-06-17,2026-06-17,13.88,,,,,,8.25,1.15,,,,4.42,,,1235.0,
003650,2026-12-31,2026-06-17,2026-06-17,14.36,,,,,,2.76,0.4,,,,2.78,,,45517.0,
377740,2026-12-31,2026-06-17,2026-06-17,0.0,,,,,,,0.32,,,,4.8,,,,
003610,2026-12-31,2026-06-17,2026-06-17,3.61,,,,,,25.0,0.9,,,,1.35,,,208.0,
035150,2026-12-31,2026-06-17,2026-06-17,12.49,,,,,,6.74,0.84,,,,4.23,,,1581.0,
002410,2026-12-31,2026-06-17,2026-06-17,,,,,,,,,,,,,,,,
007210,2026-12-31,2026-06-17,2026-06-17,7.53,,,,,,4.07,0.31,,,,1.81,,,407.0,
002760,2026-12-31,2026-06-17,2026-06-17,4.79,,,,,,24.18,1.16,,,,0.74,,,39.0,
003850,2026-12-31,2026-06-17,2026-06-17,7.65,,,,,,12.44,0.95,,,,1.68,,,766.0,
000890,2026-12-31,2026-06-17,2026-06-17,3.82,,,,,,11.38,0.43,,,,,,,125.0,
003000,2026-12-31,2026-06-17,2026-06-17,4.4,,,,,,30.36,1.34,,,,2.71,,,152.0,
001270,2026-12-31,2026-06-17,2026-06-17,5.46,,,,,,12.51,0.68,,,,3.76,,,5109.0,
001275,2026-12-31,2026-06-17,2026-06-17,,,,,,,,,,,,7.67,,,,
026940,2026-12-31,2026-06-17,2026-06-17,1.59,,,,,,21.74,0.35,,,,3.38,,,109.0,
011390,2026-12-31,2026-06-17,2026-06-17,0.0,,,,,,,0.44,,,,0.48,,,,
005030,2026-12-31,2026-06-17,2026-06-17,8.98,,,,,,22.09,1.98,,,,,,,22.0,
006740,2026-12-31,2026-06-17,2026-06-17,0.0,,,,,,,0.31,,,,,,,,
002070,2026-12-31,2026-06-17,2026-06-17,0.0,,,,,,,0.13,,,,,,,,
100220,2026-12-31,2026-06-17,2026-06-17,10.66,,,,,,3.05,0.33,,,,4.15,,,1738.0,
090460,2026-12-31,2026-06-17,2026-06-17,4.3,,,,,,29.11,1.25,,,,0.87,,,991.0,
005180,2026-12-31,2026-06-17,2026-06-17,7.47,,,,,,10.93,0.82,,,,4.8,,,6284.0,
003960,2026-12-31,2026-06-17,2026-06-17,0.0,,,,,,,0.37,,,,0.92,,,,
008040,2026-12-31,2026-06-17,2026-06-17,0.0,,,,,,,1.01,,,,,,,,
007160,2026-12-31,2026-06-17,2026-06-17,0.0,,,,,,,0.41,,,,0.46,,,,
014710,2026-12-31,2026-06-17,2026-06-17,0.0,,,,,,,0.61,,,,0.68,,,,
006090,2026-12-31,2026-06-17,2026-06-17,4.28,,,,,,7.2,0.31,,,,1.24,,,1123.0,
062040,2026-12-31,2026-06-17,2026-06-17,25.43,,,,,,51.21,13.03,,,,0.5,,,4901.0,
005610,2026-12-31,2026-06-17,2026-06-17,2.92,,,,,,23.64,0.69,,,,2.44,,,1732.0,
001470,2026-12-31,2026-06-17,2026-06-17,,,,,,,,,,,,,,,,
028050,2026-12-31,2026-06-17,2026-06-17,13.02,,,,,,16.67,2.17,,,,1.5,,,3150.0,
006400,2026-12-31,2026-06-17,2026-06-17,0.0,,,,,,,2.02,,,,,,,,
006405,2026-12-31,2026-06-17,2026-06-17,,,,,,,,,,,,,,,,
006660,2026-12-31,2026-06-17,2026-06-17,2.51,,,,,,12.95,0.33,,,,0.68,,,905.0,
028260,2026-12-31,2026-06-17,2026-06-17,4.89,,,,,,32.87,1.61,,,,0.57,,,14905.0,
02826K,2026-12-31,2026-06-17,2026-06-17,,,,,,,,,,,,1.15,,,,
207940,2026-12-31,2026-06-17,2026-06-17,16.52,,,,,,51.45,8.5,,,,,,,26628.0,
032830,2026-12-31,2026-06-17,2026-06-17,3.67,,,,,,34.86,1.28,,,,1.19,,,12824.0,
018260,2026-12-31,2026-06-17,2026-06-17,7.66,,,,,,23.68,1.81,,,,1.37,,,9819.0,
0126Z0,2026-12-31,2026-06-17,2026-06-17,0.0,,,,,,,1.95,,,,,,,,
009150,2026-12-31,2026-06-17,2026-06-17,7.4,,,,,,217.44,16.09,,,,0.12,,,9345.0,
009155,2026-12-31,2026-06-17,2026-06-17,,,,,,,,,,,,0.39,,,,
005930,2026-12-31,2026-06-17,2026-06-17,10.32,,,,,,52.46,5.41,,,,0.48,,,6605.0,
005935,2026-12-31,2026-06-17,2026-06-17,,,,,,,,,,,,0.74,,,,
001360,2026-12-31,2026-06-17,2026-06-17,9.56,,,,,,12.41,1.19,,,,,,,123.0,
010140,2026-12-31,2026-06-17,2026-06-17,13.16,,,,,,45.31,5.96,,,,,,,639.0,
016360,2026-12-31,2026-06-17,2026-06-17,12.48,,,,,,10.99,1.37,,,,3.23,,,11279.0,
068290,2026-12-31,2026-06-17,2026-06-17,2.47,,,,,,16.42,0.41,,,,3.01,,,405.0,
029780,2026-12-31,2026-06-17,2026-06-17,7.29,,,,,,8.2,0.6,,,,5.64,,,6053.0,
000810,2026-12-31,2026-06-17,2026-06-17,9.49,,,,,,14.3,1.36,,,,2.87,,,47478.0,
000815,2026-12-31,2026-06-17,2026-06-17,,,,,,,,,,,,4.68,,,,
006110,2026-12-31,2026-06-17,2026-06-17,0.0,,,,,,,3.78,,,,0.04,,,,
0120G0,2026-12-31,2026-06-17,2026-06-17,0.95,,,,,,181.06,1.73,,,,,,,301.0,
145990,2026-12-31,2026-06-17,2026-06-17,0.0,,,,,,,0.27,,,,4.02,,,,
145995,2026-12-31,2026-06-17,2026-06-17,,,,,,,,,,,,5.63,,,,
003230,2026-12-31,2026-06-17,2026-06-17,31.3,,,,,,21.95,6.87,,,,0.42,,,52156.0,
272550,2026-12-31,2026-06-17,2026-06-17,4.51,,,,,,7.94,0.36,,,,5.45,,,1156.0,
000070,2026-12-31,2026-06-17,2026-06-17,0.0,,,,,,,0.22,,,,6.13,,,,
003720,2026-12-31,2026-06-17,2026-06-17,15.41,,,,,,21.53,3.32,,,,0.35,,,400.0,
002810,2026-12-31,2026-06-17,2026-06-17,9.71,,,,,,6.23,0.6,,,,5.71,,,3325.0,
005680,2026-12-31,2026-06-17,2026-06-17,0.95,,,,,,51.6,0.49,,,,2.16,,,269.0,
023000,2026-12-31,2026-06-17,2026-06-17,4.13,,,,,,8.25,0.34,,,,4.95,,,269.0,
004380,2026-12-31,2026-06-17,2026-06-17,0.0,,,,,,,1.24,,,,0.53,,,,
002450,2026-12-31,2026-06-17,2026-06-17,6.27,,,,,,5.5,0.35,,,,3.92,,,232.0,
004440,2026-12-31,2026-06-17,2026-06-17,0.56,,,,,,41.88,0.23,,,,,,,117.0,
000520,2026-12-31,2026-06-17,2026-06-17,0.0,,,,,,,1.14,,,,,,,,
009770,2026-12-31,2026-06-17,2026-06-17,10.94,,,,,,2.07,0.23,,,,3.85,,,12556.0,
005500,2026-12-31,2026-06-17,2026-06-17,8.56,,,,,,9.75,0.83,,,,4.18,,,1963.0,
004690,2026-12-31,2026-06-17,2026-06-17,6.63,,,,,,3.8,0.25,,,,2.42,,,32566.0,
010960,2026-12-31,2026-06-17,2026-06-17,7.9,,,,,,3.89,0.31,,,,6.13,,,838.0,
004450,2026-12-31,2026-06-17,2026-06-17,3.79,,,,,,10.64,0.4,,,,4.81,,,2345.0,
009470,2026-12-31,2026-06-17,2026-06-17,10.04,,,,,,23.13,2.32,,,,1.82,,,1427.0,
011230,2026-12-31,2026-06-17,2026-06-17,0.0,,,,,,,2.69,,,,,,,,
001820,2026-12-31,2026-06-17,2026-06-17,4.57,,,,,,124.0,5.67,,,,0.33,,,1221.0,
001290,2026-12-31,2026-06-17,2026-06-17,0.0,,,,,,,0.51,,,,,,,,
041650,2026-12-31,2026-06-17,2026-06-17,0.0,,,,,,,0.21,,,,2.14,,,,
075180,2026-12-31,2026-06-17,2026-06-17,0.0,,,,,,,0.23,,,,4.84,,,,
007540,2026-12-31,2026-06-17,2026-06-17,4.51,,,,,,8.9,0.4,,,,0.47,,,4834.0,
248170,2026-12-31,2026-06-17,2026-06-17,7.52,,,,,,5.27,0.4,,,,0.87,,,4368.0,
007860,2026-12-31,2026-06-17,2026-06-17,6.37,,,,,,3.51,0.22,,,,2.76,,,2575.0,
200880,2026-12-31,2026-06-17,2026-06-17,5.12,,,,,,5.82,0.3,,,,1.93,,,2220.0,
017390,2026-12-31,2026-06-17,2026-06-17,2.77,,,,,,7.26,0.2,,,,4.82,,,7866.0,
031210,2026-12-31,2026-06-17,2026-06-17,5.17,,,,,,11.64,0.6,,,,6.4,,,3844.0,
004410,2026-12-31,2026-06-17,2026-06-17,0.0,,,,,,,1.59,,,,,,,,
004415,2026-12-31,2026-06-17,2026-06-17,,,,,,,,,,,,,,,,
021050,2026-12-31,2026-06-17,2026-06-17,0.0,,,,,,,0.4,,,,,,,,
008490,2026-12-31,2026-06-17,2026-06-17,8.91,,,,,,4.9,0.44,,,,2.61,,,3911.0,
007610,2026-12-31,2026-06-17,2026-06-17,14.82,,,,,,18.91,2.8,,,,,,,312.0,
136490,2026-12-31,2026-06-17,2026-06-17,21.13,,,,,,1.93,0.41,,,,2.08,,,5002.0,
014910,2026-12-31,2026-06-17,2026-06-17,4.69,,,,,,26.72,1.25,,,,0.19,,,96.0,
014915,2026-12-31,2026-06-17,2026-06-17,,,,,,,,,,,,0.2,,,,
004980,2026-12-31,2026-06-17,2026-06-17,4.42,,,,,,8.55,0.38,,,,3.92,,,1044.0,
004985,2026-12-31,2026-06-17,2026-06-17,,,,,,,,,,,,3.89,,,,
000180,2026-12-31,2026-06-17,2026-06-17,0.0,,,,,,,0.11,,,,,,,,
002420,2026-12-31,2026-06-17,2026-06-17,0.0,,,,,,,1.34,,,,,,,,
004360,2026-12-31,2026-06-17,2026-06-17,5.49,,,,,,4.51,0.25,,,,2.21,,,3011.0,
004365,2026-12-31,2026-06-17,2026-06-17,,,,,,,,,,,,3.06,,,,
004490,2026-12-31,2026-06-17,2026-06-17,8.75,,,,,,5.98,0.52,,,,4.16,,,10646.0,
001430,2026-12-31,2026-06-17,2026-06-17,2.89,,,,,,29.51,0.85,,,,2.59,,,1567.0,
306200,2026-12-31,2026-06-17,2026-06-17,2.67,,,,,,13.63,0.36,,,,3.77,,,10714.0,
003030,2026-12-31,2026-06-17,2026-06-17,3.07,,,,,,9.07,0.28,,,,1.27,,,15656.0,
058650,2026-12-31,2026-06-17,2026-06-17,2.91,,,,,,7.83,0.23,,,,3.31,,,16587.0,
013000,2026-12-31,2026-06-17,2026-06-17,6.82,,,,,,10.35,0.71,,,,,,,130.0,
021820,2026-12-31,2026-06-17,2026-06-17,7.3,,,,,,2.6,0.19,,,,1.65,,,4646.0,
067830,2026-12-31,2026-06-17,2026-06-17,1.57,,,,,,12.2,0.19,,,,1.2,,,205.0,
075580,2026-12-31,2026-06-17,2026-06-17,22.17,,,,,,18.41,4.08,,,,1.37,,,891.0,
068270,2026-12-31,2026-06-17,2026-06-17,5.93,,,,,,39.24,2.33,,,,0.43,,,4449.0,
336370,2026-12-31,2026-06-17,2026-06-17,0.0,,,,,,,1.47,,,,0.09,,,,
33637K,2026-12-31,2026-06-17,2026-06-17,,,,,,,,,,,,0.58,,,,
33637L,2026-12-31,2026-06-17,2026-06-17,,,,,,,,,,,,0.4,,,,
248070,2026-12-31,2026-06-17,2026-06-17,2.81,,,,,,66.65,1.87,,,,0.4,,,281.0,
004430,2026-12-31,2026-06-17,2026-06-17,0.31,,,,,,108.04,0.33,,,,2.86,,,97.0,
017550,2026-12-31,2026-06-17,2026-06-17,7.94,,,,,,10.04,0.8,,,,0.39,,,254.0,
126720,2026-12-31,2026-06-17,2026-06-17,8.89,,,,,,7.11,0.63,,,,3.64,,,3475.0,
053210,2026-12-31,2026-06-17,2026-06-17,1.28,,,,,,30.51,0.39,,,,7.8,,,147.0,
026890,2026-12-31,2026-06-17,2026-06-17,5.91,,,,,,17.05,1.01,,,,,,,417.0,
134790,2026-12-31,2026-06-17,2026-06-17,0.0,,,,,,,0.51,,,,,,,,
462870,2026-12-31,2026-06-17,2026-06-17,20.73,,,,,,9.76,2.02,,,,,,,3293.0,
016590,2026-12-31,2026-06-17,2026-06-17,3.78,,,,,,13.68,0.52,,,,2.14,,,770.0,
029530,2026-12-31,2026-06-17,2026-06-17,1.87,,,,,,18.63,0.35,,,,2.3,,,2330.0,
004970,2026-12-31,2026-06-17,2026-06-17,0.77,,,,,,30.99,0.24,,,,5.49,,,294.0,
011930,2026-12-31,2026-06-17,2026-06-17,0.0,,,,,,,1.91,,,,,,,,
004170,2026-12-31,2026-06-17,2026-06-17,0.31,,,,,,473.58,1.48,,,,0.69,,,1590.0,
035510,2026-12-31,2026-06-17,2026-06-17,6.54,,,,,,7.13,0.47,,,,3.64,,,2156.0,
031430,2026-12-31,2026-06-17,2026-06-17,0.51,,,,,,125.12,0.64,,,,2.6,,,123.0,
031440,2026-12-31,2026-06-17,2026-06-17,20.3,,,,,,2.2,0.45,,,,2.04,,,20097.0,
006880,2026-12-31,2026-06-17,2026-06-17,3.38,,,,,,15.88,0.54,,,,2.24,,,337.0,
005800,2026-12-31,2026-06-17,2026-06-17,1.61,,,,,,19.45,0.31,,,,1.29,,,697.0,
001720,2026-12-31,2026-06-17,2026-06-17,5.98,,,,,,14.14,0.84,,,,2.6,,,13618.0,
009270,2026-12-31,2026-06-17,2026-06-17,0.0,,,,,,,0.45,,,,4.34,,,,
002700,2026-12-31,2026-06-17,2026-06-17,5.0,,,,,,20.82,1.04,,,,1.57,,,61.0,
002870,2026-12-31,2026-06-17,2026-06-17,2.71,,,,,,12.85,0.35,,,,,,,72.0,
019170,2026-12-31,2026-06-17,2026-06-17,3.27,,,,,,54.42,1.78,,,,,,,172.0,
019175,2026-12-31,2026-06-17,2026-06-17,,,,,,,,,,,,,,,,
055550,2026-12-31,2026-06-17,2026-06-17,8.08,,,,,,10.51,0.85,,,,2.51,,,9812.0,
004080,2026-12-31,2026-06-17,2026-06-17,2.53,,,,,,44.37,1.12,,,,2.39,,,311.0,
004770,2026-12-31,2026-06-17,2026-06-17,4.23,,,,,,16.73,0.71,,,,2.07,,,101.0,
403550,2026-12-31,2026-06-17,2026-06-17,0.0,,,,,,,2.35,,,,0.78,,,,
004920,2026-12-31,2026-06-17,2026-06-17,20.67,,,,,,3.63,0.75,,,,,,,290.0,
112610,2026-12-31,2026-06-17,2026-06-17,3.01,,,,,,59.62,1.79,,,,2.0,,,837.0,
480370,2026-12-31,2026-06-17,2026-06-17,0.0,,,,,,,0.78,,,,,,,,
308170,2026-12-31,2026-06-17,2026-06-17,0.0,,,,,,,0.35,,,,,,,,
008700,2026-12-31,2026-06-17,2026-06-17,4.09,,,,,,18.17,0.74,,,,,,,71.0,
090430,2026-12-31,2026-06-17,2026-06-17,4.32,,,,,,32.17,1.39,,,,1.13,,,3416.0,
090435,2026-12-31,2026-06-17,2026-06-17,,,,,,,,,,,,3.48,,,,
002790,2026-12-31,2026-06-17,2026-06-17,3.51,,,,,,17.63,0.62,,,,1.67,,,1361.0,
00279K,2026-12-31,2026-06-17,2026-06-17,,,,,,,,,,,,3.26,,,,
002795,2026-12-31,2026-06-17,2026-06-17,,,,,,,,,,,,3.88,,,,
002030,2026-12-31,2026-06-17,2026-06-17,2.59,,,,,,10.39,0.27,,,,2.88,,,18725.0,
183190,2026-12-31,2026-06-17,2026-06-17,1.54,,,,,,22.07,0.34,,,,2.45,,,463.0,
002310,2026-12-31,2026-06-17,2026-06-17,3.44,,,,,,10.99,0.38,,,,3.0,,,758.0,
012170,2026-12-31,2026-06-17,2026-06-17,0.0,,,,,,,1.6,,,,,,,,
267850,2026-12-31,2026-06-17,2026-06-17,7.25,,,,,,8.46,0.61,,,,5.19,,,1138.0,
020560,2026-12-31,2026-06-17,2026-06-17,0.0,,,,,,,2.14,,,,,,,,
122900,2026-12-31,2026-06-17,2026-06-17,5.66,,,,,,11.64,0.66,,,,5.81,,,666.0,
010780,2026-12-31,2026-06-17,2026-06-17,0.0,,,,,,,0.6,,,,1.98,,,,
031820,2026-12-31,2026-06-17,2026-06-17,23.04,,,,,,1.36,0.31,,,,,,,4360.0,
139990,2026-12-31,2026-06-17,2026-06-17,0.0,,,,,,,0.64,,,,,,,,
009320,2026-12-31,2026-06-17,2026-06-17,13.02,,,,,,10.91,1.42,,,,,,,88.0,
001780,2026-12-31,2026-06-17,2026-06-17,4.75,,,,,,13.0,0.62,,,,,,,160.0,
018250,2026-12-31,2026-06-17,2026-06-17,3.81,,,,,,20.28,0.77,,,,1.63,,,604.0,
161000,2026-12-31,2026-06-17,2026-06-17,0.0,,,,,,,0.73,,,,1.29,,,,
011090,2026-12-31,2026-06-17,2026-06-17,0.0,,,,,,,0.49,,,,,,,,
137310,2026-12-31,2026-06-17,2026-06-17,0.0,,,,,,,0.37,,,,2.77,,,,
005850,2026-12-31,2026-06-17,2026-06-17,12.18,,,,,,10.83,1.32,,,,3.79,,,6749.0,
010580,2026-12-31,2026-06-17,2026-06-17,2.38,,,,,,129.07,3.07,,,,,,,15.0,
012750,2026-12-31,2026-06-17,2026-06-17,10.17,,,,,,13.97,1.42,,,,4.34,,,5281.0,
023960,2026-12-31,2026-06-17,2026-06-17,0.0,,,,,,,0.88,,,,,,,,
298690,2026-12-31,2026-06-17,2026-06-17,0.0,,,,,,,1.27,,,,,,,,
078520,2026-12-31,2026-06-17,2026-06-17,15.88,,,,,,19.84,3.15,,,,4.02,,,548.0,
015260,2026-12-31,2026-06-17,2026-06-17,0.0,,,,,,,1.32,,,,,,,,
007460,2026-12-31,2026-06-17,2026-06-17,0.0,,,,,,,0.4,,,,,,,,
003060,2026-12-31,2026-06-17,2026-06-17,0.0,,,,,,,0.15,,,,,,,,
244920,2026-12-31,2026-06-17,2026-06-17,13.04,,,,,,10.93,1.43,,,,2.8,,,979.0,
278470,2026-12-31,2026-06-17,2026-06-17,65.2,,,,,,52.61,34.3,,,,1.25,,,7765.0,
450080,2026-12-31,2026-06-17,2026-06-17,2.28,,,,,,164.35,3.75,,,,,,,345.0,
019490,2026-12-31,2026-06-17,2026-06-17,0.0,,,,,,,3.34,,,,,,,,
085310,2026-12-31,2026-06-17,2026-06-17,0.0,,,,,,,0.44,,,,0.98,,,,
066970,2026-12-31,2026-06-17,2026-06-17,0.0,,,,,,,8.04,,,,,,,,
097520,2026-12-31,2026-06-17,2026-06-17,13.22,,,,,,6.85,0.91,,,,4.64,,,3145.0,
484870,2026-12-31,2026-06-17,2026-06-17,23.41,,,,,,18.86,4.41,,,,2.65,,,4980.0,
014440,2026-12-31,2026-06-17,2026-06-17,8.8,,,,,,5.3,0.47,,,,7.65,,,863.0,
111770,2026-12-31,2026-06-17,2026-06-17,12.02,,,,,,6.9,0.83,,,,2.63,,,11558.0,
009970,2026-12-31,2026-06-17,2026-06-17,12.19,,,,,,5.83,0.71,,,,3.56,,,31684.0,
003520,2026-12-31,2026-06-17,2026-06-17,0.0,,,,,,,2.57,,,,,,,,
000670,2026-12-31,2026-06-17,2026-06-17,0.0,,,,,,,0.25,,,,0.01,,,,
012280,2026-12-31,2026-06-17,2026-06-17,14.88,,,,,,3.45,0.51,,,,4.14,,,245.0,
012160,2026-12-31,2026-06-17,2026-06-17,0.0,,,,,,,0.19,,,,,,,,
007310,2026-12-31,2026-06-17,2026-06-17,3.36,,,,,,16.32,0.55,,,,2.72,,,20279.0,
002630,2026-12-31,2026-06-17,2026-06-17,0.0,,,,,,,0.78,,,,,,,,
271560,2026-12-31,2026-06-17,2026-06-17,10.05,,,,,,13.95,1.4,,,,2.59,,,9682.0,
001800,2026-12-31,2026-06-17,2026-06-17,4.91,,,,,,13.13,0.64,,,,4.17,,,2011.0,
005320,2026-12-31,2026-06-17,2026-06-17,0.0,,,,,,,0.39,,,,,,,,
011690,2026-12-31,2026-06-17,2026-06-17,0.0,,,,,,,1.67,,,,,,,,
316140,2026-12-31,2026-06-17,2026-06-17,8.26,,,,,,7.93,0.66,,,,4.23,,,4052.0,
006980,2026-12-31,2026-06-17,2026-06-17,6.09,,,,,,3.55,0.22,,,,7.26,,,5039.0,
011300,2026-12-31,2026-06-17,2026-06-17,0.0,,,,,,,1.27,,,,,,,,
017370,2026-12-31,2026-06-17,2026-06-17,8.99,,,,,,4.79,0.43,,,,0.64,,,985.0,
105840,2026-12-31,2026-06-17,2026-06-17,4.48,,,,,,45.46,2.04,,,,1.5,,,441.0,
010400,2026-12-31,2026-06-17,2026-06-17,9.41,,,,,,3.36,0.32,,,,3.96,,,1127.0,
049800,2026-12-31,2026-06-17,2026-06-17,2.08,,,,,,17.1,0.35,,,,2.57,,,114.0,
016880,2026-12-31,2026-06-17,2026-06-17,67.89,,,,,,1.45,0.99,,,,,,,1554.0,
095720,2026-12-31,2026-06-17,2026-06-17,0.0,,,,,,,0.29,,,,12.58,,,,
005820,2026-12-31,2026-06-17,2026-06-17,2.94,,,,,,7.83,0.23,,,,3.24,,,1812.0,
008600,2026-12-31,2026-06-17,2026-06-17,0.0,,,,,,,0.34,,,,,,,,
033270,2026-12-31,2026-06-17,2026-06-17,9.12,,,,,,7.11,0.65,,,,3.28,,,2614.0,
014830,2026-12-31,2026-06-17,2026-06-17,6.03,,,,,,7.17,0.43,,,,2.84,,,9830.0,
446070,2026-12-31,2026-06-17,2026-06-17,0.0,,,,,,,0.13,,,,,,,,
000910,2026-12-31,2026-06-17,2026-06-17,21.66,,,,,,2.18,0.47,,,,3.83,,,1496.0,
047400,2026-12-31,2026-06-17,2026-06-17,12.63,,,,,,19.2,2.43,,,,,,,59.0,
011330,2026-12-31,2026-06-17,2026-06-17,0.0,,,,,,,0.27,,,,,,,,
077500,2026-12-31,2026-06-17,2026-06-17,8.36,,,,,,8.06,0.67,,,,2.6,,,955.0,
002920,2026-12-31,2026-06-17,2026-06-17,0.0,,,,,,,0.18,,,,,,,,
000700,2026-12-31,2026-06-17,2026-06-17,5.01,,,,,,9.1,0.46,,,,5.98,,,643.0,
003470,2026-12-31,2026-06-17,2026-06-17,4.78,,,,,,11.94,0.57,,,,4.16,,,443.0,
003475,2026-12-31,2026-06-17,2026-06-17,,,,,,,,,,,,6.17,,,,
072130,2026-12-31,2026-06-17,2026-06-17,6.89,,,,,,14.59,1.01,,,,1.94,,,353.0,
000220,2026-12-31,2026-06-17,2026-06-17,6.96,,,,,,8.28,0.58,,,,2.82,,,492.0,
000225,2026-12-31,2026-06-17,2026-06-17,,,,,,,,,,,,3.25,,,,
000227,2026-12-31,2026-06-17,2026-06-17,,,,,,,,,,,,1.17,,,,
001200,2026-12-31,2026-06-17,2026-06-17,5.7,,,,,,6.96,0.4,,,,3.68,,,703.0,
000100,2026-12-31,2026-06-17,2026-06-17,8.42,,,,,,30.43,2.56,,,,0.76,,,2599.0,
000105,2026-12-31,2026-06-17,2026-06-17,,,,,,,,,,,,0.91,,,,
003460,2026-12-31,2026-06-17,2026-06-17,2.58,,,,,,14.37,0.37,,,,6.69,,,229.0,
003465,2026-12-31,2026-06-17,2026-06-17,,,,,,,,,,,,7.29,,,,
008730,2026-12-31,2026-06-17,2026-06-17,1.43,,,,,,114.88,1.64,,,,1.3,,,168.0,
008250,2026-12-31,2026-06-17,2026-06-17,0.0,,,,,,,0.17,,,,3.35,,,,
025820,2026-12-31,2026-06-17,2026-06-17,7.51,,,,,,14.89,1.12,,,,1.85,,,327.0,
214320,2026-12-31,2026-06-17,2026-06-17,8.62,,,,,,8.61,0.74,,,,5.95,,,2294.0,
139480,2026-12-31,2026-06-17,2026-06-17,1.24,,,,,,17.49,0.22,,,,2.81,,,5084.0,
457190,2026-12-31,2026-06-17,2026-06-17,0.59,,,,,,3350.0,19.8,,,,,,,26.0,
007660,2026-12-31,2026-06-17,2026-06-17,22.13,,,,,,54.43,12.05,,,,0.19,,,2278.0,
005950,2026-12-31,2026-06-17,2026-06-17,0.0,,,,,,,3.81,,,,,,,,
015020,2026-12-31,2026-06-17,2026-06-17,0.0,,,,,,,0.49,,,,,,,,
074610,2026-12-31,2026-06-17,2026-06-17,5.75,,,,,,46.04,2.64,,,,,,,111.0,
102460,2026-12-31,2026-06-17,2026-06-17,0.0,,,,,,,0.83,,,,,,,,
084680,2026-12-31,2026-06-17,2026-06-17,0.0,,,,,,,0.81,,,,,,,,
000760,2026-12-31,2026-06-17,2026-06-17,0.0,,,,,,,0.26,,,,,,,,
014990,2026-12-31,2026-06-17,2026-06-17,0.0,,,,,,,0.95,,,,,,,,
101140,2026-12-31,2026-06-17,2026-06-17,0.0,,,,,,,0.44,,,,,,,,
006490,2026-12-31,2026-06-17,2026-06-17,0.0,,,,,,,2.49,,,,,,,,
023800,2026-12-31,2026-06-17,2026-06-17,7.13,,,,,,5.54,0.4,,,,4.67,,,1043.0,
034590,2026-12-31,2026-06-17,2026-06-17,8.05,,,,,,5.71,0.46,,,,5.18,,,4650.0,
129260,2026-12-31,2026-06-17,2026-06-17,3.35,,,,,,6.16,0.21,,,,4.66,,,348.0,
023810,2026-12-31,2026-06-17,2026-06-17,9.04,,,,,,4.57,0.41,,,,3.29,,,1196.0,
249420,2026-12-31,2026-06-17,2026-06-17,12.04,,,,,,21.06,2.54,,,,1.01,,,942.0,
000230,2026-12-31,2026-06-17,2026-06-17,6.61,,,,,,7.66,0.51,,,,1.35,,,967.0,
013360,2026-12-31,2026-06-17,2026-06-17,3.77,,,,,,34.37,1.29,,,,,,,51.0,
003120,2026-12-31,2026-06-17,2026-06-17,0.32,,,,,,115.88,0.37,,,,6.09,,,170.0,
003200,2026-12-31,2026-06-17,2026-06-17,3.65,,,,,,7.13,0.26,,,,3.61,,,1555.0,
007110,2026-12-31,2026-06-17,2026-06-17,0.0,,,,,,,1.64,,,,,,,,
007570,2026-12-31,2026-06-17,2026-06-17,2.9,,,,,,22.67,0.66,,,,1.82,,,375.0,
007575,2026-12-31,2026-06-17,2026-06-17,,,,,,,,,,,,2.21,,,,
008500,2026-12-31,2026-06-17,2026-06-17,86.07,,,,,,0.28,0.24,,,,12.84,,,2775.0,
081000,2026-12-31,2026-06-17,2026-06-17,1.66,,,,,,22.26,0.37,,,,2.79,,,483.0,
020760,2026-12-31,2026-06-17,2026-06-17,0.0,,,,,,,1.63,,,,,,,,
103590,2026-12-31,2026-06-17,2026-06-17,17.65,,,,,,40.8,7.2,,,,0.56,,,2179.0,
271940,2026-12-31,2026-06-17,2026-06-17,0.0,,,,,,,1.47,,,,,,,,
015860,2026-12-31,2026-06-17,2026-06-17,6.69,,,,,,9.52,0.64,,,,2.75,,,765.0,
226320,2026-12-31,2026-06-17,2026-06-17,4.29,,,,,,10.72,0.46,,,,2.7,,,949.0,
317400,2026-12-31,2026-06-17,2026-06-17,7.57,,,,,,4.12,0.31,,,,4.07,,,895.0,
033240,2026-12-31,2026-06-17,2026-06-17,10.54,,,,,,15.15,1.6,,,,,,,2284.0,
000950,2026-12-31,2026-06-17,2026-06-17,13.1,,,,,,1.03,0.13,,,,3.72,,,26160.0,
079900,2026-12-31,2026-06-17,2026-06-17,20.3,,,,,,26.93,5.47,,,,2.37,,,2172.0,
194370,2026-12-31,2026-06-17,2026-06-17,14.81,,,,,,4.54,0.67,,,,4.91,,,2692.0,
030000,2026-12-31,2026-06-17,2026-06-17,13.2,,,,,,9.76,1.29,,,,6.15,,,2049.0,
271980,2026-12-31,2026-06-17,2026-06-17,11.08,,,,,,6.75,0.75,,,,,,,1605.0,
001560,2026-12-31,2026-06-17,2026-06-17,12.47,,,,,,4.99,0.62,,,,7.08,,,2042.0,
002620,2026-12-31,2026-06-17,2026-06-17,4.59,,,,,,7.82,0.36,,,,0.94,,,953.0,
006220,2026-12-31,2026-06-17,2026-06-17,1.32,,,,,,53.54,0.71,,,,0.83,,,226.0,
089590,2026-12-31,2026-06-17,2026-06-17,0.0,,,,,,,1.48,,,,,,,,
004910,2026-12-31,2026-06-17,2026-06-17,0.0,,,,,,,0.18,,,,5.24,,,,
004700,2026-12-31,2026-06-17,2026-06-17,2.0,,,,,,19.4,0.39,,,,,,,3248.0,
001550,2026-12-31,2026-06-17,2026-06-17,3.61,,,,,,30.0,1.08,,,,,,,380.0,
462520,2026-12-31,2026-06-17,2026-06-17,1.01,,,,,,80.96,0.81,,,,6.57,,,188.0,
120030,2026-12-31,2026-06-17,2026-06-17,5.66,,,,,,9.06,0.51,,,,0.55,,,9974.0,
018470,2026-12-31,2026-06-17,2026-06-17,3.81,,,,,,18.32,0.7,,,,,,,63.0,
002600,2026-12-31,2026-06-17,2026-06-17,5.34,,,,,,10.27,0.55,,,,4.34,,,13470.0,
185750,2026-12-31,2026-06-17,2026-06-17,7.72,,,,,,12.41,0.96,,,,0.68,,,5882.0,
063160,2026-12-31,2026-06-17,2026-06-17,0.0,,,,,,,0.7,,,,,,,,
001630,2026-12-31,2026-06-17,2026-06-17,6.35,,,,,,4.92,0.31,,,,3.35,,,8493.0,
109070,2026-12-31,2026-06-17,2026-06-17,7.12,,,,,,41.1,2.93,,,,,,,39.0,
044380,2026-12-31,2026-06-17,2026-06-17,0.0,,,,,,,0.45,,,,,,,,
013890,2026-12-31,2026-06-17,2026-06-17,0.0,,,,,,,0.33,,,,0.91,,,,
013870,2026-12-31,2026-06-17,2026-06-17,5.01,,,,,,5.27,0.26,,,,6.23,,,762.0,
071320,2026-12-31,2026-06-17,2026-06-17,14.14,,,,,,2.57,0.36,,,,8.52,,,28102.0,
088790,2026-12-31,2026-06-17,2026-06-17,3.69,,,,,,7.68,0.28,,,,5.92,,,330.0,
003780,2026-12-31,2026-06-17,2026-06-17,10.34,,,,,,9.96,1.03,,,,6.73,,,534.0,
010640,2026-12-31,2026-06-17,2026-06-17,5.11,,,,,,15.98,0.82,,,,6.8,,,138.0,
100250,2026-12-31,2026-06-17,2026-06-17,4.83,,,,,,9.63,0.47,,,,6.63,,,313.0,
051630,2026-12-31,2026-06-17,2026-06-17,2.24,,,,,,51.9,1.16,,,,,,,42.0,
272450,2026-12-31,2026-06-17,2026-06-17,0.0,,,,,,,1.44,,,,,,,,
011000,2026-12-31,2026-06-17,2026-06-17,0.0,,,,,,,1.84,,,,,,,,
002780,2026-12-31,2026-06-17,2026-06-17,0.0,,,,,,,0.56,,,,,,,,
002787,2026-12-31,2026-06-17,2026-06-17,,,,,,,,,,,,,,,,
002785,2026-12-31,2026-06-17,2026-06-17,,,,,,,,,,,,,,,,
025620,2026-12-31,2026-06-17,2026-06-17,4.36,,,,,,36.08,1.57,,,,,,,181.0,
009310,2026-12-31,2026-06-17,2026-06-17,0.0,,,,,,,0.28,,,,,,,,
000650,2026-12-31,2026-06-17,2026-06-17,0.0,,,,,,,29.48,,,,,,,,
033250,2026-12-31,2026-06-17,2026-06-17,13.89,,,,,,4.38,0.61,,,,,,,985.0,
035720,2026-12-31,2026-06-17,2026-06-17,4.36,,,,,,36.27,1.58,,,,0.18,,,1118.0,
323410,2026-12-31,2026-06-17,2026-06-17,7.12,,,,,,23.46,1.67,,,,1.95,,,1008.0,
377300,2026-12-31,2026-06-17,2026-06-17,2.38,,,,,,138.21,3.29,,,,,,,335.0,
006380,2026-12-31,2026-06-17,2026-06-17,0.0,,,,,,,8.06,,,,,,,,
279570,2026-12-31,2026-06-17,2026-06-17,5.09,,,,,,24.49,1.25,,,,,,,294.0,
001620,2026-12-31,2026-06-17,2026-06-17,11.96,,,,,,1.73,0.21,,,,,,,1415.0,
029460,2026-12-31,2026-06-17,2026-06-17,5.11,,,,,,8.45,0.43,,,,1.29,,,3947.0,
281820,2026-12-31,2026-06-17,2026-06-17,9.99,,,,,,34.1,3.41,,,,0.49,,,2686.0,
381970,2026-12-31,2026-06-17,2026-06-17,22.89,,,,,,8.75,2.0,,,,13.06,,,1050.0,
007815,2026-12-31,2026-06-17,2026-06-17,,,,,,,,,,,,0.34,,,,
007810,2026-12-31,2026-06-17,2026-06-17,10.74,,,,,,82.21,8.83,,,,0.07,,,1726.0,
00781K,2026-12-31,2026-06-17,2026-06-17,,,,,,,,,,,,0.4,,,,
003690,2026-12-31,2026-06-17,2026-06-17,7.61,,,,,,8.78,0.67,,,,4.09,,,1587.0,
192820,2026-12-31,2026-06-17,2026-06-17,22.05,,,,,,15.57,3.43,,,,1.95,,,10847.0,
044820,2026-12-31,2026-06-17,2026-06-17,10.6,,,,,,5.89,0.62,,,,4.33,,,3056.0,
005070,2026-12-31,2026-06-17,2026-06-17,0.0,,,,,,,3.03,,,,,,,,
005420,2026-12-31,2026-06-17,2026-06-17,0.0,,,,,,,2.28,,,,,,,,
071950,2026-12-31,2026-06-17,2026-06-17,0.0,,,,,,,0.65,,,,,,,,
002020,2026-12-31,2026-06-17,2026-06-17,0.0,,,,,,,0.42,,,,1.0,,,,
003070,2026-12-31,2026-06-17,2026-06-17,0.0,,,,,,,0.36,,,,4.12,,,,
003075,2026-12-31,2026-06-17,2026-06-17,,,,,,,,,,,,3.1,,,,
002025,2026-12-31,2026-06-17,2026-06-17,,,,,,,,,,,,2.36,,,,
120110,2026-12-31,2026-06-17,2026-06-17,0.17,,,,,,316.0,0.55,,,,1.83,,,225.0,
120115,2026-12-31,2026-06-17,2026-06-17,,,,,,,,,,,,5.25,,,,
021240,2026-12-31,2026-06-17,2026-06-17,16.9,,,,,,10.64,1.8,,,,2.13,,,8630.0,
036420,2026-12-31,2026-06-17,2026-06-17,0.0,,,,,,,0.66,,,,,,,,
024720,2026-12-31,2026-06-17,2026-06-17,3.81,,,,,,12.31,0.47,,,,3.21,,,683.0,
192400,2026-12-31,2026-06-17,2026-06-17,11.02,,,,,,5.55,0.61,,,,5.96,,,4685.0,
284740,2026-12-31,2026-06-17,2026-06-17,11.02,,,,,,4.17,0.46,,,,5.39,,,5330.0,
264900,2026-12-31,2026-06-17,2026-06-17,5.42,,,,,,8.71,0.47,,,,3.33,,,964.0,
26490K,2026-12-31,2026-06-17,2026-06-17,,,,,,,,,,,,3.44,,,,
005740,2026-12-31,2026-06-17,2026-06-17,5.2,,,,,,4.87,0.25,,,,2.18,,,1224.0,
005745,2026-12-31,2026-06-17,2026-06-17,,,,,,,,,,,,2.28,,,,
259960,2026-12-31,2026-06-17,2026-06-17,10.43,,,,,,15.01,1.57,,,,0.91,,,16454.0,
020120,2026-12-31,2026-06-17,2026-06-17,3.26,,,,,,18.32,0.6,,,,,,,179.0,
039490,2026-12-31,2026-06-17,2026-06-17,17.47,,,,,,8.31,1.45,,,,3.12,,,44379.0,
014580,2026-12-31,2026-06-17,2026-06-17,10.14,,,,,,4.72,0.48,,,,3.67,,,866.0,
015890,2026-12-31,2026-06-17,2026-06-17,7.62,,,,,,5.98,0.46,,,,5.22,,,801.0,
006890,2026-12-31,2026-06-17,2026-06-17,5.18,,,,,,8.47,0.44,,,,2.76,,,770.0,
003240,2026-12-31,2026-06-17,2026-06-17,2.06,,,,,,9.59,0.2,,,,0.19,,,96033.0,
011280,2026-12-31,2026-06-17,2026-06-17,0.0,,,,,,,0.48,,,,,,,,
004100,2026-12-31,2026-06-17,2026-06-17,2.25,,,,,,32.77,0.74,,,,0.32,,,94.0,
004105,2026-12-31,2026-06-17,2026-06-17,,,,,,,,,,,,0.41,,,,
009410,2026-12-31,2026-06-17,2026-06-17,9.38,,,,,,9.61,0.9,,,,,,,191.0,
009415,2026-12-31,2026-06-17,2026-06-17,,,,,,,,,,,,,,,,
001420,2026-12-31,2026-06-17,2026-06-17,0.0,,,,,,,0.42,,,,8.4,,,,
055490,2026-12-31,2026-06-17,2026-06-17,1.3,,,,,,40.57,0.53,,,,1.17,,,423.0,
078000,2026-12-31,2026-06-17,2026-06-17,5.49,,,,,,11.99,0.66,,,,4.47,,,1195.0,
214420,2026-12-31,2026-06-17,2026-06-17,9.44,,,,,,12.04,1.14,,,,0.89,,,466.0,
091810,2026-12-31,2026-06-17,2026-06-17,0.0,,,,,,,6.1,,,,,,,,
019180,2026-12-31,2026-06-17,2026-06-17,30.56,,,,,,1.93,0.59,,,,1.63,,,3815.0,
217590,2026-12-31,2026-06-17,2026-06-17,0.0,,,,,,,4.0,,,,0.27,,,,
363280,2026-12-31,2026-06-17,2026-06-17,0.0,,,,,,,0.09,,,,,,,,
36328K,2026-12-31,2026-06-17,2026-06-17,,,,,,,,,,,,,,,,
004870,2026-12-31,2026-06-17,2026-06-17,0.0,,,,,,,0.43,,,,,,,,
034230,2026-12-31,2026-06-17,2026-06-17,5.52,,,,,,13.89,0.77,,,,0.99,,,1087.0,
005690,2026-12-31,2026-06-17,2026-06-17,32.51,,,,,,22.06,7.17,,,,0.34,,,671.0,
036580,2026-12-31,2026-06-17,2026-06-17,19.76,,,,,,2.19,0.43,,,,1.95,,,1169.0,
004720,2026-12-31,2026-06-17,2026-06-17,0.0,,,,,,,0.47,,,,,,,,
028670,2026-12-31,2026-06-17,2026-06-17,5.27,,,,,,9.52,0.5,,,,2.79,,,564.0,
010820,2026-12-31,2026-06-17,2026-06-17,17.92,,,,,,26.86,4.81,,,,,,,303.0,
016800,2026-12-31,2026-06-17,2026-06-17,5.95,,,,,,6.79,0.4,,,,3.7,,,3976.0,
001020,2026-12-31,2026-06-17,2026-06-17,0.0,,,,,,,0.31,,,,,,,,
090080,2026-12-31,2026-06-17,2026-06-17,25.27,,,,,,3.12,0.79,,,,,,,286.0,
010770,2026-12-31,2026-06-17,2026-06-17,27.26,,,,,,1.73,0.47,,,,3.59,,,2414.0,
022100,2026-12-31,2026-06-17,2026-06-17,9.14,,,,,,81.05,7.41,,,,0.45,,,343.0,
058430,2026-12-31,2026-06-17,2026-06-17,4.45,,,,,,23.09,1.03,,,,1.66,,,285.0,
047050,2026-12-31,2026-06-17,2026-06-17,9.15,,,,,,16.57,1.52,,,,3.1,,,3603.0,
003670,2026-12-31,2026-06-17,2026-06-17,0.11,,,,,,4107.84,4.58,,,,0.12,,,51.0,
017810,2026-12-31,2026-06-17,2026-06-17,1.0,,,,,,118.81,1.19,,,,1.02,,,84.0,
103140,2026-12-31,2026-06-17,2026-06-17,6.4,,,,,,14.12,0.9,,,,2.23,,,5388.0,
005810,2026-12-31,2026-06-17,2026-06-17,6.36,,,,,,7.25,0.46,,,,4.1,,,5389.0,
009810,2026-12-31,2026-06-17,2026-06-17,0.0,,,,,,,0.41,,,,,,,,
086790,2026-12-31,2026-06-17,2026-06-17,8.47,,,,,,9.09,0.77,,,,3.24,,,13954.0,
293480,2026-12-31,2026-06-17,2026-06-17,2.85,,,,,,18.26,0.52,,,,2.81,,,507.0,
039130,2026-12-31,2026-06-17,2026-06-17,21.03,,,,,,18.38,3.86,,,,3.17,,,2062.0,
352820,2026-12-31,2026-06-17,2026-06-17,0.0,,,,,,,3.07,,,,0.21,,,,
071090,2026-12-31,2026-06-17,2026-06-17,0.0,,,,,,,0.49,,,,,,,,
000080,2026-12-31,2026-06-17,2026-06-17,3.71,,,,,,26.71,0.99,,,,4.4,,,596.0,
000087,2026-12-31,2026-06-17,2026-06-17,,,,,,,,,,,,5.78,,,,
000140,2026-12-31,2026-06-17,2026-06-17,0.0,,,,,,,0.33,,,,4.19,,,,
000145,2026-12-31,2026-06-17,2026-06-17,,,,,,,,,,,,4.11,,,,
036460,2026-12-31,2026-06-17,2026-06-17,1.18,,,,,,24.64,0.29,,,,3.2,,,1463.0,
005430,2026-12-31,2026-06-17,2026-06-17,10.01,,,,,,6.49,0.65,,,,1.16,,,13258.0,
071050,2026-12-31,2026-06-17,2026-06-17,16.82,,,,,,6.94,1.17,,,,3.62,,,34592.0,
071055,2026-12-31,2026-06-17,2026-06-17,,,,,,,,,,,,5.32,,,,
010040,2026-12-31,2026-06-17,2026-06-17,0.0,,,,,,,0.38,,,,,,,,
025540,2026-12-31,2026-06-17,2026-06-17,9.08,,,,,,7.44,0.68,,,,4.12,,,10428.0,
010100,2026-12-31,2026-06-17,2026-06-17,5.2,,,,,,5.91,0.31,,,,2.47,,,685.0,
004090,2026-12-31,2026-06-17,2026-06-17,2.55,,,,,,28.91,0.74,,,,1.01,,,412.0,
002200,2026-12-31,2026-06-17,2026-06-17,0.0,,,,,,,0.32,,,,3.12,,,,
002960,2026-12-31,2026-06-17,2026-06-17,34.36,,,,,,13.29,4.57,,,,7.3,,,37098.0,
000240,2026-12-31,2026-06-17,2026-06-17,7.26,,,,,,6.97,0.51,,,,4.31,,,3666.0,
123890,2026-12-31,2026-06-17,2026-06-17,4.56,,,,,,5.83,0.27,,,,6.37,,,404.0,
015760,2026-12-31,2026-06-17,2026-06-17,17.74,,,,,,3.04,0.54,,,,3.81,,,13311.0,
006200,2026-12-31,2026-06-17,2026-06-17,0.0,,,,,,,0.15,,,,4.09,,,,
027970,2026-12-31,2026-06-17,2026-06-17,0.0,,,,,,,0.29,,,,,,,,
023350,2026-12-31,2026-06-17,2026-06-17,5.01,,,,,,5.63,0.28,,,,3.24,,,821.0,
025890,2026-12-31,2026-06-17,2026-06-17,0.0,,,,,,,0.7,,,,,,,,
000970,2026-12-31,2026-06-17,2026-06-17,4.69,,,,,,8.64,0.41,,,,5.87,,,789.0,
104700,2026-12-31,2026-06-17,2026-06-17,0.0,,,,,,,0.38,,,,8.35,,,,
017960,2026-12-31,2026-06-17,2026-06-17,17.74,,,,,,17.08,3.03,,,,0.92,,,2043.0,
161890,2026-12-31,2026-06-17,2026-06-17,13.74,,,,,,16.68,2.29,,,,0.98,,,5299.0,
161390,2026-12-31,2026-06-17,2026-06-17,9.0,,,,,,7.59,0.68,,,,3.39,,,8931.0,
034830,2026-12-31,2026-06-17,2026-06-17,2.04,,,,,,12.98,0.26,,,,5.56,,,97.0,
007280,2026-12-31,2026-06-17,2026-06-17,1.39,,,,,,21.11,0.29,,,,18.22,,,104.0,
047810,2026-12-31,2026-06-17,2026-06-17,10.16,,,,,,81.59,8.29,,,,0.32,,,1907.0,
123690,2026-12-31,2026-06-17,2026-06-17,3.35,,,,,,99.86,3.35,,,,,,,70.0,
003350,2026-12-31,2026-06-17,2026-06-17,26.14,,,,,,5.49,1.44,,,,0.72,,,1510.0,
011500,2026-12-31,2026-06-17,2026-06-17,2.27,,,,,,66.56,1.51,,,,0.24,,,253.0,
002390,2026-12-31,2026-06-17,2026-06-17,0.0,,,,,,,0.38,,,,2.48,,,,
053690,2026-12-31,2026-06-17,2026-06-17,8.51,,,,,,11.45,0.97,,,,1.91,,,1826.0,
042700,2026-12-31,2026-06-17,2026-06-17,31.0,,,,,,141.62,43.9,,,,0.25,,,2256.0,
008930,2026-12-31,2026-06-17,2026-06-17,12.31,,,,,,17.93,2.21,,,,0.96,,,1748.0,
128940,2026-12-31,2026-06-17,2026-06-17,13.57,,,,,,33.39,4.53,,,,0.45,,,13372.0,
009240,2026-12-31,2026-06-17,2026-06-17,11.66,,,,,,12.5,1.46,,,,,,,2808.0,
020000,2026-12-31,2026-06-17,2026-06-17,3.22,,,,,,10.17,0.33,,,,3.42,,,2153.0,
003680,2026-12-31,2026-06-17,2026-06-17,0.25,,,,,,153.0,0.39,,,,,,,30.0,
105630,2026-12-31,2026-06-17,2026-06-17,7.79,,,,,,6.22,0.48,,,,6.64,,,1454.0,
069640,2026-12-31,2026-06-17,2026-06-17,0.0,,,,,,,1.12,,,,,,,,
016450,2026-12-31,2026-06-17,2026-06-17,0.0,,,,,,,0.39,,,,11.09,,,,
009180,2026-12-31,2026-06-17,2026-06-17,11.04,,,,,,5.07,0.56,,,,7.01,,,563.0,
213500,2026-12-31,2026-06-17,2026-06-17,0.56,,,,,,42.27,0.23,,,,7.26,,,163.0,
014680,2026-12-31,2026-06-17,2026-06-17,13.51,,,,,,22.42,3.03,,,,0.86,,,13428.0,
004710,2026-12-31,2026-06-17,2026-06-17,0.0,,,,,,,1.7,,,,0.65,,,,
004150,2026-12-31,2026-06-17,2026-06-17,0.0,,,,,,,0.27,,,,3.59,,,,
025750,2026-12-31,2026-06-17,2026-06-17,0.0,,,,,,,0.33,,,,,,,,
004960,2026-12-31,2026-06-17,2026-06-17,7.16,,,,,,2.18,0.16,,,,1.33,,,5174.0,
011700,2026-12-31,2026-06-17,2026-06-17,0.0,,,,,,,1.08,,,,0.68,,,,
001750,2026-12-31,2026-06-17,2026-06-17,9.95,,,,,,4.59,0.46,,,,7.96,,,4383.0,
001755,2026-12-31,2026-06-17,2026-06-17,,,,,,,,,,,,8.25,,,,
018880,2026-12-31,2026-06-17,2026-06-17,0.0,,,,,,,1.33,,,,,,,,
009420,2026-12-31,2026-06-17,2026-06-17,0.0,,,,,,,17.59,,,,,,,,
014130,2026-12-31,2026-06-17,2026-06-17,0.0,,,,,,,0.34,,,,,,,,
300720,2026-12-31,2026-06-17,2026-06-17,4.18,,,,,,13.67,0.57,,,,6.9,,,1061.0,
002220,2026-12-31,2026-06-17,2026-06-17,0.0,,,,,,,0.75,,,,0.59,,,,
003300,2026-12-31,2026-06-17,2026-06-17,1.88,,,,,,17.21,0.32,,,,5.68,,,1024.0,
051600,2026-12-31,2026-06-17,2026-06-17,9.23,,,,,,18.87,1.74,,,,3.17,,,2761.0,
052690,2026-12-31,2026-06-17,2026-06-17,13.66,,,,,,60.29,8.24,,,,1.0,,,2244.0,
130660,2026-12-31,2026-06-17,2026-06-17,3.95,,,,,,111.6,4.4,,,,2.7,,,125.0,
002320,2026-12-31,2026-06-17,2026-06-17,0.0,,,,,,,0.18,,,,3.53,,,,
003480,2026-12-31,2026-06-17,2026-06-17,13.29,,,,,,2.17,0.29,,,,2.44,,,2265.0,
180640,2026-12-31,2026-06-17,2026-06-17,4.66,,,,,,53.0,2.47,,,,0.29,,,2313.0,
18064K,2026-12-31,2026-06-17,2026-06-17,,,,,,,,,,,,1.3,,,,
005110,2026-12-31,2026-06-17,2026-06-17,384.74,,,,,,0.4,1.53,,,,,,,3151.0,
009460,2026-12-31,2026-06-17,2026-06-17,0.0,,,,,,,0.36,,,,,,,,
372910,2026-12-31,2026-06-17,2026-06-17,0.0,,,,,,,0.44,,,,,,,,
000880,2026-12-31,2026-06-17,2026-06-17,3.06,,,,,,31.68,0.97,,,,0.85,,,4072.0,
00088K,2026-12-31,2026-06-17,2026-06-17,,,,,,,,,,,,2.58,,,,
452260,2026-12-31,2026-06-17,2026-06-17,0.41,,,,,,165.29,0.67,,,,,,,17.0,
45226K,2026-12-31,2026-06-17,2026-06-17,,,,,,,,,,,,,,,,
489790,2026-12-31,2026-06-17,2026-06-17,5.25,,,,,,79.82,4.19,,,,,,,902.0,
088350,2026-12-31,2026-06-17,2026-06-17,3.75,,,,,,8.23,0.31,,,,,,,693.0,
000370,2026-12-31,2026-06-17,2026-06-17,10.69,,,,,,3.74,0.4,,,,,,,1858.0,
009830,2026-12-31,2026-06-17,2026-06-17,0.0,,,,,,,0.83,,,,,,,,
009835,2026-12-31,2026-06-17,2026-06-17,,,,,,,,,,,,,,,,
272210,2026-12-31,2026-06-17,2026-06-17,4.97,,,,,,81.63,4.06,,,,0.47,,,1290.0,
012450,2026-12-31,2026-06-17,2026-06-17,15.16,,,,,,42.9,6.5,,,,0.57,,,28530.0,
082740,2026-12-31,2026-06-17,2026-06-17,31.07,,,,,,31.63,9.83,,,,,,,2071.0,
042660,2026-12-31,2026-06-17,2026-06-17,19.9,,,,,,33.22,6.61,,,,,,,4007.0,
003530,2026-12-31,2026-06-17,2026-06-17,4.92,,,,,,12.7,0.63,,,,,,,467.0,
003535,2026-12-31,2026-06-17,2026-06-17,,,,,,,,,,,,,,,,
195870,2026-12-31,2026-06-17,2026-06-17,4.22,,,,,,57.96,2.45,,,,1.11,,,1401.0,
101530,2026-12-31,2026-06-17,2026-06-17,7.54,,,,,,6.69,0.5,,,,4.26,,,878.0,
143210,2026-12-31,2026-06-17,2026-06-17,0.0,,,,,,,0.28,,,,,,,,
000720,2026-12-31,2026-06-17,2026-06-17,4.51,,,,,,41.97,1.89,,,,0.57,,,3319.0,
000725,2026-12-31,2026-06-17,2026-06-17,,,,,,,,,,,,1.44,,,,
453340,2026-12-31,2026-06-17,2026-06-17,11.83,,,,,,6.59,0.78,,,,3.87,,,2654.0,
086280,2026-12-31,2026-06-17,2026-06-17,16.75,,,,,,9.52,1.59,,,,2.64,,,23117.0,
064350,2026-12-31,2026-06-17,2026-06-17,25.01,,,,,,31.04,7.76,,,,0.27,,,7055.0,
079430,2026-12-31,2026-06-17,2026-06-17,1.77,,,,,,17.61,0.31,,,,2.01,,,368.0,
012330,2026-12-31,2026-06-17,2026-06-17,7.41,,,,,,15.44,1.14,,,,1.03,,,40861.0,
069960,2026-12-31,2026-06-17,2026-06-17,4.54,,,,,,21.63,0.98,,,,1.04,,,9572.0,
004560,2026-12-31,2026-06-17,2026-06-17,2.85,,,,,,13.84,0.39,,,,1.85,,,976.0,
004310,2026-12-31,2026-06-17,2026-06-17,3.06,,,,,,84.48,2.58,,,,0.37,,,96.0,
017800,2026-12-31,2026-06-17,2026-06-17,19.38,,,,,,11.37,2.2,,,,16.98,,,7258.0,
307950,2026-12-31,2026-06-17,2026-06-17,9.88,,,,,,103.85,10.26,,,,0.27,,,6654.0,
011210,2026-12-31,2026-06-17,2026-06-17,2.74,,,,,,22.39,0.61,,,,1.44,,,3716.0,
004020,2026-12-31,2026-06-17,2026-06-17,0.0,,,,,,,0.24,,,,1.43,,,,
005440,2026-12-31,2026-06-17,2026-06-17,10.3,,,,,,5.24,0.54,,,,2.17,,,2643.0,
005380,2026-12-31,2026-06-17,2026-06-17,8.21,,,,,,17.12,1.41,,,,1.62,,,36088.0,
005387,2026-12-31,2026-06-17,2026-06-17,,,,,,,,,,,,4.07,,,,
005389,2026-12-31,2026-06-17,2026-06-17,,,,,,,,,,,,4.24,,,,
005385,2026-12-31,2026-06-17,2026-06-17,,,,,,,,,,,,4.06,,,,
001500,2026-12-31,2026-06-17,2026-06-17,4.32,,,,,,9.37,0.4,,,,3.92,,,1009.0,
011760,2026-12-31,2026-06-17,2026-06-17,12.53,,,,,,3.6,0.45,,,,2.69,,,7226.0,
227840,2026-12-31,2026-06-17,2026-06-17,11.45,,,,,,2.91,0.33,,,,4.14,,,4155.0,
126560,2026-12-31,2026-06-17,2026-06-17,1.04,,,,,,44.35,0.46,,,,4.9,,,69.0,
001450,2026-12-31,2026-06-17,2026-06-17,19.77,,,,,,3.09,0.61,,,,,,,13006.0,
057050,2026-12-31,2026-06-17,2026-06-17,4.19,,,,,,9.46,0.4,,,,3.36,,,8806.0,
093240,2026-12-31,2026-06-17,2026-06-17,0.0,,,,,,,0.34,,,,,,,,
003010,2026-12-31,2026-06-17,2026-06-17,10.61,,,,,,3.7,0.39,,,,3.91,,,1382.0,
111110,2026-12-31,2026-06-17,2026-06-17,6.62,,,,,,4.71,0.31,,,,6.0,,,1416.0,
008770,2026-12-31,2026-06-17,2026-06-17,0.0,,,,,,,1.98,,,,,,,,
008775,2026-12-31,2026-06-17,2026-06-17,,,,,,,,,,,,,,,,
378850,2026-12-31,2026-06-17,2026-06-17,10.92,,,,,,3.26,0.36,,,,2.4,,,960.0,
241590,2026-12-31,2026-06-17,2026-06-17,0.0,,,,,,,0.47,,,,1.39,,,,
006060,2026-12-31,2026-06-17,2026-06-17,5.67,,,,,,6.94,0.39,,,,7.52,,,395.0,
013520,2026-12-31,2026-06-17,2026-06-17,27.83,,,,,,1.56,0.43,,,,2.86,,,1681.0,
010690,2026-12-31,2026-06-17,2026-06-17,11.68,,,,,,6.93,0.81,,,,1.28,,,1920.0,
133820,2026-12-31,2026-06-17,2026-06-17,0.0,,,,,,,0.84,,,,,,,,
010660,2026-12-31,2026-06-17,2026-06-17,1.95,,,,,,23.69,0.46,,,,0.67,,,126.0,
000850,2026-12-31,2026-06-17,2026-06-17,3.35,,,,,,6.4,0.21,,,,3.93,,,5173.0,
016580,2026-12-31,2026-06-17,2026-06-17,3.76,,,,,,12.0,0.45,,,,2.92,,,857.0,
032560,2026-12-31,2026-06-17,2026-06-17,4.68,,,,,,5.16,0.24,,,,2.74,,,1061.0,
004800,2026-12-31,2026-06-17,2026-06-17,13.5,,,,,,10.05,1.36,,,,2.52,,,19734.0,
094280,2026-12-31,2026-06-17,2026-06-17,20.59,,,,,,9.47,1.95,,,,6.1,,,1299.0,
298040,2026-12-31,2026-06-17,2026-06-17,22.11,,,,,,69.05,15.26,,,,0.19,,,55832.0,
298020,2026-12-31,2026-06-17,2026-06-17,0.69,,,,,,140.25,0.97,,,,2.86,,,2517.0,
298000,2026-12-31,2026-06-17,2026-06-17,82.06,,,,,,0.84,0.69,,,,,,,80426.0,
093370,2026-12-31,2026-06-17,2026-06-17,1.6,,,,,,351.6,5.64,,,,,,,50.0,
005870,2026-12-31,2026-06-17,2026-06-17,0.0,,,,,,,0.46,,,,,,,,
079980,2026-12-31,2026-06-17,2026-06-17,0.94,,,,,,29.15,0.27,,,,,,,71.0,
005010,2026-12-31,2026-06-17,2026-06-17,0.0,,,,,,,0.25,,,,,,,,
000540,2026-12-31,2026-06-17,2026-06-17,15.51,,,,,,1.83,0.28,,,,,,,1992.0,
000545,2026-12-31,2026-06-17,2026-06-17,,,,,,,,,,,,,,,,
003280,2026-12-31,2026-06-17,2026-06-17,11.96,,,,,,14.65,1.75,,,,,,,127.0,
060310,2026-12-31,2026-06-17,2026-06-17,0.0,,,,,,,1.39,,,,,,,,
054620,2026-12-31,2026-06-17,2026-06-17,0.0,,,,,,,0.41,,,,,,,,
079810,2026-12-31,2026-06-17,2026-06-17,0.05,,,,,,958.75,0.49,,,,,,,4.0,
265520,2026-12-31,2026-06-17,2026-06-17,6.46,,,,,,15.42,1.0,,,,1.37,,,1605.0,
211270,2026-12-31,2026-06-17,2026-06-17,0.0,,,,,,,1.6,,,,,,,,
126600,2026-12-31,2026-06-17,2026-06-17,3.41,,,,,,14.78,0.5,,,,1.5,,,226.0,
083790,2026-12-31,2026-06-17,2026-06-17,0.0,,,,,,,0.88,,,,,,,,
035760,2026-12-31,2026-06-17,2026-06-17,1.06,,,,,,26.93,0.28,,,,,,,1422.0,
311690,2026-12-31,2026-06-17,2026-06-17,0.0,,,,,,,1.23,,,,,,,,
051500,2026-12-31,2026-06-17,2026-06-17,10.33,,,,,,6.2,0.64,,,,2.04,,,3961.0,
058820,2026-12-31,2026-06-17,2026-06-17,0.0,,,,,,,0.84,,,,,,,,
056730,2026-12-31,2026-06-17,2026-06-17,0.0,,,,,,,0.48,,,,,,,,
065770,2026-12-31,2026-06-17,2026-06-17,0.0,,,,,,,0.93,,,,,,,,
083660,2026-12-31,2026-06-17,2026-06-17,0.0,,,,,,,1.73,,,,,,,,
477760,2026-12-31,2026-06-17,2026-06-17,,,,,,,,,,,,,,,,
099520,2026-12-31,2026-06-17,2026-06-17,0.0,,,,,,,2.52,,,,,,,,
290120,2026-12-31,2026-06-17,2026-06-17,14.14,,,,,,2.91,0.41,,,,3.88,,,888.0,
025440,2026-12-31,2026-06-17,2026-06-17,0.0,,,,,,,0.67,,,,,,,,
068790,2026-12-31,2026-06-17,2026-06-17,30.73,,,,,,0.88,0.27,,,,4.8,,,5910.0,
241520,2026-12-31,2026-06-17,2026-06-17,13.73,,,,,,17.06,2.34,,,,0.35,,,669.0,
180400,2026-12-31,2026-06-17,2026-06-17,0.0,,,,,,,2.72,,,,,,,,
418620,2026-12-31,2026-06-17,2026-06-17,0.0,,,,,,,1.54,,,,,,,,
245620,2026-12-31,2026-06-17,2026-06-17,,,,,,,2.04,,,,,,,,364.0,
037370,2026-12-31,2026-06-17,2026-06-17,0.0,,,,,,,0.53,,,,,,,,
050120,2026-12-31,2026-06-17,2026-06-17,0.0,,,,,,,0.43,,,,,,,,
214270,2026-12-31,2026-06-17,2026-06-17,0.0,,,,,,,0.99,,,,,,,,
032620,2026-12-31,2026-06-17,2026-06-17,26.16,,,,,,4.36,1.14,,,,1.57,,,729.0,
130500,2026-12-31,2026-06-17,2026-06-17,0.0,,,,,,,0.38,,,,,,,,
083450,2026-12-31,2026-06-17,2026-06-17,15.04,,,,,,23.06,3.47,,,,1.11,,,2533.0,
297890,2026-12-31,2026-06-17,2026-06-17,10.75,,,,,,5.27,0.57,,,,1.57,,,362.0,
440290,2026-12-31,2026-06-17,2026-06-17,7.01,,,,,,8.37,0.59,,,,6.34,,,226.0,
078150,2026-12-31,2026-06-17,2026-06-17,9.98,,,,,,8.91,0.89,,,,0.7,,,320.0,
225530,2026-12-31,2026-06-17,2026-06-17,0.0,,,,,,,0.88,,,,2.26,,,,
060560,2026-12-31,2026-06-17,2026-06-17,0.0,,,,,,,0.37,,,,2.43,,,,
376270,2026-12-31,2026-06-17,2026-06-17,0.0,,,,,,,73.78,,,,,,,,
195940,2026-12-31,2026-06-17,2026-06-17,5.7,,,,,,16.19,0.92,,,,0.95,,,2672.0,
028300,2026-12-31,2026-06-17,2026-06-17,0.0,,,,,,,16.08,,,,,,,,
278650,2026-12-31,2026-06-17,2026-06-17,0.0,,,,,,,0.61,,,,,,,,
067630,2026-12-31,2026-06-17,2026-06-17,0.0,,,,,,,1.43,,,,,,,,
024850,2026-12-31,2026-06-17,2026-06-17,0.0,,,,,,,2.02,,,,,,,,
187420,2026-12-31,2026-06-17,2026-06-17,55.24,,,,,,3.06,1.69,,,,,,,775.0,
047920,2026-12-31,2026-06-17,2026-06-17,3.69,,,,,,93.19,3.44,,,,,,,141.0,
115450,2026-12-31,2026-06-17,2026-06-17,0.0,,,,,,,1.58,,,,,,,,
046210,2026-12-31,2026-06-17,2026-06-17,0.0,,,,,,,1.0,,,,,,,,
196300,2026-12-31,2026-06-17,2026-06-17,0.0,,,,,,,1.83,,,,,,,,
403870,2026-12-31,2026-06-17,2026-06-17,23.64,,,,,,69.7,16.48,,,,0.8,,,901.0,
036640,2026-12-31,2026-06-17,2026-06-17,10.43,,,,,,5.67,0.59,,,,6.25,,,846.0,
467930,2026-12-31,2026-06-17,2026-06-17,,,,,,,,,,,,,,,,
469480,2026-12-31,2026-06-17,2026-06-17,,,,,,,,,,,,,,,,
0099X0,2026-12-31,2026-06-17,2026-06-17,,,,,,,,,,,,,,,,
095340,2026-12-31,2026-06-17,2026-06-17,10.46,,,,,,70.98,7.42,,,,0.44,,,2743.0,
067290,2026-12-31,2026-06-17,2026-06-17,33.61,,,,,,9.53,3.2,,,,,,,245.0,
035900,2026-12-31,2026-06-17,2026-06-17,25.87,,,,,,11.76,3.04,,,,1.54,,,4846.0,
318000,2026-12-31,2026-06-17,2026-06-17,5.52,,,,,,11.58,0.64,,,,1.74,,,298.0,
024840,2026-12-31,2026-06-17,2026-06-17,0.0,,,,,,,1.59,,,,,,,,
024120,2026-12-31,2026-06-17,2026-06-17,3.27,,,,,,9.68,0.32,,,,7.62,,,339.0,
478390,2026-12-31,2026-06-17,2026-06-17,,,,,,,,,,,,,,,,
486630,2026-12-31,2026-06-17,2026-06-17,,,,,,,,,,,,,,,,
492220,2026-12-31,2026-06-17,2026-06-17,,,,,,,,,,,,,,,,
0037T0,2026-12-31,2026-06-17,2026-06-17,,,,,,,,,,,,,,,,
0072Z0,2026-12-31,2026-06-17,2026-06-17,,,,,,,,,,,,,,,,
021320,2026-12-31,2026-06-17,2026-06-17,8.21,,,,,,2.32,0.19,,,,3.79,,,2276.0,
044180,2026-12-31,2026-06-17,2026-06-17,0.0,,,,,,,0.39,,,,,,,,
151860,2026-12-31,2026-06-17,2026-06-17,5.75,,,,,,2.89,0.17,,,,2.65,,,1964.0,
035600,2026-12-31,2026-06-17,2026-06-17,9.6,,,,,,5.59,0.54,,,,5.97,,,1798.0,
046440,2026-12-31,2026-06-17,2026-06-17,6.53,,,,,,6.6,0.43,,,,5.88,,,644.0,
060720,2026-12-31,2026-06-17,2026-06-17,7.36,,,,,,13.42,0.99,,,,2.94,,,925.0,
058400,2026-12-31,2026-06-17,2026-06-17,4.94,,,,,,7.21,0.36,,,,4.08,,,85.0,
101000,2026-12-31,2026-06-17,2026-06-17,0.0,,,,,,,0.61,,,,,,,,
089600,2026-12-31,2026-06-17,2026-06-17,3.34,,,,,,17.47,0.58,,,,6.72,,,596.0,
418470,2026-12-31,2026-06-17,2026-06-17,18.2,,,,,,5.84,1.06,,,,5.1,,,1847.0,
043610,2026-12-31,2026-06-17,2026-06-17,0.0,,,,,,,0.62,,,,,,,,
122450,2026-12-31,2026-06-17,2026-06-17,5.44,,,,,,6.18,0.34,,,,,,,461.0,
052900,2026-12-31,2026-06-17,2026-06-17,3.8,,,,,,17.91,0.68,,,,,,,80.0,
036560,2026-12-31,2026-06-17,2026-06-17,1.6,,,,,,21.17,0.34,,,,6.39,,,591.0,
061970,2026-12-31,2026-06-17,2026-06-17,0.0,,,,,,,1.21,,,,,,,,
309960,2026-12-31,2026-06-17,2026-06-17,9.8,,,,,,8.54,0.84,,,,4.33,,,541.0,
073490,2026-12-31,2026-06-17,2026-06-17,0.0,,,,,,,1.59,,,,0.29,,,,
225190,2026-12-31,2026-06-17,2026-06-17,0.0,,,,,,,2.76,,,,,,,,
060370,2026-12-31,2026-06-17,2026-06-17,1.74,,,,,,145.35,2.53,,,,0.51,,,215.0,
417200,2026-12-31,2026-06-17,2026-06-17,0.22,,,,,,2948.33,6.47,,,,0.12,,,6.0,
078020,2026-12-31,2026-06-17,2026-06-17,2.61,,,,,,17.97,0.47,,,,7.52,,,370.0,
322180,2026-12-31,2026-06-17,2026-06-17,0.0,,,,,,,1.76,,,,,,,,
476080,2026-12-31,2026-06-17,2026-06-17,0.0,,,,,,,0.88,,,,,,,,
086960,2026-12-31,2026-06-17,2026-06-17,6.08,,,,,,11.36,0.69,,,,,,,220.0,
160550,2026-12-31,2026-06-17,2026-06-17,0.86,,,,,,45.54,0.39,,,,,,,28.0,
053290,2026-12-31,2026-06-17,2026-06-17,0.0,,,,,,,0.3,,,,,,,,
060250,2026-12-31,2026-06-17,2026-06-17,15.3,,,,,,12.95,1.98,,,,1.61,,,1195.0,
104200,2026-12-31,2026-06-17,2026-06-17,0.0,,,,,,,0.85,,,,,,,,
054050,2026-12-31,2026-06-17,2026-06-17,4.43,,,,,,9.52,0.42,,,,3.42,,,767.0,
063570,2026-12-31,2026-06-17,2026-06-17,3.89,,,,,,15.04,0.58,,,,3.98,,,234.0,
222160,2026-12-31,2026-06-17,2026-06-17,0.0,,,,,,,17.71,,,,,,,,
024940,2026-12-31,2026-06-17,2026-06-17,5.54,,,,,,7.76,0.43,,,,1.47,,,306.0,
332570,2026-12-31,2026-06-17,2026-06-17,17.63,,,,,,15.29,2.7,,,,,,,482.0,
218410,2026-12-31,2026-06-17,2026-06-17,8.46,,,,,,68.97,5.83,,,,0.51,,,1131.0,
327260,2026-12-31,2026-06-17,2026-06-17,13.73,,,,,,76.83,10.55,,,,,,,846.0,
474610,2026-12-31,2026-06-17,2026-06-17,10.61,,,,,,24.49,2.6,,,,,,,396.0,
091340,2026-12-31,2026-06-17,2026-06-17,3.42,,,,,,8.24,0.28,,,,,,,295.0,
419530,2026-12-31,2026-06-17,2026-06-17,40.32,,,,,,8.48,3.42,,,,,,,3560.0,
019550,2026-12-31,2026-06-17,2026-06-17,6.36,,,,,,8.67,0.55,,,,,,,116.0,
246960,2026-12-31,2026-06-17,2026-06-17,0.0,,,,,,,2.57,,,,,,,,
099220,2026-12-31,2026-06-17,2026-06-17,0.0,,,,,,,0.86,,,,,,,,
036540,2026-12-31,2026-06-17,2026-06-17,0.0,,,,,,,2.54,,,,,,,,
255220,2026-12-31,2026-06-17,2026-06-17,0.0,,,,,,,2.04,,,,,,,,
040610,2026-12-31,2026-06-17,2026-06-17,6.53,,,,,,2.01,0.13,,,,,,,1612.0,
184230,2026-12-31,2026-06-17,2026-06-17,59.68,,,,,,1.85,1.1,,,,,,,1125.0,
016250,2026-12-31,2026-06-17,2026-06-17,0.0,,,,,,,0.2,,,,,,,,
357880,2026-12-31,2026-06-17,2026-06-17,0.0,,,,,,,15.21,,,,,,,,
048550,2026-12-31,2026-06-17,2026-06-17,0.0,,,,,,,1.53,,,,,,,,
063440,2026-12-31,2026-06-17,2026-06-17,8.15,,,,,,10.06,0.82,,,,,,,119.0,
067160,2026-12-31,2026-06-17,2026-06-17,21.81,,,,,,5.08,1.11,,,,6.97,,,9556.0,
289080,2026-12-31,2026-06-17,2026-06-17,0.0,,,,,,,1.85,,,,,,,,
041930,2026-12-31,2026-06-17,2026-06-17,14.74,,,,,,2.93,0.43,,,,5.42,,,1888.0,
013720,2026-12-31,2026-06-17,2026-06-17,0.0,,,,,,,0.55,,,,,,,,
089230,2026-12-31,2026-06-17,2026-06-17,0.0,,,,,,,3.34,,,,,,,,
032540,2026-12-31,2026-06-17,2026-06-17,4.76,,,,,,18.3,0.87,,,,9.16,,,191.0,
048770,2026-12-31,2026-06-17,2026-06-17,0.0,,,,,,,1.87,,,,0.23,,,,
246690,2026-12-31,2026-06-17,2026-06-17,8.29,,,,,,7.66,0.63,,,,1.14,,,172.0,
317240,2026-12-31,2026-06-17,2026-06-17,0.0,,,,,,,1.14,,,,,,,,
057030,2026-12-31,2026-06-17,2026-06-17,3.06,,,,,,22.42,0.69,,,,4.5,,,99.0,
040300,2026-12-31,2026-06-17,2026-06-17,0.0,,,,,,,0.5,,,,,,,,
051390,2026-12-31,2026-06-17,2026-06-17,6.02,,,,,,7.18,0.43,,,,5.07,,,632.0,
052220,2026-12-31,2026-06-17,2026-06-17,0.0,,,,,,,0.93,,,,,,,,
079940,2026-12-31,2026-06-17,2026-06-17,9.08,,,,,,25.45,2.31,,,,0.32,,,1232.0,
078890,2026-12-31,2026-06-17,2026-06-17,5.53,,,,,,15.65,0.86,,,,1.13,,,395.0,
399720,2026-12-31,2026-06-17,2026-06-17,0.0,,,,,,,11.6,,,,,,,,
036620,2026-12-31,2026-06-17,2026-06-17,26.06,,,,,,13.51,3.52,,,,,,,387.0,
198440,2026-12-31,2026-06-17,2026-06-17,0.5,,,,,,130.0,0.65,,,,,,,11.0,
217730,2026-12-31,2026-06-17,2026-06-17,0.0,,,,,,,3.7,,,,,,,,
114190,2026-12-31,2026-06-17,2026-06-17,0.0,,,,,,,7.8,,,,,,,,
094480,2026-12-31,2026-06-17,2026-06-17,6.99,,,,,,29.06,2.03,,,,0.73,,,212.0,
039240,2026-12-31,2026-06-17,2026-06-17,4.07,,,,,,13.28,0.54,,,,5.25,,,172.0,
053950,2026-12-31,2026-06-17,2026-06-17,0.0,,,,,,,0.29,,,,,,,,
011040,2026-12-31,2026-06-17,2026-06-17,4.05,,,,,,16.55,0.67,,,,5.74,,,316.0,
024910,2026-12-31,2026-06-17,2026-06-17,0.0,,,,,,,0.55,,,,,,,,
049720,2026-12-31,2026-06-17,2026-06-17,21.58,,,,,,10.44,2.25,,,,5.04,,,951.0,
014570,2026-12-31,2026-06-17,2026-06-17,7.84,,,,,,5.76,0.45,,,,5.19,,,602.0,
348150,2026-12-31,2026-06-17,2026-06-17,0.0,,,,,,,2.5,,,,,,,,
098460,2026-12-31,2026-06-17,2026-06-17,4.41,,,,,,158.48,6.99,,,,0.39,,,224.0,
035290,2026-12-31,2026-06-17,2026-06-17,0.0,,,,,,,1.09,,,,,,,,
215000,2026-12-31,2026-06-17,2026-06-17,5.83,,,,,,10.0,0.58,,,,9.37,,,4269.0,
121440,2026-12-31,2026-06-17,2026-06-17,3.16,,,,,,7.79,0.25,,,,5.26,,,610.0,
366030,2026-12-31,2026-06-17,2026-06-17,9.0,,,,,,15.23,1.37,,,,1.6,,,329.0,
029480,2026-12-31,2026-06-17,2026-06-17,0.0,,,,,,,0.44,,,,,,,,
026910,2026-12-31,2026-06-17,2026-06-17,0.0,,,,,,,1.41,,,,,,,,
465320,2026-12-31,2026-06-17,2026-06-17,,,,,,,,,,,,,,,,
482520,2026-12-31,2026-06-17,2026-06-17,,,,,,,,,,,,,,,,
489210,2026-12-31,2026-06-17,2026-06-17,,,,,,,,,,,,,,,,
0041B0,2026-12-31,2026-06-17,2026-06-17,,,,,,,,,,,,,,,,
0098T0,2026-12-31,2026-06-17,2026-06-17,,,,,,,,,,,,,,,,
0132G0,2026-12-31,2026-06-17,2026-06-17,,,,,,,,,,,,,,,,
053270,2026-12-31,2026-06-17,2026-06-17,15.31,,,,,,2.33,0.36,,,,3.49,,,860.0,
066620,2026-12-31,2026-06-17,2026-06-17,12.55,,,,,,4.15,0.52,,,,2.01,,,6006.0,
043650,2026-12-31,2026-06-17,2026-06-17,2.63,,,,,,8.55,0.23,,,,2.36,,,397.0,
006050,2026-12-31,2026-06-17,2026-06-17,3.23,,,,,,11.98,0.39,,,,,,,50.0,
060480,2026-12-31,2026-06-17,2026-06-17,0.24,,,,,,170.89,0.4,,,,1.95,,,9.0,
078130,2026-12-31,2026-06-17,2026-06-17,0.0,,,,,,,3.72,,,,,,,,
307750,2026-12-31,2026-06-17,2026-06-17,0.0,,,,,,,1.33,,,,,,,,
035080,2026-12-31,2026-06-17,2026-06-17,0.0,,,,,,,0.23,,,,2.25,,,,
318060,2026-12-31,2026-06-17,2026-06-17,0.0,,,,,,,12.15,,,,,,,,
453450,2026-12-31,2026-06-17,2026-06-17,1.61,,,,,,61.07,0.98,,,,,,,270.0,
204020,2026-12-31,2026-06-17,2026-06-17,5.48,,,,,,8.19,0.45,,,,5.9,,,238.0,
0015G0,2026-12-31,2026-06-17,2026-06-17,3.78,,,,,,94.2,3.56,,,,,,,212.0,
402490,2026-12-31,2026-06-17,2026-06-17,14.67,,,,,,18.4,2.7,,,,,,,619.0,
114450,2026-12-31,2026-06-17,2026-06-17,0.31,,,,,,376.67,1.17,,,,,,,6.0,
186230,2026-12-31,2026-06-17,2026-06-17,0.0,,,,,,,1.0,,,,,,,,
204620,2026-12-31,2026-06-17,2026-06-17,25.29,,,,,,10.22,2.58,,,,,,,504.0,
019660,2026-12-31,2026-06-17,2026-06-17,0.0,,,,,,,2.52,,,,,,,,
053260,2026-12-31,2026-06-17,2026-06-17,0.0,,,,,,,0.71,,,,2.94,,,,
282720,2026-12-31,2026-06-17,2026-06-17,0.03,,,,,,4395.0,1.11,,,,,,,2.0,
036190,2026-12-31,2026-06-17,2026-06-17,7.94,,,,,,6.26,0.5,,,,4.93,,,5180.0,
049080,2026-12-31,2026-06-17,2026-06-17,0.0,,,,,,,2.04,,,,,,,,
420770,2026-12-31,2026-06-17,2026-06-17,7.32,,,,,,115.42,8.45,,,,0.57,,,1219.0,
035460,2026-12-31,2026-06-17,2026-06-17,7.75,,,,,,9.43,0.73,,,,,,,290.0,
407400,2026-12-31,2026-06-17,2026-06-17,0.0,,,,,,,0.75,,,,,,,,
187790,2026-12-31,2026-06-17,2026-06-17,16.44,,,,,,20.92,3.44,,,,,,,229.0,
121600,2026-12-31,2026-06-17,2026-06-17,0.66,,,,,,444.85,2.93,,,,0.41,,,136.0,
286750,2026-12-31,2026-06-17,2026-06-17,0.0,,,,,,,1.82,,,,,,,,
247660,2026-12-31,2026-06-17,2026-06-17,0.0,,,,,,,0.97,,,,,,,,
039860,2026-12-31,2026-06-17,2026-06-17,1.96,,,,,,92.66,1.81,,,,,,,47.0,
091970,2026-12-31,2026-06-17,2026-06-17,0.0,,,,,,,1.16,,,,,,,,
417010,2026-12-31,2026-06-17,2026-06-17,2.06,,,,,,145.4,3.0,,,,,,,50.0,
405920,2026-12-31,2026-06-17,2026-06-17,0.14,,,,,,287.86,0.4,,,,,,,7.0,
478340,2026-12-31,2026-06-17,2026-06-17,0.0,,,,,,,5.14,,,,,,,,
051490,2026-12-31,2026-06-17,2026-06-17,5.04,,,,,,7.32,0.37,,,,3.09,,,398.0,
137080,2026-12-31,2026-06-17,2026-06-17,34.34,,,,,,1.41,0.48,,,,,,,3613.0,
190510,2026-12-31,2026-06-17,2026-06-17,14.24,,,,,,9.1,1.3,,,,4.59,,,1741.0,
242040,2026-12-31,2026-06-17,2026-06-17,0.0,,,,,,,6.71,,,,,,,,
293580,2026-12-31,2026-06-17,2026-06-17,5.54,,,,,,28.31,1.57,,,,1.27,,,61.0,
459510,2026-12-31,2026-06-17,2026-06-17,0.0,,,,,,,15.02,,,,,,,,
138610,2026-12-31,2026-06-17,2026-06-17,10.32,,,,,,47.0,4.85,,,,,,,416.0,
130580,2026-12-31,2026-06-17,2026-06-17,11.18,,,,,,6.64,0.74,,,,4.06,,,839.0,
036800,2026-12-31,2026-06-17,2026-06-17,10.83,,,,,,5.9,0.64,,,,3.8,,,4908.0,
267320,2026-12-31,2026-06-17,2026-06-17,0.0,,,,,,,1.69,,,,,,,,
111710,2026-12-31,2026-06-17,2026-06-17,3.53,,,,,,11.08,0.39,,,,5.57,,,324.0,
091590,2026-12-31,2026-06-17,2026-06-17,6.39,,,,,,3.8,0.24,,,,2.83,,,931.0,
168330,2026-12-31,2026-06-17,2026-06-17,0.0,,,,,,,2.86,,,,,,,,
094860,2026-12-31,2026-06-17,2026-06-17,0.0,,,,,,,1.5,,,,,,,,
253590,2026-12-31,2026-06-17,2026-06-17,4.49,,,,,,108.17,4.86,,,,0.73,,,126.0,
212560,2026-12-31,2026-06-17,2026-06-17,10.82,,,,,,7.95,0.86,,,,2.0,,,1260.0,
095660,2026-12-31,2026-06-17,2026-06-17,9.38,,,,,,7.72,0.72,,,,1.56,,,2522.0,
042420,2026-12-31,2026-06-17,2026-06-17,9.54,,,,,,4.09,0.39,,,,2.19,,,5422.0,
311390,2026-12-31,2026-06-17,2026-06-17,4.05,,,,,,13.38,0.54,,,,1.58,,,237.0,
085910,2026-12-31,2026-06-17,2026-06-17,7.94,,,,,,87.42,6.95,,,,0.69,,,330.0,
092730,2026-12-31,2026-06-17,2026-06-17,14.24,,,,,,9.89,1.41,,,,4.26,,,1779.0,
153460,2026-12-31,2026-06-17,2026-06-17,7.05,,,,,,17.62,1.24,,,,,,,390.0,
007390,2026-12-31,2026-06-17,2026-06-17,0.0,,,,,,,32.92,,,,,,,,
033640,2026-12-31,2026-06-17,2026-06-17,13.41,,,,,,52.57,7.05,,,,,,,719.0,
330860,2026-12-31,2026-06-17,2026-06-17,2.02,,,,,,183.57,3.71,,,,,,,280.0,
351320,2026-12-31,2026-06-17,2026-06-17,0.0,,,,,,,1.54,,,,,,,,
089140,2026-12-31,2026-06-17,2026-06-17,0.0,,,,,,,0.25,,,,,,,,
389650,2026-12-31,2026-06-17,2026-06-17,0.0,,,,,,,7.66,,,,,,,,
137940,2026-12-31,2026-06-17,2026-06-17,0.0,,,,,,,0.36,,,,,,,,
396270,2026-12-31,2026-06-17,2026-06-17,0.0,,,,,,,6.3,,,,,,,,
348210,2026-12-31,2026-06-17,2026-06-17,0.0,,,,,,,4.07,,,,0.85,,,,
225570,2026-12-31,2026-06-17,2026-06-17,0.0,,,,,,,2.38,,,,,,,,
205500,2026-12-31,2026-06-17,2026-06-17,0.0,,,,,,,5.2,,,,,,,,
217270,2026-12-31,2026-06-17,2026-06-17,0.0,,,,,,,0.4,,,,,,,,
104620,2026-12-31,2026-06-17,2026-06-17,0.0,,,,,,,1.73,,,,,,,,
473980,2026-12-31,2026-06-17,2026-06-17,14.43,,,,,,9.47,1.37,,,,,,,1359.0,
194700,2026-12-31,2026-06-17,2026-06-17,14.03,,,,,,7.04,0.99,,,,2.84,,,2000.0,
285490,2026-12-31,2026-06-17,2026-06-17,11.16,,,,,,7.79,0.87,,,,19.54,,,1885.0,
145170,2026-12-31,2026-06-17,2026-06-17,3.32,,,,,,11.8,0.39,,,,,,,311.0,
106520,2026-12-31,2026-06-17,2026-06-17,0.0,,,,,,,0.9,,,,,,,,
376930,2026-12-31,2026-06-17,2026-06-17,0.0,,,,,,,1.63,,,,,,,,
486990,2026-12-31,2026-06-17,2026-06-17,0.0,,,,,,,20.54,,,,,,,,
142280,2026-12-31,2026-06-17,2026-06-17,8.28,,,,,,21.21,1.76,,,,,,,169.0,
234690,2026-12-31,2026-06-17,2026-06-17,8.88,,,,,,15.07,1.34,,,,1.65,,,564.0,
069140,2026-12-31,2026-06-17,2026-06-17,0.58,,,,,,105.88,0.62,,,,,,,16.0,
040160,2026-12-31,2026-06-17,2026-06-17,0.0,,,,,,,1.46,,,,,,,,
332290,2026-12-31,2026-06-17,2026-06-17,3.29,,,,,,35.34,1.16,,,,,,,29.0,
348340,2026-12-31,2026-06-17,2026-06-17,0.0,,,,,,,41.62,,,,,,,,
380550,2026-12-31,2026-06-17,2026-06-17,0.0,,,,,,,7.92,,,,,,,,
060260,2026-12-31,2026-06-17,2026-06-17,8.25,,,,,,10.21,0.84,,,,0.69,,,141.0,
463020,2026-12-31,2026-06-17,2026-06-17,0.0,,,,,,,2.03,,,,,,,,
123840,2026-12-31,2026-06-17,2026-06-17,0.0,,,,,,,0.21,,,,,,,,
012340,2026-12-31,2026-06-17,2026-06-17,0.0,,,,,,,0.89,,,,,,,,
462310,2026-12-31,2026-06-17,2026-06-17,0.0,,,,,,,0.6,,,,,,,,
270870,2026-12-31,2026-06-17,2026-06-17,0.0,,,,,,,0.36,,,,,,,,
144960,2026-12-31,2026-06-17,2026-06-17,2.99,,,,,,42.51,1.27,,,,0.56,,,211.0,
085670,2026-12-31,2026-06-17,2026-06-17,8.12,,,,,,11.42,0.93,,,,2.43,,,360.0,
064260,2026-12-31,2026-06-17,2026-06-17,0.0,,,,,,,1.34,,,,,,,,
340360,2026-12-31,2026-06-17,2026-06-17,0.0,,,,,,,4.47,,,,,,,,
039560,2026-12-31,2026-06-17,2026-06-17,0.0,,,,,,,0.5,,,,0.59,,,,
208860,2026-12-31,2026-06-17,2026-06-17,0.0,,,,,,,0.6,,,,,,,,
154040,2026-12-31,2026-06-17,2026-06-17,23.15,,,,,,1.19,0.27,,,,,,,678.0,
032190,2026-12-31,2026-06-17,2026-06-17,13.59,,,,,,3.47,0.47,,,,2.78,,,5713.0,
323350,2026-12-31,2026-06-17,2026-06-17,18.46,,,,,,32.07,5.92,,,,,,,434.0,
068240,2026-12-31,2026-06-17,2026-06-17,,,,,,,,,,,,,,,,
290660,2026-12-31,2026-06-17,2026-06-17,0.0,,,,,,,1.33,,,,,,,,
464580,2026-12-31,2026-06-17,2026-06-17,2.31,,,,,,39.28,0.91,,,,,,,43.0,
020400,2026-12-31,2026-06-17,2026-06-17,0.0,,,,,,,0.5,,,,1.77,,,,
008830,2026-12-31,2026-06-17,2026-06-17,0.0,,,,,,,1.84,,,,0.29,,,,
048470,2026-12-31,2026-06-17,2026-06-17,0.39,,,,,,102.17,0.4,,,,0.98,,,30.0,
004780,2026-12-31,2026-06-17,2026-06-17,5.78,,,,,,6.92,0.4,,,,3.75,,,577.0,
017650,2026-12-31,2026-06-17,2026-06-17,2.38,,,,,,11.5,0.27,,,,1.14,,,765.0,
389260,2026-12-31,2026-06-17,2026-06-17,8.78,,,,,,22.14,1.94,,,,,,,807.0,
317850,2026-12-31,2026-06-17,2026-06-17,3.93,,,,,,33.48,1.31,,,,0.79,,,227.0,
290670,2026-12-31,2026-06-17,2026-06-17,0.0,,,,,,,2.94,,,,,,,,
078140,2026-12-31,2026-06-17,2026-06-17,7.13,,,,,,9.54,0.68,,,,0.57,,,919.0,
065150,2026-12-31,2026-06-17,2026-06-17,34.64,,,,,,2.74,0.95,,,,,,,530.0,
036480,2026-12-31,2026-06-17,2026-06-17,1.68,,,,,,41.85,0.7,,,,1.14,,,157.0,
027830,2026-12-31,2026-06-17,2026-06-17,0.33,,,,,,195.5,0.64,,,,,,,6.0,
129920,2026-12-31,2026-06-17,2026-06-17,0.0,,,,,,,1.49,,,,,,,,
471050,2026-12-31,2026-06-17,2026-06-17,,,,,,,,,,,,,,,,
482690,2026-12-31,2026-06-17,2026-06-17,,,,,,,,,,,,,,,,
0134X0,2026-12-31,2026-06-17,2026-06-17,,,,,,,,,,,,,,,,
020180,2026-12-31,2026-06-17,2026-06-17,14.71,,,,,,7.34,1.08,,,,2.74,,,149.0,
045390,2026-12-31,2026-06-17,2026-06-17,13.25,,,,,,11.45,1.52,,,,,,,290.0,
108380,2026-12-31,2026-06-17,2026-06-17,9.23,,,,,,7.84,0.72,,,,0.95,,,2680.0,
007680,2026-12-31,2026-06-17,2026-06-17,0.0,,,,,,,0.18,,,,5.38,,,,
048910,2026-12-31,2026-06-17,2026-06-17,5.37,,,,,,11.43,0.61,,,,3.18,,,454.0,
005710,2026-12-31,2026-06-17,2026-06-17,13.15,,,,,,2.89,0.38,,,,2.25,,,3836.0,
120240,2026-12-31,2026-06-17,2026-06-17,7.38,,,,,,7.33,0.54,,,,3.43,,,1889.0,
003310,2026-12-31,2026-06-17,2026-06-17,6.04,,,,,,9.85,0.6,,,,1.97,,,191.0,
078600,2026-12-31,2026-06-17,2026-06-17,8.22,,,,,,86.56,7.11,,,,0.08,,,1377.0,
393970,2026-12-31,2026-06-17,2026-06-17,0.0,,,,,,,0.8,,,,,,,,
096350,2026-12-31,2026-06-17,2026-06-17,0.0,,,,,,,2.34,,,,,,,,
140520,2026-12-31,2026-06-17,2026-06-17,1.91,,,,,,15.59,0.3,,,,7.13,,,135.0,
131220,2026-12-31,2026-06-17,2026-06-17,7.92,,,,,,8.05,0.64,,,,3.25,,,478.0,
010170,2026-12-31,2026-06-17,2026-06-17,0.0,,,,,,,37.73,,,,,,,,
054670,2026-12-31,2026-06-17,2026-06-17,10.9,,,,,,5.37,0.59,,,,1.71,,,1087.0,
023910,2026-12-31,2026-06-17,2026-06-17,9.21,,,,,,5.66,0.52,,,,3.76,,,4701.0,
021040,2026-12-31,2026-06-17,2026-06-17,0.0,,,,,,,0.51,,,,,,,,
021045,2026-12-31,2026-06-17,2026-06-17,,,,,,,,,,,,,,,,
067080,2026-12-31,2026-06-17,2026-06-17,2.27,,,,,,117.87,2.68,,,,1.35,,,94.0,
298540,2026-12-31,2026-06-17,2026-06-17,2.02,,,,,,13.42,0.27,,,,7.91,,,471.0,
032860,2026-12-31,2026-06-17,2026-06-17,0.0,,,,,,,0.61,,,,,,,,
393890,2026-12-31,2026-06-17,2026-06-17,0.0,,,,,,,0.49,,,,,,,,
299170,2026-12-31,2026-06-17,2026-06-17,0.0,,,,,,,1.14,,,,,,,,
462860,2026-12-31,2026-06-17,2026-06-17,16.93,,,,,,14.77,2.5,,,,1.17,,,173.0,
224060,2026-12-31,2026-06-17,2026-06-17,20.47,,,,,,1.01,0.21,,,,,,,4732.0,
043090,2026-12-31,2026-06-17,2026-06-17,0.0,,,,,,,0.3,,,,,,,,
403850,2026-12-31,2026-06-17,2026-06-17,11.24,,,,,,8.58,0.96,,,,,,,1443.0,
213420,2026-12-31,2026-06-17,2026-06-17,11.77,,,,,,17.55,2.07,,,,,,,2165.0,
317330,2026-12-31,2026-06-17,2026-06-17,0.0,,,,,,,2.86,,,,,,,,
077360,2026-12-31,2026-06-17,2026-06-17,0.0,,,,,,,3.15,,,,,,,,
090410,2026-12-31,2026-06-17,2026-06-17,1.25,,,,,,27.59,0.34,,,,,,,34.0,
0001A0,2026-12-31,2026-06-17,2026-06-17,10.5,,,,,,43.76,4.59,,,,,,,250.0,
263600,2026-12-31,2026-06-17,2026-06-17,6.55,,,,,,9.85,0.64,,,,,,,434.0,
194480,2026-12-31,2026-06-17,2026-06-17,6.29,,,,,,17.19,1.08,,,,,,,953.0,
373160,2026-12-31,2026-06-17,2026-06-17,10.56,,,,,,10.91,1.15,,,,,,,347.0,
263800,2026-12-31,2026-06-17,2026-06-17,3.0,,,,,,70.77,2.12,,,,,,,65.0,
206560,2026-12-31,2026-06-17,2026-06-17,0.0,,,,,,,1.02,,,,,,,,
261200,2026-12-31,2026-06-17,2026-06-17,0.0,,,,,,,0.96,,,,,,,,
484120,2026-12-31,2026-06-17,2026-06-17,0.32,,,,,,383.67,1.22,,,,,,,49.0,
067990,2026-12-31,2026-06-17,2026-06-17,0.91,,,,,,36.04,0.33,,,,9.02,,,120.0,
006620,2026-12-31,2026-06-17,2026-06-17,33.14,,,,,,2.26,0.75,,,,2.86,,,1859.0,
100130,2026-12-31,2026-06-17,2026-06-17,0.0,,,,,,,0.55,,,,,,,,
005160,2026-12-31,2026-06-17,2026-06-17,0.0,,,,,,,0.37,,,,5.45,,,,
303810,2026-12-31,2026-06-17,2026-06-17,6.7,,,,,,10.67,0.71,,,,,,,275.0,
075970,2026-12-31,2026-06-17,2026-06-17,0.72,,,,,,59.16,0.43,,,,4.36,,,31.0,
086450,2026-12-31,2026-06-17,2026-06-17,10.11,,,,,,13.25,1.34,,,,1.02,,,1487.0,
240550,2026-12-31,2026-06-17,2026-06-17,9.69,,,,,,10.61,1.03,,,,,,,572.0,
099410,2026-12-31,2026-06-17,2026-06-17,15.95,,,,,,7.17,1.14,,,,,,,570.0,
033500,2026-12-31,2026-06-17,2026-06-17,21.61,,,,,,10.81,2.34,,,,1.98,,,1869.0,
025950,2026-12-31,2026-06-17,2026-06-17,0.16,,,,,,714.44,1.11,,,,1.17,,,18.0,
088130,2026-12-31,2026-06-17,2026-06-17,28.9,,,,,,2.35,0.68,,,,2.27,,,2811.0,
060380,2026-12-31,2026-06-17,2026-06-17,1.2,,,,,,17.66,0.21,,,,3.99,,,71.0,
079960,2026-12-31,2026-06-17,2026-06-17,11.18,,,,,,3.45,0.39,,,,2.0,,,6525.0,
228340,2026-12-31,2026-06-17,2026-06-17,0.0,,,,,,,0.33,,,,,,,,
088910,2026-12-31,2026-06-17,2026-06-17,11.81,,,,,,2.17,0.26,,,,2.09,,,1100.0,
094170,2026-12-31,2026-06-17,2026-06-17,1.52,,,,,,723.08,10.98,,,,0.45,,,52.0,
013120,2026-12-31,2026-06-17,2026-06-17,2.44,,,,,,8.09,0.2,,,,3.84,,,290.0,
109860,2026-12-31,2026-06-17,2026-06-17,3.23,,,,,,12.33,0.4,,,,4.35,,,596.0,
032960,2026-12-31,2026-06-17,2026-06-17,8.97,,,,,,6.82,0.61,,,,4.34,,,1691.0,
023790,2026-12-31,2026-06-17,2026-06-17,0.0,,,,,,,0.99,,,,,,,,
005290,2026-12-31,2026-06-17,2026-06-17,9.14,,,,,,33.47,3.06,,,,1.01,,,1927.0,
025900,2026-12-31,2026-06-17,2026-06-17,0.0,,,,,,,0.45,,,,,,,,
131970,2026-12-31,2026-06-17,2026-06-17,0.34,,,,,,1880.77,6.46,,,,0.11,,,78.0,
073190,2026-12-31,2026-06-17,2026-06-17,0.0,,,,,,,0.4,,,,,,,,
176750,2026-12-31,2026-06-17,2026-06-17,13.18,,,,,,28.82,3.8,,,,,,,229.0,
030350,2026-12-31,2026-06-17,2026-06-17,0.0,,,,,,,2.73,,,,,,,,
203650,2026-12-31,2026-06-17,2026-06-17,6.99,,,,,,34.02,2.38,,,,,,,87.0,
223250,2026-12-31,2026-06-17,2026-06-17,9.31,,,,,,13.19,1.23,,,,,,,299.0,
060570,2026-12-31,2026-06-17,2026-06-17,1.75,,,,,,26.68,0.47,,,,,,,34.0,
362990,2026-12-31,2026-06-17,2026-06-17,0.0,,,,,,,0.59,,,,1.68,,,,
016670,2026-12-31,2026-06-17,2026-06-17,17.51,,,,,,1.33,0.23,,,,,,,1986.0,
187870,2026-12-31,2026-06-17,2026-06-17,10.67,,,,,,16.76,1.79,,,,2.97,,,1304.0,
489730,2026-12-31,2026-06-17,2026-06-17,,,,,,,,,,,,,,,,
0004Y0,2026-12-31,2026-06-17,2026-06-17,,,,,,,,,,,,,,,,
110990,2026-12-31,2026-06-17,2026-06-17,12.86,,,,,,14.9,1.92,,,,1.71,,,1644.0,
263690,2026-12-31,2026-06-17,2026-06-17,7.36,,,,,,8.6,0.63,,,,3.33,,,622.0,
214680,2026-12-31,2026-06-17,2026-06-17,0.0,,,,,,,1.49,,,,,,,,
347850,2026-12-31,2026-06-17,2026-06-17,0.0,,,,,,,59.2,,,,,,,,
263720,2026-12-31,2026-06-17,2026-06-17,8.38,,,,,,14.14,1.18,,,,,,,642.0,
376300,2026-12-31,2026-06-17,2026-06-17,8.88,,,,,,30.89,2.74,,,,1.3,,,785.0,
104040,2026-12-31,2026-06-17,2026-06-17,2.21,,,,,,20.84,0.46,,,,,,,95.0,
109740,2026-12-31,2026-06-17,2026-06-17,0.0,,,,,,,1.58,,,,,,,,
031860,2026-12-31,2026-06-17,2026-06-17,0.0,,,,,,,0.59,,,,,,,,
196490,2026-12-31,2026-06-17,2026-06-17,,,,,,,,,,,,,,,,
066900,2026-12-31,2026-06-17,2026-06-17,0.0,,,,,,,5.58,,,,,,,,
092070,2026-12-31,2026-06-17,2026-06-17,0.82,,,,,,162.2,1.33,,,,0.57,,,109.0,
039840,2026-12-31,2026-06-17,2026-06-17,0.0,,,,,,,0.96,,,,,,,,
219550,2026-12-31,2026-06-17,2026-06-17,0.0,,,,,,,3.72,,,,,,,,
310870,2026-12-31,2026-06-17,2026-06-17,6.82,,,,,,7.15,0.49,,,,1.57,,,178.0,
104460,2026-12-31,2026-06-17,2026-06-17,17.09,,,,,,3.99,0.68,,,,6.49,,,2703.0,
113810,2026-12-31,2026-06-17,2026-06-17,3.14,,,,,,24.48,0.77,,,,,,,23.0,
043360,2026-12-31,2026-06-17,2026-06-17,0.0,,,,,,,0.58,,,,,,,,
197140,2026-12-31,2026-06-17,2026-06-17,0.0,,,,,,,0.5,,,,,,,,
068930,2026-12-31,2026-06-17,2026-06-17,15.05,,,,,,9.7,1.46,,,,6.69,,,801.0,
033130,2026-12-31,2026-06-17,2026-06-17,5.93,,,,,,13.59,0.81,,,,2.0,,,147.0,
105740,2026-12-31,2026-06-17,2026-06-17,5.08,,,,,,10.89,0.55,,,,4.04,,,682.0,
263020,2026-12-31,2026-06-17,2026-06-17,10.09,,,,,,5.56,0.56,,,,3.16,,,568.0,
290550,2026-12-31,2026-06-17,2026-06-17,11.43,,,,,,20.02,2.29,,,,,,,1159.0,
066670,2026-12-31,2026-06-17,2026-06-17,2.27,,,,,,11.21,0.25,,,,,,,240.0,
187220,2026-12-31,2026-06-17,2026-06-17,2.2,,,,,,15.0,0.33,,,,3.64,,,183.0,
383930,2026-12-31,2026-06-17,2026-06-17,0.0,,,,,,,1.23,,,,,,,,
131180,2026-12-31,2026-06-17,2026-06-17,2.92,,,,,,12.85,0.37,,,,10.45,,,335.0,
315640,2026-12-31,2026-06-17,2026-06-17,0.0,,,,,,,2.27,,,,,,,,
317120,2026-12-31,2026-06-17,2026-06-17,0.0,,,,,,,1.21,,,,,,,,
462510,2026-12-31,2026-06-17,2026-06-17,0.0,,,,,,,3.38,,,,,,,,
232680,2026-12-31,2026-06-17,2026-06-17,10.34,,,,,,42.87,4.43,,,,1.5,,,310.0,
042510,2026-12-31,2026-06-17,2026-06-17,6.29,,,,,,27.8,1.75,,,,,,,313.0,
418420,2026-12-31,2026-06-17,2026-06-17,0.0,,,,,,,10.27,,,,,,,,
300120,2026-12-31,2026-06-17,2026-06-17,0.0,,,,,,,0.63,,,,,,,,
171120,2026-12-31,2026-06-17,2026-06-17,6.12,,,,,,8.71,0.53,,,,4.76,,,241.0,
388790,2026-12-31,2026-06-17,2026-06-17,1.13,,,,,,898.75,10.14,,,,,,,8.0,
214260,2026-12-31,2026-06-17,2026-06-17,0.0,,,,,,,2.37,,,,,,,,
171010,2026-12-31,2026-06-17,2026-06-17,0.0,,,,,,,1.15,,,,,,,,
084650,2026-12-31,2026-06-17,2026-06-17,0.0,,,,,,,0.51,,,,,,,,
217500,2026-12-31,2026-06-17,2026-06-17,0.0,,,,,,,0.99,,,,1.62,,,,
038390,2026-12-31,2026-06-17,2026-06-17,11.76,,,,,,7.06,0.83,,,,8.01,,,1416.0,
294140,2026-12-31,2026-06-17,2026-06-17,0.0,,,,,,,6.86,,,,,,,,
443250,2026-12-31,2026-06-17,2026-06-17,10.99,,,,,,13.72,1.51,,,,4.05,,,478.0,
228670,2026-12-31,2026-06-17,2026-06-17,4.11,,,,,,25.97,1.07,,,,,,,201.0,
228850,2026-12-31,2026-06-17,2026-06-17,0.0,,,,,,,0.45,,,,4.47,,,,
412350,2026-12-31,2026-06-17,2026-06-17,0.0,,,,,,,4.18,,,,,,,,
199550,2026-12-31,2026-06-17,2026-06-17,0.0,,,,,,,2.28,,,,,,,,
281740,2026-12-31,2026-06-17,2026-06-17,5.71,,,,,,145.9,8.33,,,,0.18,,,117.0,
277810,2026-12-31,2026-06-17,2026-06-17,1.06,,,,,,8561.64,90.59,,,,,,,73.0,
215100,2026-12-31,2026-06-17,2026-06-17,0.0,,,,,,,3.49,,,,,,,,
090360,2026-12-31,2026-06-17,2026-06-17,0.0,,,,,,,11.62,,,,,,,,
108490,2026-12-31,2026-06-17,2026-06-17,1.77,,,,,,801.3,14.21,,,,,,,385.0,
033290,2026-12-31,2026-06-17,2026-06-17,5.27,,,,,,4.11,0.22,,,,,,,400.0,
067730,2026-12-31,2026-06-17,2026-06-17,15.74,,,,,,6.86,1.08,,,,6.4,,,342.0,
071280,2026-12-31,2026-06-17,2026-06-17,9.12,,,,,,9.18,0.84,,,,0.66,,,821.0,
376900,2026-12-31,2026-06-17,2026-06-17,0.0,,,,,,,69.46,,,,,,,,
214610,2026-12-31,2026-06-17,2026-06-17,0.0,,,,,,,1.2,,,,,,,,
328130,2026-12-31,2026-06-17,2026-06-17,0.0,,,,,,,6.68,,,,,,,,
038060,2026-12-31,2026-06-17,2026-06-17,0.0,,,,,,,0.43,,,,,,,,
474170,2026-12-31,2026-06-17,2026-06-17,0.09,,,,,,3116.67,2.71,,,,,,,3.0,
141080,2026-12-31,2026-06-17,2026-06-17,0.0,,,,,,,10.49,,,,,,,,
058470,2026-12-31,2026-06-17,2026-06-17,20.78,,,,,,47.3,9.83,,,,0.84,,,2002.0,
016100,2026-12-31,2026-06-17,2026-06-17,0.0,,,,,,,0.89,,,,,,,,
012700,2026-12-31,2026-06-17,2026-06-17,3.12,,,,,,5.61,0.18,,,,5.12,,,522.0,
302550,2026-12-31,2026-06-17,2026-06-17,1.31,,,,,,174.71,2.29,,,,,,,17.0,
491000,2026-12-31,2026-06-17,2026-06-17,0.0,,,,,,,5.96,,,,,,,,
394420,2026-12-31,2026-06-17,2026-06-17,0.0,,,,,,,28.36,,,,,,,,
073570,2026-12-31,2026-06-17,2026-06-17,0.0,,,,,,,0.44,,,,,,,,
377450,2026-12-31,2026-06-17,2026-06-17,4.41,,,,,,17.21,0.76,,,,2.66,,,567.0,
277070,2026-12-31,2026-06-17,2026-06-17,4.92,,,,,,15.3,0.75,,,,6.9,,,237.0,
042500,2026-12-31,2026-06-17,2026-06-17,9.62,,,,,,7.57,0.73,,,,7.05,,,562.0,
193250,2026-12-31,2026-06-17,2026-06-17,0.0,,,,,,,0.31,,,,,,,,
474650,2026-12-31,2026-06-17,2026-06-17,0.0,,,,,,,6.2,,,,,,,,
219420,2026-12-31,2026-06-17,2026-06-17,6.09,,,,,,18.07,1.1,,,,,,,249.0,
439090,2026-12-31,2026-06-17,2026-06-17,7.44,,,,,,27.5,2.05,,,,,,,557.0,
195500,2026-12-31,2026-06-17,2026-06-17,2.73,,,,,,14.19,0.39,,,,,,,136.0,
377480,2026-12-31,2026-06-17,2026-06-17,0.0,,,,,,,3.59,,,,,,,,
305090,2026-12-31,2026-06-17,2026-06-17,0.0,,,,,,,1.71,,,,,,,,
098120,2026-12-31,2026-06-17,2026-06-17,20.76,,,,,,14.57,3.03,,,,0.34,,,2031.0,
424980,2026-12-31,2026-06-17,2026-06-17,0.0,,,,,,,2.19,,,,,,,,
038290,2026-12-31,2026-06-17,2026-06-17,1.29,,,,,,74.06,0.95,,,,3.61,,,187.0,
477850,2026-12-31,2026-06-17,2026-06-17,0.0,,,,,,,20.59,,,,,,,,
267980,2026-12-31,2026-06-17,2026-06-17,8.97,,,,,,4.4,0.39,,,,3.83,,,7724.0,
005990,2026-12-31,2026-06-17,2026-06-17,7.35,,,,,,4.2,0.31,,,,2.41,,,2565.0,
093520,2026-12-31,2026-06-17,2026-06-17,18.01,,,,,,7.81,1.41,,,,5.9,,,2604.0,
100590,2026-12-31,2026-06-17,2026-06-17,0.0,,,,,,,0.57,,,,,,,,
067280,2026-12-31,2026-06-17,2026-06-17,11.36,,,,,,5.65,0.64,,,,5.41,,,4417.0,
072870,2026-12-31,2026-06-17,2026-06-17,8.13,,,,,,5.54,0.45,,,,9.95,,,2393.0,
215200,2026-12-31,2026-06-17,2026-06-17,16.81,,,,,,4.87,0.82,,,,7.62,,,8072.0,
133750,2026-12-31,2026-06-17,2026-06-17,4.19,,,,,,12.2,0.51,,,,3.9,,,126.0,
446540,2026-12-31,2026-06-17,2026-06-17,0.0,,,,,,,3.06,,,,,,,,
235980,2026-12-31,2026-06-17,2026-06-17,0.0,,,,,,,2.68,,,,,,,,
041920,2026-12-31,2026-06-17,2026-06-17,3.9,,,,,,51.4,2.0,,,,,,,286.0,
014100,2026-12-31,2026-06-17,2026-06-17,0.0,,,,,,,0.28,,,,,,,,
054180,2026-12-31,2026-06-17,2026-06-17,0.0,,,,,,,0.27,,,,,,,,
086900,2026-12-31,2026-06-17,2026-06-17,3.67,,,,,,37.33,1.37,,,,1.36,,,2371.0,
078160,2026-12-31,2026-06-17,2026-06-17,0.0,,,,,,,1.67,,,,,,,,
0088D0,2026-12-31,2026-06-17,2026-06-17,,,,,,,,,,,,,,,,
408920,2026-12-31,2026-06-17,2026-06-17,19.44,,,,,,8.52,1.66,,,,3.86,,,365.0,
021880,2026-12-31,2026-06-17,2026-06-17,0.0,,,,,,,0.4,,,,,,,,
0088M0,2026-12-31,2026-06-17,2026-06-17,35.2,,,,,,49.17,17.31,,,,,,,422.0,
140410,2026-12-31,2026-06-17,2026-06-17,0.0,,,,,,,115.9,,,,,,,,
241770,2026-12-31,2026-06-17,2026-06-17,6.2,,,,,,36.78,2.28,,,,0.74,,,1278.0,
059210,2026-12-31,2026-06-17,2026-06-17,9.53,,,,,,8.71,0.83,,,,2.75,,,438.0,
058110,2026-12-31,2026-06-17,2026-06-17,0.0,,,,,,,0.95,,,,,,,,
072770,2026-12-31,2026-06-17,2026-06-17,0.0,,,,,,,0.83,,,,,,,,
434480,2026-12-31,2026-06-17,2026-06-17,1.82,,,,,,49.11,0.89,,,,,,,56.0,
080420,2026-12-31,2026-06-17,2026-06-17,0.0,,,,,,,0.36,,,,,,,,
417970,2026-12-31,2026-06-17,2026-06-17,9.45,,,,,,13.13,1.24,,,,2.0,,,1068.0,
080160,2026-12-31,2026-06-17,2026-06-17,16.45,,,,,,11.56,1.9,,,,3.62,,,836.0,
087260,2026-12-31,2026-06-17,2026-06-17,0.0,,,,,,,0.29,,,,,,,,
101330,2026-12-31,2026-06-17,2026-06-17,3.26,,,,,,7.29,0.24,,,,3.66,,,525.0,
012860,2026-12-31,2026-06-17,2026-06-17,8.19,,,,,,11.53,0.94,,,,1.27,,,274.0,
363260,2026-12-31,2026-06-17,2026-06-17,7.61,,,,,,11.18,0.85,,,,3.77,,,95.0,
348030,2026-12-31,2026-06-17,2026-06-17,0.0,,,,,,,0.53,,,,,,,,
250060,2026-12-31,2026-06-17,2026-06-17,0.0,,,,,,,3.19,,,,,,,,
288980,2026-12-31,2026-06-17,2026-06-17,0.0,,,,,,,1.88,,,,,,,,
142760,2026-12-31,2026-06-17,2026-06-17,0.0,,,,,,,0.82,,,,,,,,
033200,2026-12-31,2026-06-17,2026-06-17,0.0,,,,,,,0.4,,,,,,,,
118990,2026-12-31,2026-06-17,2026-06-17,2.93,,,,,,23.29,0.68,,,,,,,301.0,
463480,2026-12-31,2026-06-17,2026-06-17,0.0,,,,,,,1.96,,,,,,,,
006920,2026-12-31,2026-06-17,2026-06-17,0.0,,,,,,,1.35,,,,,,,,
001810,2026-12-31,2026-06-17,2026-06-17,0.0,,,,,,,0.13,,,,1.26,,,,
279600,2026-12-31,2026-06-17,2026-06-17,0.0,,,,,,,1.17,,,,,,,,
095500,2026-12-31,2026-06-17,2026-06-17,4.62,,,,,,15.44,0.71,,,,0.93,,,487.0,
254490,2026-12-31,2026-06-17,2026-06-17,12.82,,,,,,26.46,3.39,,,,,,,979.0,
218150,2026-12-31,2026-06-17,2026-06-17,0.0,,,,,,,0.97,,,,,,,,
100790,2026-12-31,2026-06-17,2026-06-17,8.17,,,,,,46.74,3.82,,,,,,,582.0,
0097F0,2026-12-31,2026-06-17,2026-06-17,,,,,,,,,,,,,,,,
0099W0,2026-12-31,2026-06-17,2026-06-17,,,,,,,,,,,,,,,,
477380,2026-12-31,2026-06-17,2026-06-17,,,,,,,,,,,,,,,,
477470,2026-12-31,2026-06-17,2026-06-17,,,,,,,,,,,,,,,,
478440,2026-12-31,2026-06-17,2026-06-17,,,,,,,,,,,,,,,,
482680,2026-12-31,2026-06-17,2026-06-17,,,,,,,,,,,,,,,,
0093G0,2026-12-31,2026-06-17,2026-06-17,,,,,,,,,,,,,,,,
0096D0,2026-12-31,2026-06-17,2026-06-17,,,,,,,,,,,,,,,,
049950,2026-12-31,2026-06-17,2026-06-17,0.0,,,,,,,0.93,,,,,,,,
207760,2026-12-31,2026-06-17,2026-06-17,0.0,,,,,,,1.27,,,,,,,,
059090,2026-12-31,2026-06-17,2026-06-17,25.62,,,,,,21.99,5.63,,,,,,,937.0,
201490,2026-12-31,2026-06-17,2026-06-17,0.54,,,,,,94.2,0.51,,,,,,,25.0,
475460,2026-12-31,2026-06-17,2026-06-17,4.72,,,,,,20.7,0.98,,,,1.54,,,314.0,
452200,2026-12-31,2026-06-17,2026-06-17,0.0,,,,,,,1.72,,,,,,,,
206640,2026-12-31,2026-06-17,2026-06-17,10.11,,,,,,10.04,1.02,,,,1.37,,,1091.0,
035620,2026-12-31,2026-06-17,2026-06-17,0.0,,,,,,,0.31,,,,,,,,
053030,2026-12-31,2026-06-17,2026-06-17,0.0,,,,,,,1.39,,,,,,,,
301300,2026-12-31,2026-06-17,2026-06-17,0.0,,,,,,,0.55,,,,,,,,
064550,2026-12-31,2026-06-17,2026-06-17,0.0,,,,,,,0.98,,,,,,,,
314930,2026-12-31,2026-06-17,2026-06-17,1.94,,,,,,358.62,6.96,,,,,,,29.0,
489460,2026-12-31,2026-06-17,2026-06-17,7.24,,,,,,22.85,1.65,,,,1.47,,,298.0,
086820,2026-12-31,2026-06-17,2026-06-17,0.83,,,,,,633.64,5.26,,,,,,,11.0,
038460,2026-12-31,2026-06-17,2026-06-17,6.25,,,,,,7.81,0.49,,,,,,,356.0,
251120,2026-12-31,2026-06-17,2026-06-17,9.56,,,,,,11.91,1.14,,,,,,,782.0,
199730,2026-12-31,2026-06-17,2026-06-17,0.0,,,,,,,0.94,,,,9.43,,,,
086040,2026-12-31,2026-06-17,2026-06-17,2.84,,,,,,32.36,0.92,,,,,,,74.0,
188040,2026-12-31,2026-06-17,2026-06-17,0.0,,,,,,,0.6,,,,,,,,
099430,2026-12-31,2026-06-17,2026-06-17,8.91,,,,,,18.1,1.61,,,,1.53,,,253.0,
032980,2026-12-31,2026-06-17,2026-06-17,0.0,,,,,,,1.09,,,,,,,,
308080,2026-12-31,2026-06-17,2026-06-17,0.0,,,,,,,3.58,,,,,,,,
043150,2026-12-31,2026-06-17,2026-06-17,8.09,,,,,,7.19,0.58,,,,1.54,,,2701.0,
323990,2026-12-31,2026-06-17,2026-06-17,0.0,,,,,,,1.94,,,,,,,,
267790,2026-12-31,2026-06-17,2026-06-17,10.77,,,,,,6.13,0.66,,,,2.18,,,560.0,
046310,2026-12-31,2026-06-17,2026-06-17,5.79,,,,,,8.38,0.49,,,,4.54,,,263.0,
331520,2026-12-31,2026-06-17,2026-06-17,5.61,,,,,,11.89,0.67,,,,,,,185.0,
199480,2026-12-31,2026-06-17,2026-06-17,0.0,,,,,,,1.97,,,,,,,,
438700,2026-12-31,2026-06-17,2026-06-17,0.0,,,,,,,0.91,,,,,,,,
066410,2026-12-31,2026-06-17,2026-06-17,0.0,,,,,,,1.21,,,,,,,,
382900,2026-12-31,2026-06-17,2026-06-17,0.98,,,,,,162.43,1.6,,,,,,,185.0,
206400,2026-12-31,2026-06-17,2026-06-17,0.0,,,,,,,0.51,,,,,,,,
019010,2026-12-31,2026-06-17,2026-06-17,23.99,,,,,,2.27,0.55,,,,1.32,,,2331.0,
177350,2026-12-31,2026-06-17,2026-06-17,44.02,,,,,,0.69,0.31,,,,,,,927.0,
457600,2026-12-31,2026-06-17,2026-06-17,0.0,,,,,,,1.65,,,,,,,,
424760,2026-12-31,2026-06-17,2026-06-17,7.89,,,,,,10.18,0.8,,,,,,,222.0,
250000,2026-12-31,2026-06-17,2026-06-17,0.26,,,,,,178.0,0.46,,,,6.42,,,35.0,
310210,2026-12-31,2026-06-17,2026-06-17,0.0,,,,,,,37.87,,,,,,,,
006910,2026-12-31,2026-06-17,2026-06-17,18.42,,,,,,22.02,4.06,,,,,,,415.0,
0010F0,2026-12-31,2026-06-17,2026-06-17,,,,,,,,,,,,,,,,
226340,2026-12-31,2026-06-17,2026-06-17,0.0,,,,,,,0.54,,,,,,,,
014470,2026-12-31,2026-06-17,2026-06-17,1.34,,,,,,27.95,0.37,,,,,,,43.0,
008470,2026-12-31,2026-06-17,2026-06-17,1.95,,,,,,17.15,0.33,,,,2.42,,,193.0,
338220,2026-12-31,2026-06-17,2026-06-17,0.0,,,,,,,3.45,,,,,,,,
100120,2026-12-31,2026-06-17,2026-06-17,8.75,,,,,,10.7,0.94,,,,2.65,,,2434.0,
406820,2026-12-31,2026-06-17,2026-06-17,0.0,,,,,,,0.91,,,,,,,,
099390,2026-12-31,2026-06-17,2026-06-17,9.39,,,,,,5.92,0.56,,,,4.34,,,662.0,
064480,2026-12-31,2026-06-17,2026-06-17,1.09,,,,,,72.5,0.79,,,,3.76,,,44.0,
365900,2026-12-31,2026-06-17,2026-06-17,0.0,,,,,,,0.46,,,,,,,,
089970,2026-12-31,2026-06-17,2026-06-17,16.63,,,,,,77.18,12.84,,,,,,,1135.0,
251630,2026-12-31,2026-06-17,2026-06-17,0.0,,,,,,,0.59,,,,2.49,,,,
018290,2026-12-31,2026-06-17,2026-06-17,24.69,,,,,,7.47,1.84,,,,,,,1728.0,
478560,2026-12-31,2026-06-17,2026-06-17,0.0,,,,,,,1.9,,,,11.52,,,,
439580,2026-12-31,2026-06-17,2026-06-17,0.0,,,,,,,1.79,,,,,,,,
033560,2026-12-31,2026-06-17,2026-06-17,9.05,,,,,,3.6,0.33,,,,,,,998.0,
369370,2026-12-31,2026-06-17,2026-06-17,0.0,,,,,,,2.65,,,,,,,,
126340,2026-12-31,2026-06-17,2026-06-17,0.0,,,,,,,10.48,,,,,,,,
121800,2026-12-31,2026-06-17,2026-06-17,1.37,,,,,,29.12,0.4,,,,,,,114.0,
082800,2026-12-31,2026-06-17,2026-06-17,0.0,,,,,,,2.59,,,,,,,,
318410,2026-12-31,2026-06-17,2026-06-17,6.88,,,,,,6.34,0.44,,,,6.36,,,992.0,
419540,2026-12-31,2026-06-17,2026-06-17,0.0,,,,,,,0.83,,,,,,,,
146320,2026-12-31,2026-06-17,2026-06-17,1.46,,,,,,143.78,2.09,,,,,,,90.0,
200780,2026-12-31,2026-06-17,2026-06-17,0.0,,,,,,,0.5,,,,2.86,,,,
413640,2026-12-31,2026-06-17,2026-06-17,7.46,,,,,,19.79,1.48,,,,,,,335.0,
141000,2026-12-31,2026-06-17,2026-06-17,5.71,,,,,,8.71,0.5,,,,1.12,,,1028.0,
083650,2026-12-31,2026-06-17,2026-06-17,36.71,,,,,,32.13,11.8,,,,,,,2107.0,
0068Y0,2026-12-31,2026-06-17,2026-06-17,,,,,,,,,,,,,,,,
065170,2026-12-31,2026-06-17,2026-06-17,0.0,,,,,,,6.03,,,,,,,,
086670,2026-12-31,2026-06-17,2026-06-17,13.71,,,,,,8.58,1.18,,,,3.39,,,2063.0,
488900,2026-12-31,2026-06-17,2026-06-17,0.0,,,,,,,5.49,,,,,,,,
082920,2026-12-31,2026-06-17,2026-06-17,17.23,,,,,,34.57,5.96,,,,0.59,,,1267.0,
054220,2026-12-31,2026-06-17,2026-06-17,7.84,,,,,,12.64,0.99,,,,,,,125.0,
042370,2026-12-31,2026-06-17,2026-06-17,2.55,,,,,,46.03,1.17,,,,0.52,,,252.0,
050090,2026-12-31,2026-06-17,2026-06-17,0.0,,,,,,,1.06,,,,,,,,
148780,2026-12-31,2026-06-17,2026-06-17,0.0,,,,,,,1.73,,,,,,,,
307870,2026-12-31,2026-06-17,2026-06-17,0.0,,,,,,,1.87,,,,,,,,
377030,2026-12-31,2026-06-17,2026-06-17,0.0,,,,,,,1.82,,,,,,,,
032850,2026-12-31,2026-06-17,2026-06-17,9.87,,,,,,9.04,0.89,,,,1.55,,,471.0,
049470,2026-12-31,2026-06-17,2026-06-17,0.0,,,,,,,0.65,,,,,,,,
238200,2026-12-31,2026-06-17,2026-06-17,0.0,,,,,,,0.44,,,,,,,,
093190,2026-12-31,2026-06-17,2026-06-17,9.19,,,,,,6.95,0.64,,,,3.71,,,1261.0,
065450,2026-12-31,2026-06-17,2026-06-17,7.28,,,,,,22.99,1.67,,,,0.85,,,154.0,
044480,2026-12-31,2026-06-17,2026-06-17,0.0,,,,,,,0.64,,,,,,,,
069540,2026-12-31,2026-06-17,2026-06-17,0.0,,,,,,,3.61,,,,,,,,
072950,2026-12-31,2026-06-17,2026-06-17,9.1,,,,,,11.01,1.0,,,,0.67,,,943.0,
451250,2026-12-31,2026-06-17,2026-06-17,10.74,,,,,,16.65,1.79,,,,2.47,,,486.0,
143240,2026-12-31,2026-06-17,2026-06-17,34.39,,,,,,1.9,0.65,,,,4.22,,,8746.0,
466410,2026-12-31,2026-06-17,2026-06-17,8.18,,,,,,7.78,0.64,,,,,,,1181.0,
223310,2026-12-31,2026-06-17,2026-06-17,0.0,,,,,,,1.39,,,,,,,,
452430,2026-12-31,2026-06-17,2026-06-17,0.0,,,,,,,22.73,,,,,,,,
419120,2026-12-31,2026-06-17,2026-06-17,6.09,,,,,,12.58,0.77,,,,3.26,,,244.0,
122350,2026-12-31,2026-06-17,2026-06-17,0.0,,,,,,,0.39,,,,,,,,
419050,2026-12-31,2026-06-17,2026-06-17,0.0,,,,,,,1.23,,,,,,,,
014970,2026-12-31,2026-06-17,2026-06-17,10.56,,,,,,12.89,1.36,,,,2.0,,,408.0,
018310,2026-12-31,2026-06-17,2026-06-17,1.57,,,,,,21.02,0.33,,,,2.0,,,715.0,
012210,2026-12-31,2026-06-17,2026-06-17,2.06,,,,,,116.28,2.39,,,,,,,86.0,
053700,2026-12-31,2026-06-17,2026-06-17,5.02,,,,,,4.77,0.24,,,,1.15,,,909.0,
009620,2026-12-31,2026-06-17,2026-06-17,0.0,,,,,,,8.22,,,,,,,,
023600,2026-12-31,2026-06-17,2026-06-17,4.55,,,,,,5.22,0.24,,,,2.36,,,1703.0,
0044K0,2026-12-31,2026-06-17,2026-06-17,,,,,,,,,,,,,,,,
0071M0,2026-12-31,2026-06-17,2026-06-17,,,,,,,,,,,,,,,,
0096B0,2026-12-31,2026-06-17,2026-06-17,,,,,,,,,,,,,,,,
0115H0,2026-12-31,2026-06-17,2026-06-17,,,,,,,,,,,,,,,,
009300,2026-12-31,2026-06-17,2026-06-17,5.67,,,,,,6.52,0.37,,,,6.15,,,2120.0,
482630,2026-12-31,2026-06-17,2026-06-17,12.68,,,,,,27.34,3.47,,,,,,,691.0,
484590,2026-12-31,2026-06-17,2026-06-17,17.09,,,,,,14.64,2.5,,,,,,,649.0,
036670,2026-12-31,2026-06-17,2026-06-17,7.76,,,,,,5.87,0.46,,,,4.71,,,905.0,
361670,2026-12-31,2026-06-17,2026-06-17,0.0,,,,,,,0.76,,,,,,,,
054540,2026-12-31,2026-06-17,2026-06-17,10.79,,,,,,14.44,1.56,,,,1.72,,,666.0,
065570,2026-12-31,2026-06-17,2026-06-17,4.62,,,,,,14.69,0.68,,,,,,,52.0,
014950,2026-12-31,2026-06-17,2026-06-17,0.0,,,,,,,0.94,,,,0.57,,,,
032280,2026-12-31,2026-06-17,2026-06-17,1.5,,,,,,21.44,0.32,,,,3.01,,,62.0,
002290,2026-12-31,2026-06-17,2026-06-17,9.32,,,,,,6.4,0.6,,,,6.38,,,551.0,
037460,2026-12-31,2026-06-17,2026-06-17,15.45,,,,,,8.09,1.25,,,,1.35,,,5030.0,
032750,2026-12-31,2026-06-17,2026-06-17,3.52,,,,,,6.95,0.24,,,,3.01,,,431.0,
0013V0,2026-12-31,2026-06-17,2026-06-17,17.6,,,,,,7.9,1.39,,,,,,,743.0,
054090,2026-12-31,2026-06-17,2026-06-17,0.0,,,,,,,0.61,,,,,,,,
000250,2026-12-31,2026-06-17,2026-06-17,1.9,,,,,,1223.45,23.3,,,,0.02,,,226.0,
024950,2026-12-31,2026-06-17,2026-06-17,6.41,,,,,,7.01,0.45,,,,2.71,,,526.0,
038500,2026-12-31,2026-06-17,2026-06-17,5.19,,,,,,28.58,1.48,,,,1.11,,,380.0,
437730,2026-12-31,2026-06-17,2026-06-17,7.37,,,,,,163.52,12.04,,,,0.1,,,307.0,
017480,2026-12-31,2026-06-17,2026-06-17,3.22,,,,,,12.34,0.4,,,,5.92,,,411.0,
046390,2026-12-31,2026-06-17,2026-06-17,0.0,,,,,,,0.4,,,,,,,,
027580,2026-12-31,2026-06-17,2026-06-17,0.0,,,,,,,0.46,,,,,,,,
038540,2026-12-31,2026-06-17,2026-06-17,0.0,,,,,,,0.3,,,,,,,,
091580,2026-12-31,2026-06-17,2026-06-17,1.26,,,,,,125.89,1.58,,,,0.53,,,151.0,
263810,2026-12-31,2026-06-17,2026-06-17,3.44,,,,,,22.59,0.78,,,,,,,114.0,
089980,2026-12-31,2026-06-17,2026-06-17,3.32,,,,,,45.7,1.52,,,,1.01,,,433.0,
042940,2026-12-31,2026-06-17,2026-06-17,0.0,,,,,,,0.54,,,,,,,,
042600,2026-12-31,2026-06-17,2026-06-17,0.0,,,,,,,1.88,,,,,,,,
107600,2026-12-31,2026-06-17,2026-06-17,0.0,,,,,,,2.42,,,,,,,,
411080,2026-12-31,2026-06-17,2026-06-17,0.0,,,,,,,1.49,,,,2.85,,,,
252990,2026-12-31,2026-06-17,2026-06-17,9.22,,,,,,54.62,5.04,,,,,,,264.0,
378800,2026-12-31,2026-06-17,2026-06-17,0.0,,,,,,,2.39,,,,,,,,
294630,2026-12-31,2026-06-17,2026-06-17,0.0,,,,,,,8.22,,,,,,,,
038070,2026-12-31,2026-06-17,2026-06-17,0.87,,,,,,62.41,0.54,,,,1.93,,,83.0,
006730,2026-12-31,2026-06-17,2026-06-17,7.45,,,,,,9.09,0.68,,,,0.89,,,1241.0,
079650,2026-12-31,2026-06-17,2026-06-17,0.0,,,,,,,1.06,,,,,,,,
100660,2026-12-31,2026-06-17,2026-06-17,1.79,,,,,,37.63,0.67,,,,0.28,,,95.0,
019770,2026-12-31,2026-06-17,2026-06-17,9.23,,,,,,4.3,0.4,,,,1.9,,,798.0,
092190,2026-12-31,2026-06-17,2026-06-17,0.0,,,,,,,5.44,,,,,,,,
046890,2026-12-31,2026-06-17,2026-06-17,0.0,,,,,,,1.19,,,,,,,,
063170,2026-12-31,2026-06-17,2026-06-17,0.0,,,,,,,0.87,,,,,,,,
027040,2026-12-31,2026-06-17,2026-06-17,0.0,,,,,,,3.54,,,,,,,,
018680,2026-12-31,2026-06-17,2026-06-17,1.85,,,,,,37.23,0.69,,,,,,,65.0,
036120,2026-12-31,2026-06-17,2026-06-17,21.56,,,,,,8.12,1.75,,,,4.8,,,205.0,
093920,2026-12-31,2026-06-17,2026-06-17,3.07,,,,,,13.81,0.42,,,,7.16,,,354.0,
189860,2026-12-31,2026-06-17,2026-06-17,18.06,,,,,,7.23,1.31,,,,,,,715.0,
178320,2026-12-31,2026-06-17,2026-06-17,0.0,,,,,,,5.25,,,,,,,,
122690,2026-12-31,2026-06-17,2026-06-17,0.0,,,,,,,0.29,,,,,,,,
140070,2026-12-31,2026-06-17,2026-06-17,0.0,,,,,,,0.37,,,,,,,,
011370,2026-12-31,2026-06-17,2026-06-17,5.42,,,,,,2.99,0.16,,,,5.69,,,294.0,
065710,2026-12-31,2026-06-17,2026-06-17,25.32,,,,,,10.41,2.64,,,,12.57,,,4588.0,
035890,2026-12-31,2026-06-17,2026-06-17,11.36,,,,,,3.62,0.41,,,,4.16,,,664.0,
357550,2026-12-31,2026-06-17,2026-06-17,8.62,,,,,,63.81,5.5,,,,,,,699.0,
003100,2026-12-31,2026-06-17,2026-06-17,9.14,,,,,,3.11,0.28,,,,2.3,,,6290.0,
067370,2026-12-31,2026-06-17,2026-06-17,9.65,,,,,,24.85,2.4,,,,,,,229.0,
171090,2026-12-31,2026-06-17,2026-06-17,67.23,,,,,,6.69,4.5,,,,1.36,,,10959.0,
086710,2026-12-31,2026-06-17,2026-06-17,7.04,,,,,,16.13,1.14,,,,2.5,,,496.0,
014620,2026-12-31,2026-06-17,2026-06-17,6.27,,,,,,26.25,1.65,,,,0.59,,,1297.0,
037350,2026-12-31,2026-06-17,2026-06-17,10.27,,,,,,4.67,0.48,,,,2.7,,,1982.0,
458650,2026-12-31,2026-06-17,2026-06-17,2.14,,,,,,34.94,0.75,,,,2.72,,,316.0,
081580,2026-12-31,2026-06-17,2026-06-17,10.96,,,,,,3.13,0.34,,,,1.96,,,814.0,
045300,2026-12-31,2026-06-17,2026-06-17,6.36,,,,,,6.39,0.41,,,,0.67,,,465.0,
015750,2026-12-31,2026-06-17,2026-06-17,9.95,,,,,,3.37,0.34,,,,2.81,,,2110.0,
365340,2026-12-31,2026-06-17,2026-06-17,0.0,,,,,,,5.04,,,,,,,,
080470,2026-12-31,2026-06-17,2026-06-17,14.06,,,,,,2.73,0.38,,,,2.2,,,1163.0,
043260,2026-12-31,2026-06-17,2026-06-17,37.98,,,,,,31.79,12.08,,,,,,,1343.0,
148150,2026-12-31,2026-06-17,2026-06-17,28.63,,,,,,2.58,0.74,,,,2.75,,,1409.0,
061090,2026-12-31,2026-06-17,2026-06-17,10.4,,,,,,12.12,1.26,,,,,,,3280.0,
188260,2026-12-31,2026-06-17,2026-06-17,0.0,,,,,,,4.77,,,,,,,,
053060,2026-12-31,2026-06-17,2026-06-17,14.59,,,,,,4.18,0.61,,,,,,,333.0,
340440,2026-12-31,2026-06-17,2026-06-17,5.21,,,,,,18.38,0.96,,,,,,,66.0,
017510,2026-12-31,2026-06-17,2026-06-17,14.16,,,,,,10.91,1.54,,,,2.41,,,837.0,
0017J0,2026-12-31,2026-06-17,2026-06-17,,,,,,,,,,,,,,,,
490470,2026-12-31,2026-06-17,2026-06-17,0.0,,,,,,,4.12,,,,,,,,
011560,2026-12-31,2026-06-17,2026-06-17,12.98,,,,,,6.41,0.83,,,,2.59,,,3612.0,
396300,2026-12-31,2026-06-17,2026-06-17,1.93,,,,,,85.28,1.64,,,,,,,54.0,
100700,2026-12-31,2026-06-17,2026-06-17,7.78,,,,,,8.28,0.64,,,,3.03,,,279.0,
024830,2026-12-31,2026-06-17,2026-06-17,4.7,,,,,,4.7,0.22,,,,1.91,,,2230.0,
258830,2026-12-31,2026-06-17,2026-06-17,0.0,,,,,,,1.2,,,,,,,,
036630,2026-12-31,2026-06-17,2026-06-17,1.86,,,,,,27.18,0.5,,,,3.49,,,316.0,
039310,2026-12-31,2026-06-17,2026-06-17,0.0,,,,,,,0.19,,,,,,,,
067770,2026-12-31,2026-06-17,2026-06-17,1.5,,,,,,20.23,0.3,,,,,,,86.0,
053450,2026-12-31,2026-06-17,2026-06-17,3.39,,,,,,12.89,0.44,,,,,,,327.0,
252500,2026-12-31,2026-06-17,2026-06-17,2.87,,,,,,23.57,0.68,,,,1.52,,,28.0,
321370,2026-12-31,2026-06-17,2026-06-17,0.0,,,,,,,8.15,,,,,,,,
347000,2026-12-31,2026-06-17,2026-06-17,9.53,,,,,,12.24,1.17,,,,,,,148.0,
331920,2026-12-31,2026-06-17,2026-06-17,0.0,,,,,,,5.07,,,,,,,,
352770,2026-12-31,2026-06-17,2026-06-17,,,,,,,,,,,,,,,,
471820,2026-12-31,2026-06-17,2026-06-17,6.28,,,,,,17.48,1.1,,,,4.01,,,264.0,
049180,2026-12-31,2026-06-17,2026-06-17,0.0,,,,,,,6.59,,,,,,,,
299660,2026-12-31,2026-06-17,2026-06-17,0.0,,,,,,,1.08,,,,,,,,
108860,2026-12-31,2026-06-17,2026-06-17,0.0,,,,,,,2.43,,,,,,,,
208370,2026-12-31,2026-06-17,2026-06-17,5.46,,,,,,22.22,1.21,,,,,,,151.0,
318160,2026-12-31,2026-06-17,2026-06-17,15.63,,,,,,5.54,0.87,,,,,,,1059.0,
308430,2026-12-31,2026-06-17,2026-06-17,0.0,,,,,,,10.47,,,,,,,,
068760,2026-12-31,2026-06-17,2026-06-17,8.89,,,,,,50.91,4.53,,,,0.45,,,875.0,
068940,2026-12-31,2026-06-17,2026-06-17,0.0,,,,,,,3.44,,,,,,,,
007720,2026-12-31,2026-06-17,2026-06-17,0.0,,,,,,,0.4,,,,,,,,
290690,2026-12-31,2026-06-17,2026-06-17,0.0,,,,,,,2.6,,,,,,,,
032680,2026-12-31,2026-06-17,2026-06-17,0.0,,,,,,,0.37,,,,,,,,
032685,2026-12-31,2026-06-17,2026-06-17,,,,,,,,,,,,,,,,
258790,2026-12-31,2026-06-17,2026-06-17,24.53,,,,,,5.54,1.36,,,,,,,790.0,
066910,2026-12-31,2026-06-17,2026-06-17,1.92,,,,,,42.29,0.81,,,,,,,70.0,
215090,2026-12-31,2026-06-17,2026-06-17,6.08,,,,,,13.38,0.81,,,,,,,137.0,
035610,2026-12-31,2026-06-17,2026-06-17,10.47,,,,,,4.27,0.45,,,,,,,814.0,
357780,2026-12-31,2026-06-17,2026-06-17,7.46,,,,,,39.57,2.95,,,,0.58,,,10285.0,
036830,2026-12-31,2026-06-17,2026-06-17,27.93,,,,,,1.88,0.53,,,,1.1,,,24137.0,
304100,2026-12-31,2026-06-17,2026-06-17,0.0,,,,,,,2.92,,,,,,,,
328380,2026-12-31,2026-06-17,2026-06-17,3.62,,,,,,24.88,0.9,,,,,,,125.0,
086980,2026-12-31,2026-06-17,2026-06-17,0.0,,,,,,,1.47,,,,,,,,
050960,2026-12-31,2026-06-17,2026-06-17,5.73,,,,,,10.41,0.6,,,,3.85,,,774.0,
084180,2026-12-31,2026-06-17,2026-06-17,0.0,,,,,,,0.14,,,,,,,,
253840,2026-12-31,2026-06-17,2026-06-17,0.0,,,,,,,0.97,,,,,,,,
298830,2026-12-31,2026-06-17,2026-06-17,8.12,,,,,,32.32,2.63,,,,,,,164.0,
236200,2026-12-31,2026-06-17,2026-06-17,11.98,,,,,,9.66,1.16,,,,,,,4662.0,
094840,2026-12-31,2026-06-17,2026-06-17,5.8,,,,,,7.24,0.42,,,,,,,1429.0,
192440,2026-12-31,2026-06-17,2026-06-17,5.41,,,,,,6.22,0.34,,,,1.62,,,4967.0,
424960,2026-12-31,2026-06-17,2026-06-17,0.0,,,,,,,4.28,,,,,,,,
099440,2026-12-31,2026-06-17,2026-06-17,0.0,,,,,,,2.32,,,,,,,,
066590,2026-12-31,2026-06-17,2026-06-17,0.0,,,,,,,1.11,,,,,,,,
276040,2026-12-31,2026-06-17,2026-06-17,0.0,,,,,,,0.54,,,,,,,,
060240,2026-12-31,2026-06-17,2026-06-17,0.0,,,,,,,988.0,,,,,,,,
115570,2026-12-31,2026-06-17,2026-06-17,4.87,,,,,,6.0,0.29,,,,3.79,,,440.0,
330730,2026-12-31,2026-06-17,2026-06-17,11.88,,,,,,8.18,0.97,,,,5.76,,,637.0,
352090,2026-12-31,2026-06-17,2026-06-17,10.89,,,,,,9.63,1.05,,,,12.3,,,380.0,
253450,2026-12-31,2026-06-17,2026-06-17,1.29,,,,,,73.03,0.94,,,,,,,343.0,
408900,2026-12-31,2026-06-17,2026-06-17,0.0,,,,,,,1.31,,,,,,,,
415380,2026-12-31,2026-06-17,2026-06-17,7.69,,,,,,7.38,0.57,,,,5.56,,,244.0,
013810,2026-12-31,2026-06-17,2026-06-17,0.0,,,,,,,0.66,,,,,,,,
347700,2026-12-31,2026-06-17,2026-06-17,0.34,,,,,,6000.0,20.22,,,,,,,5.0,
049830,2026-12-31,2026-06-17,2026-06-17,1.67,,,,,,16.08,0.27,,,,2.19,,,426.0,
020710,2026-12-31,2026-06-17,2026-06-17,16.43,,,,,,2.4,0.39,,,,8.73,,,1617.0,
033170,2026-12-31,2026-06-17,2026-06-17,0.0,,,,,,,0.94,,,,,,,,
048870,2026-12-31,2026-06-17,2026-06-17,1.46,,,,,,52.97,0.77,,,,,,,35.0,
025320,2026-12-31,2026-06-17,2026-06-17,4.28,,,,,,57.0,2.44,,,,,,,80.0,
340810,2026-12-31,2026-06-17,2026-06-17,0.0,,,,,,,2.44,,,,,,,,
269620,2026-12-31,2026-06-17,2026-06-17,,,,,,,,,,,,,,,,
056090,2026-12-31,2026-06-17,2026-06-17,6.92,,,,,,20.92,1.45,,,,,,,63.0,
429270,2026-12-31,2026-06-17,2026-06-17,0.0,,,,,,,1.6,,,,,,,,
418250,2026-12-31,2026-06-17,2026-06-17,0.0,,,,,,,13.05,,,,,,,,
131090,2026-12-31,2026-06-17,2026-06-17,9.47,,,,,,6.3,0.6,,,,3.88,,,614.0,
290520,2026-12-31,2026-06-17,2026-06-17,3.03,,,,,,16.55,0.5,,,,,,,114.0,
001000,2026-12-31,2026-06-17,2026-06-17,0.5,,,,,,452.33,2.28,,,,,,,3.0,
025870,2026-12-31,2026-06-17,2026-06-17,0.0,,,,,,,0.86,,,,,,,,
215600,2026-12-31,2026-06-17,2026-06-17,0.0,,,,,,,3.24,,,,,,,,
065350,2026-12-31,2026-06-17,2026-06-17,8.8,,,,,,52.89,4.65,,,,0.28,,,797.0,
416180,2026-12-31,2026-06-17,2026-06-17,0.53,,,,,,447.58,2.37,,,,0.72,,,62.0,
162300,2026-12-31,2026-06-17,2026-06-17,1.58,,,,,,52.73,0.83,,,,1.21,,,33.0,
002800,2026-12-31,2026-06-17,2026-06-17,12.43,,,,,,7.63,0.95,,,,1.71,,,613.0,
472220,2026-12-31,2026-06-17,2026-06-17,,,,,,,,,,,,,,,,
0091W0,2026-12-31,2026-06-17,2026-06-17,,,,,,,,,,,,,,,,
017000,2026-12-31,2026-06-17,2026-06-17,4.33,,,,,,5.92,0.26,,,,,,,434.0,
012790,2026-12-31,2026-06-17,2026-06-17,4.94,,,,,,8.33,0.41,,,,3.51,,,651.0,
138070,2026-12-31,2026-06-17,2026-06-17,0.0,,,,,,,0.31,,,,2.09,,,,
226330,2026-12-31,2026-06-17,2026-06-17,0.0,,,,,,,1.49,,,,,,,,
474660,2026-12-31,2026-06-17,2026-06-17,,,,,,,,,,,,,,,,
474930,2026-12-31,2026-06-17,2026-06-17,,,,,,,,,,,,,,,,
487360,2026-12-31,2026-06-17,2026-06-17,,,,,,,,,,,,,,,,
487830,2026-12-31,2026-06-17,2026-06-17,,,,,,,,,,,,,,,,
496070,2026-12-31,2026-06-17,2026-06-17,,,,,,,,,,,,,,,,
0130D0,2026-12-31,2026-06-17,2026-06-17,,,,,,,,,,,,,,,,
0129K0,2026-12-31,2026-06-17,2026-06-17,,,,,,,,,,,,,,,,
056700,2026-12-31,2026-06-17,2026-06-17,3.45,,,,,,13.32,0.46,,,,,,,116.0,
187270,2026-12-31,2026-06-17,2026-06-17,4.35,,,,,,10.19,0.44,,,,1.46,,,337.0,
095190,2026-12-31,2026-06-17,2026-06-17,0.0,,,,,,,1.23,,,,,,,,
243840,2026-12-31,2026-06-17,2026-06-17,0.0,,,,,,,0.8,,,,,,,,
257720,2026-12-31,2026-06-17,2026-06-17,39.51,,,,,,12.72,5.02,,,,0.87,,,2756.0,
222800,2026-12-31,2026-06-17,2026-06-17,0.0,,,,,,,8.42,,,,0.08,,,,
036710,2026-12-31,2026-06-17,2026-06-17,0.0,,,,,,,10.15,,,,0.2,,,,
444530,2026-12-31,2026-06-17,2026-06-17,0.0,,,,,,,3.17,,,,,,,,
234030,2026-12-31,2026-06-17,2026-06-17,5.1,,,,,,58.73,3.0,,,,,,,79.0,
160980,2026-12-31,2026-06-17,2026-06-17,8.02,,,,,,27.61,2.21,,,,1.02,,,1425.0,
356890,2026-12-31,2026-06-17,2026-06-17,0.0,,,,,,,0.79,,,,1.33,,,,
217330,2026-12-31,2026-06-17,2026-06-17,0.0,,,,,,,2.8,,,,,,,,
208640,2026-12-31,2026-06-17,2026-06-17,0.0,,,,,,,1.3,,,,,,,,
222420,2026-12-31,2026-06-17,2026-06-17,3.68,,,,,,40.8,1.5,,,,,,,30.0,
037760,2026-12-31,2026-06-17,2026-06-17,0.0,,,,,,,0.89,,,,2.04,,,,
081180,2026-12-31,2026-06-17,2026-06-17,0.0,,,,,,,1.9,,,,,,,,
099320,2026-12-31,2026-06-17,2026-06-17,6.14,,,,,,82.52,5.07,,,,0.09,,,1396.0,
049960,2026-12-31,2026-06-17,2026-06-17,7.69,,,,,,10.99,0.84,,,,3.69,,,1479.0,
088280,2026-12-31,2026-06-17,2026-06-17,0.0,,,,,,,1.68,,,,,,,,
050890,2026-12-31,2026-06-17,2026-06-17,10.36,,,,,,21.03,2.18,,,,0.39,,,610.0,
394800,2026-12-31,2026-06-17,2026-06-17,0.0,,,,,,,9.97,,,,,,,,
177900,2026-12-31,2026-06-17,2026-06-17,0.0,,,,,,,1.1,,,,,,,,
475400,2026-12-31,2026-06-17,2026-06-17,0.0,,,,,,,4.81,,,,,,,,
109670,2026-12-31,2026-06-17,2026-06-17,0.0,,,,,,,0.36,,,,,,,,
066790,2026-12-31,2026-06-17,2026-06-17,0.0,,,,,,,3.55,,,,,,,,
222080,2026-12-31,2026-06-17,2026-06-17,5.65,,,,,,29.19,1.65,,,,,,,371.0,
352480,2026-12-31,2026-06-17,2026-06-17,5.1,,,,,,16.22,0.83,,,,,,,1329.0,
264660,2026-12-31,2026-06-17,2026-06-17,13.67,,,,,,7.16,0.98,,,,3.7,,,2078.0,
352700,2026-12-31,2026-06-17,2026-06-17,0.0,,,,,,,0.26,,,,3.19,,,,
458870,2026-12-31,2026-06-17,2026-06-17,40.98,,,,,,81.73,33.49,,,,,,,427.0,
297090,2026-12-31,2026-06-17,2026-06-17,11.13,,,,,,11.81,1.31,,,,,,,412.0,
359090,2026-12-31,2026-06-17,2026-06-17,5.23,,,,,,12.22,0.64,,,,1.82,,,45.0,
115530,2026-12-31,2026-06-17,2026-06-17,0.0,,,,,,,1.94,,,,,,,,
388210,2026-12-31,2026-06-17,2026-06-17,0.0,,,,,,,5.62,,,,,,,,
115480,2026-12-31,2026-06-17,2026-06-17,1.42,,,,,,28.54,0.41,,,,,,,70.0,
376290,2026-12-31,2026-06-17,2026-06-17,1.19,,,,,,32.47,0.39,,,,0.96,,,77.0,
189330,2026-12-31,2026-06-17,2026-06-17,0.0,,,,,,,3.27,,,,,,,,
096530,2026-12-31,2026-06-17,2026-06-17,4.75,,,,,,28.18,1.34,,,,3.39,,,1047.0,
101240,2026-12-31,2026-06-17,2026-06-17,8.41,,,,,,3.77,0.32,,,,,,,895.0,
060590,2026-12-31,2026-06-17,2026-06-17,4.47,,,,,,24.34,1.09,,,,,,,136.0,
260930,2026-12-31,2026-06-17,2026-06-17,0.0,,,,,,,0.38,,,,3.69,,,,
413630,2026-12-31,2026-06-17,2026-06-17,4.52,,,,,,47.69,2.16,,,,2.33,,,54.0,
013990,2026-12-31,2026-06-17,2026-06-17,6.46,,,,,,9.54,0.62,,,,,,,417.0,
123860,2026-12-31,2026-06-17,2026-06-17,3.6,,,,,,73.66,2.65,,,,1.52,,,224.0,
025980,2026-12-31,2026-06-17,2026-06-17,0.0,,,,,,,0.68,,,,,,,,
0015N0,2026-12-31,2026-06-17,2026-06-17,13.08,,,,,,13.6,1.78,,,,,,,442.0,
261780,2026-12-31,2026-06-17,2026-06-17,0.0,,,,,,,6.47,,,,,,,,
125210,2026-12-31,2026-06-17,2026-06-17,7.26,,,,,,26.53,1.93,,,,,,,357.0,
357580,2026-12-31,2026-06-17,2026-06-17,1.15,,,,,,209.09,2.4,,,,,,,44.0,
052710,2026-12-31,2026-06-17,2026-06-17,5.07,,,,,,56.27,2.85,,,,,,,542.0,
074430,2026-12-31,2026-06-17,2026-06-17,6.27,,,,,,30.73,1.93,,,,,,,40.0,
092040,2026-12-31,2026-06-17,2026-06-17,0.0,,,,,,,0.78,,,,,,,,
083930,2026-12-31,2026-06-17,2026-06-17,12.79,,,,,,6.48,0.83,,,,3.88,,,1987.0,
149950,2026-12-31,2026-06-17,2026-06-17,4.55,,,,,,27.91,1.27,,,,1.42,,,506.0,
036010,2026-12-31,2026-06-17,2026-06-17,8.15,,,,,,17.5,1.43,,,,0.24,,,716.0,
050860,2026-12-31,2026-06-17,2026-06-17,2.12,,,,,,13.14,0.28,,,,2.66,,,143.0,
136410,2026-12-31,2026-06-17,2026-06-17,12.32,,,,,,6.93,0.85,,,,2.25,,,834.0,
246720,2026-12-31,2026-06-17,2026-06-17,0.0,,,,,,,9.98,,,,,,,,
450950,2026-12-31,2026-06-17,2026-06-17,20.05,,,,,,31.0,6.21,,,,1.37,,,250.0,
067390,2026-12-31,2026-06-17,2026-06-17,0.0,,,,,,,0.78,,,,,,,,
159010,2026-12-31,2026-06-17,2026-06-17,0.0,,,,,,,6.12,,,,,,,,
127710,2026-12-31,2026-06-17,2026-06-17,3.36,,,,,,9.75,0.33,,,,,,,92.0,
154030,2026-12-31,2026-06-17,2026-06-17,0.0,,,,,,,0.85,,,,,,,,
227610,2026-12-31,2026-06-17,2026-06-17,0.0,,,,,,,0.89,,,,,,,,
331740,2026-12-31,2026-06-17,2026-06-17,0.0,,,,,,,3.42,,,,,,,,
143160,2026-12-31,2026-06-17,2026-06-17,7.13,,,,,,8.65,0.62,,,,2.65,,,1745.0,
054800,2026-12-31,2026-06-17,2026-06-17,12.01,,,,,,2.81,0.34,,,,2.08,,,5126.0,
332370,2026-12-31,2026-06-17,2026-06-17,14.81,,,,,,5.88,0.87,,,,3.37,,,857.0,
066430,2026-12-31,2026-06-17,2026-06-17,3.82,,,,,,84.19,3.21,,,,,,,43.0,
339950,2026-12-31,2026-06-17,2026-06-17,28.08,,,,,,5.38,1.51,,,,11.67,,,478.0,
469750,2026-12-31,2026-06-17,2026-06-17,0.0,,,,,,,1.09,,,,,,,,
460470,2026-12-31,2026-06-17,2026-06-17,0.0,,,,,,,2.3,,,,,,,,
099190,2026-12-31,2026-06-17,2026-06-17,0.0,,,,,,,1.5,,,,0.58,,,,
461300,2026-12-31,2026-06-17,2026-06-17,24.18,,,,,,4.49,1.09,,,,8.89,,,3893.0,
289010,2026-12-31,2026-06-17,2026-06-17,0.0,,,,,,,0.42,,,,,,,,
214430,2026-12-31,2026-06-17,2026-06-17,13.89,,,,,,27.93,3.88,,,,0.61,,,2657.0,
040910,2026-12-31,2026-06-17,2026-06-17,0.0,,,,,,,0.79,,,,,,,,
368600,2026-12-31,2026-06-17,2026-06-17,0.0,,,,,,,0.49,,,,,,,,
456010,2026-12-31,2026-06-17,2026-06-17,0.0,,,,,,,7.32,,,,,,,,
052860,2026-12-31,2026-06-17,2026-06-17,13.13,,,,,,17.9,2.35,,,,,,,281.0,
464500,2026-12-31,2026-06-17,2026-06-17,0.0,,,,,,,1.28,,,,,,,,
212710,2026-12-31,2026-06-17,2026-06-17,0.0,,,,,,,4.65,,,,,,,,
038880,2026-12-31,2026-06-17,2026-06-17,0.0,,,,,,,0.47,,,,,,,,
307180,2026-12-31,2026-06-17,2026-06-17,0.0,,,,,,,9.84,,,,,,,,
101390,2026-12-31,2026-06-17,2026-06-17,0.0,,,,,,,1.13,,,,,,,,
493280,2026-12-31,2026-06-17,2026-06-17,2.22,,,,,,219.92,4.88,,,,,,,128.0,
461030,2026-12-31,2026-06-17,2026-06-17,0.0,,,,,,,2.52,,,,,,,,
451220,2026-12-31,2026-06-17,2026-06-17,3.16,,,,,,114.68,3.63,,,,,,,124.0,
078860,2026-12-31,2026-06-17,2026-06-17,0.0,,,,,,,0.28,,,,,,,,
090150,2026-12-31,2026-06-17,2026-06-17,18.67,,,,,,2.79,0.52,,,,,,,217.0,
031310,2026-12-31,2026-06-17,2026-06-17,6.27,,,,,,2.85,0.18,,,,,,,382.0,
462980,2026-12-31,2026-06-17,2026-06-17,11.72,,,,,,10.58,1.24,,,,,,,142.0,
185490,2026-12-31,2026-06-17,2026-06-17,0.0,,,,,,,1.06,,,,,,,,
059100,2026-12-31,2026-06-17,2026-06-17,13.43,,,,,,5.34,0.72,,,,3.05,,,922.0,
262840,2026-12-31,2026-06-17,2026-06-17,10.59,,,,,,5.67,0.6,,,,4.47,,,552.0,
175250,2026-12-31,2026-06-17,2026-06-17,0.0,,,,,,,3.08,,,,,,,,
052460,2026-12-31,2026-06-17,2026-06-17,22.01,,,,,,3.63,0.8,,,,3.27,,,842.0,
119830,2026-12-31,2026-06-17,2026-06-17,0.0,,,,,,,0.81,,,,,,,,
052770,2026-12-31,2026-06-17,2026-06-17,0.0,,,,,,,1.02,,,,,,,,
124500,2026-12-31,2026-06-17,2026-06-17,37.19,,,,,,18.08,6.73,,,,,,,2010.0,
010280,2026-12-31,2026-06-17,2026-06-17,23.19,,,,,,3.12,0.72,,,,,,,1772.0,
232830,2026-12-31,2026-06-17,2026-06-17,0.0,,,,,,,2.46,,,,,,,,
372800,2026-12-31,2026-06-17,2026-06-17,0.0,,,,,,,1.96,,,,,,,,
084850,2026-12-31,2026-06-17,2026-06-17,0.0,,,,,,,2.45,,,,,,,,
309710,2026-12-31,2026-06-17,2026-06-17,0.0,,,,,,,4.02,,,,,,,,
114840,2026-12-31,2026-06-17,2026-06-17,20.75,,,,,,7.24,1.5,,,,3.24,,,1273.0,
027360,2026-12-31,2026-06-17,2026-06-17,3.14,,,,,,95.0,2.99,,,,1.05,,,70.0,
032080,2026-12-31,2026-06-17,2026-06-17,0.86,,,,,,27.89,0.24,,,,,,,44.0,
013310,2026-12-31,2026-06-17,2026-06-17,6.68,,,,,,5.25,0.35,,,,3.18,,,598.0,
059120,2026-12-31,2026-06-17,2026-06-17,2.04,,,,,,153.7,3.14,,,,,,,46.0,
0007C0,2026-12-31,2026-06-17,2026-06-17,0.0,,,,,,,4.19,,,,,,,,
203690,2026-12-31,2026-06-17,2026-06-17,0.0,,,,,,,3.41,,,,,,,,
158430,2026-12-31,2026-06-17,2026-06-17,1.61,,,,,,80.45,1.3,,,,0.94,,,66.0,
200350,2026-12-31,2026-06-17,2026-06-17,0.0,,,,,,,0.72,,,,,,,,
321820,2026-12-31,2026-06-17,2026-06-17,3.28,,,,,,41.1,1.35,,,,,,,86.0,
001540,2026-12-31,2026-06-17,2026-06-17,4.52,,,,,,16.34,0.74,,,,5.89,,,658.0,
053800,2026-12-31,2026-06-17,2026-06-17,13.75,,,,,,10.24,1.41,,,,2.39,,,5714.0,
065660,2026-12-31,2026-06-17,2026-06-17,0.0,,,,,,,3.08,,,,,,,,
297570,2026-12-31,2026-06-17,2026-06-17,10.68,,,,,,7.74,0.83,,,,,,,143.0,
260660,2026-12-31,2026-06-17,2026-06-17,0.0,,,,,,,0.53,,,,2.74,,,,
354320,2026-12-31,2026-06-17,2026-06-17,0.0,,,,,,,2.36,,,,,,,,
361570,2026-12-31,2026-06-17,2026-06-17,0.0,,,,,,,0.82,,,,,,,,
131370,2026-12-31,2026-06-17,2026-06-17,1.83,,,,,,50.97,0.93,,,,0.58,,,34.0,
140670,2026-12-31,2026-06-17,2026-06-17,0.0,,,,,,,2.72,,,,,,,,
096610,2026-12-31,2026-06-17,2026-06-17,11.82,,,,,,30.26,3.58,,,,,,,98.0,
061040,2026-12-31,2026-06-17,2026-06-17,0.0,,,,,,,0.22,,,,,,,,
148250,2026-12-31,2026-06-17,2026-06-17,0.0,,,,,,,0.67,,,,,,,,
123010,2026-12-31,2026-06-17,2026-06-17,0.0,,,,,,,2.71,,,,,,,,
476830,2026-12-31,2026-06-17,2026-06-17,0.0,,,,,,,24.88,,,,,,,,
347860,2026-12-31,2026-06-17,2026-06-17,0.0,,,,,,,2.96,,,,,,,,
196170,2026-12-31,2026-06-17,2026-06-17,32.13,,,,,,140.6,45.17,,,,0.1,,,2653.0,
123750,2026-12-31,2026-06-17,2026-06-17,1.07,,,,,,101.18,1.08,,,,,,,17.0,
459550,2026-12-31,2026-06-17,2026-06-17,11.57,,,,,,7.42,0.86,,,,,,,223.0,
085810,2026-12-31,2026-06-17,2026-06-17,0.0,,,,,,,0.35,,,,,,,,
043100,2026-12-31,2026-06-17,2026-06-17,0.0,,,,,,,0.34,,,,,,,,
117670,2026-12-31,2026-06-17,2026-06-17,0.0,,,,,,,1.94,,,,,,,,
314140,2026-12-31,2026-06-17,2026-06-17,4.37,,,,,,9.91,0.43,,,,0.93,,,541.0,
291650,2026-12-31,2026-06-17,2026-06-17,0.0,,,,,,,1.24,,,,,,,,
293780,2026-12-31,2026-06-17,2026-06-17,0.0,,,,,,,2.95,,,,,,,,
310200,2026-12-31,2026-06-17,2026-06-17,10.82,,,,,,9.08,0.98,,,,4.1,,,250.0,
179530,2026-12-31,2026-06-17,2026-06-17,0.0,,,,,,,2.36,,,,,,,,
397810,2026-12-31,2026-06-17,2026-06-17,0.0,,,,,,,0.6,,,,4.75,,,,
0011A0,2026-12-31,2026-06-17,2026-06-17,18.19,,,,,,19.93,3.62,,,,,,,734.0,
052790,2026-12-31,2026-06-17,2026-06-17,12.33,,,,,,1.6,0.2,,,,,,,2899.0,
290740,2026-12-31,2026-06-17,2026-06-17,10.05,,,,,,16.2,1.63,,,,0.77,,,802.0,
238090,2026-12-31,2026-06-17,2026-06-17,5.49,,,,,,11.3,0.62,,,,,,,230.0,
138360,2026-12-31,2026-06-17,2026-06-17,12.25,,,,,,18.46,2.26,,,,,,,136.0,
092600,2026-12-31,2026-06-17,2026-06-17,31.91,,,,,,1.2,0.38,,,,,,,2545.0,
129890,2026-12-31,2026-06-17,2026-06-17,10.34,,,,,,6.79,0.7,,,,18.18,,,141.0,
174900,2026-12-31,2026-06-17,2026-06-17,0.0,,,,,,,11.51,,,,,,,,
109960,2026-12-31,2026-06-17,2026-06-17,0.0,,,,,,,0.07,,,,,,,,
270520,2026-12-31,2026-06-17,2026-06-17,0.0,,,,,,,0.2,,,,,,,,
255440,2026-12-31,2026-06-17,2026-06-17,0.0,,,,,,,0.71,,,,,,,,
030960,2026-12-31,2026-06-17,2026-06-17,0.0,,,,,,,0.41,,,,0.91,,,,
102120,2026-12-31,2026-06-17,2026-06-17,8.51,,,,,,17.28,1.47,,,,1.89,,,613.0,
238120,2026-12-31,2026-06-17,2026-06-17,7.79,,,,,,16.12,1.26,,,,,,,206.0,
019990,2026-12-31,2026-06-17,2026-06-17,0.0,,,,,,,1.65,,,,1.53,,,,
435570,2026-12-31,2026-06-17,2026-06-17,0.0,,,,,,,0.96,,,,1.9,,,,
270660,2026-12-31,2026-06-17,2026-06-17,0.0,,,,,,,2.96,,,,,,,,
038680,2026-12-31,2026-06-17,2026-06-17,4.35,,,,,,13.25,0.58,,,,3.03,,,249.0,
217480,2026-12-31,2026-06-17,2026-06-17,0.0,,,,,,,1.86,,,,,,,,
121890,2026-12-31,2026-06-17,2026-06-17,10.65,,,,,,22.5,2.4,,,,,,,96.0,
304360,2026-12-31,2026-06-17,2026-06-17,0.0,,,,,,,36.13,,,,,,,,
389500,2026-12-31,2026-06-17,2026-06-17,0.0,,,,,,,30.04,,,,,,,,
042110,2026-12-31,2026-06-17,2026-06-17,4.67,,,,,,9.41,0.44,,,,4.03,,,132.0,
065420,2026-12-31,2026-06-17,2026-06-17,0.0,,,,,,,1.32,,,,,,,,
103230,2026-12-31,2026-06-17,2026-06-17,6.79,,,,,,5.95,0.4,,,,,,,504.0,
260970,2026-12-31,2026-06-17,2026-06-17,23.9,,,,,,7.02,1.68,,,,3.58,,,7124.0,
101490,2026-12-31,2026-06-17,2026-06-17,19.22,,,,,,22.6,4.34,,,,0.32,,,2797.0,
095910,2026-12-31,2026-06-17,2026-06-17,0.0,,,,,,,1.03,,,,,,,,
275630,2026-12-31,2026-06-17,2026-06-17,0.0,,,,,,,0.73,,,,,,,,
031330,2026-12-31,2026-06-17,2026-06-17,15.59,,,,,,20.27,3.16,,,,1.46,,,777.0,
060540,2026-12-31,2026-06-17,2026-06-17,0.76,,,,,,41.43,0.31,,,,4.02,,,30.0,
056190,2026-12-31,2026-06-17,2026-06-17,5.96,,,,,,14.46,0.86,,,,3.43,,,1916.0,
0008Z0,2026-12-31,2026-06-17,2026-06-17,11.85,,,,,,13.16,1.56,,,,1.67,,,2169.0,
246250,2026-12-31,2026-06-17,2026-06-17,0.0,,,,,,,3.88,,,,,,,,
041510,2026-12-31,2026-06-17,2026-06-17,34.63,,,,,,5.42,1.88,,,,1.97,,,15166.0,
460870,2026-12-31,2026-06-17,2026-06-17,3.41,,,,,,33.63,1.15,,,,,,,73.0,
464080,2026-12-31,2026-06-17,2026-06-17,0.0,,,,,,,8.8,,,,,,,,
109610,2026-12-31,2026-06-17,2026-06-17,0.0,,,,,,,0.64,,,,2.16,,,,
365330,2026-12-31,2026-06-17,2026-06-17,0.0,,,,,,,1.29,,,,,,,,
306040,2026-12-31,2026-06-17,2026-06-17,0.0,,,,,,,0.16,,,,,,,,
398120,2026-12-31,2026-06-17,2026-06-17,3.95,,,,,,27.91,1.1,,,,,,,86.0,
472230,2026-12-31,2026-06-17,2026-06-17,,,,,,,,,,,,,,,,
473000,2026-12-31,2026-06-17,2026-06-17,,,,,,,,,,,,,,,,
473950,2026-12-31,2026-06-17,2026-06-17,,,,,,,,,,,,,,,,
475660,2026-12-31,2026-06-17,2026-06-17,0.0,,,,,,,0.88,,,,,,,,
096630,2026-12-31,2026-06-17,2026-06-17,40.37,,,,,,1.01,0.41,,,,,,,2285.0,
069510,2026-12-31,2026-06-17,2026-06-17,17.71,,,,,,2.47,0.44,,,,6.96,,,4949.0,
488280,2026-12-31,2026-06-17,2026-06-17,0.0,,,,,,,7.23,,,,,,,,
234300,2026-12-31,2026-06-17,2026-06-17,4.76,,,,,,16.89,0.8,,,,4.61,,,180.0,
039440,2026-12-31,2026-06-17,2026-06-17,5.57,,,,,,29.86,1.66,,,,0.48,,,1045.0,
098660,2026-12-31,2026-06-17,2026-06-17,0.0,,,,,,,0.9,,,,,,,,
052020,2026-12-31,2026-06-17,2026-06-17,0.0,,,,,,,10.33,,,,,,,,
237690,2026-12-31,2026-06-17,2026-06-17,9.44,,,,,,49.15,4.64,,,,0.38,,,2706.0,
458350,2026-12-31,2026-06-17,2026-06-17,13.48,,,,,,16.58,2.23,,,,,,,304.0,
050760,2026-12-31,2026-06-17,2026-06-17,0.0,,,,,,,0.31,,,,,,,,
288620,2026-12-31,2026-06-17,2026-06-17,0.0,,,,,,,1.13,,,,,,,,
443670,2026-12-31,2026-06-17,2026-06-17,5.59,,,,,,23.48,1.31,,,,,,,155.0,
317830,2026-12-31,2026-06-17,2026-06-17,0.0,,,,,,,1.37,,,,,,,,
058610,2026-12-31,2026-06-17,2026-06-17,3.54,,,,,,234.47,8.3,,,,0.26,,,412.0,
043340,2026-12-31,2026-06-17,2026-06-17,1.47,,,,,,104.0,1.52,,,,,,,8.0,
163280,2026-12-31,2026-06-17,2026-06-17,4.07,,,,,,21.92,0.89,,,,,,,206.0,
200710,2026-12-31,2026-06-17,2026-06-17,2.66,,,,,,139.21,3.7,,,,,,,278.0,
475580,2026-12-31,2026-06-17,2026-06-17,0.0,,,,,,,2.62,,,,,,,,
096690,2026-12-31,2026-06-17,2026-06-17,0.0,,,,,,,0.22,,,,,,,,
298380,2026-12-31,2026-06-17,2026-06-17,0.0,,,,,,,38.58,,,,,,,,
203400,2026-12-31,2026-06-17,2026-06-17,0.0,,,,,,,1.7,,,,,,,,
195990,2026-12-31,2026-06-17,2026-06-17,0.0,,,,,,,0.5,,,,,,,,
003800,2026-12-31,2026-06-17,2026-06-17,7.48,,,,,,6.17,0.46,,,,7.03,,,5302.0,
088800,2026-12-31,2026-06-17,2026-06-17,0.0,,,,,,,2.91,,,,,,,,
241840,2026-12-31,2026-06-17,2026-06-17,0.0,,,,,,,0.58,,,,,,,,
364950,2026-12-31,2026-06-17,2026-06-17,0.0,,,,,,,0.67,,,,,,,,
453860,2026-12-31,2026-06-17,2026-06-17,3.64,,,,,,29.74,1.08,,,,4.4,,,382.0,
312610,2026-12-31,2026-06-17,2026-06-17,0.0,,,,,,,0.27,,,,,,,,
172670,2026-12-31,2026-06-17,2026-06-17,0.0,,,,,,,1.24,,,,,,,,
481070,2026-12-31,2026-06-17,2026-06-17,12.71,,,,,,23.95,3.04,,,,,,,615.0,
060900,2026-12-31,2026-06-17,2026-06-17,0.0,,,,,,,0.51,,,,,,,,
445090,2026-12-31,2026-06-17,2026-06-17,0.0,,,,,,,6.21,,,,,,,,
295310,2026-12-31,2026-06-17,2026-06-17,14.0,,,,,,77.08,10.79,,,,,,,1060.0,
072990,2026-12-31,2026-06-17,2026-06-17,6.69,,,,,,8.45,0.57,,,,1.2,,,442.0,
044990,2026-12-31,2026-06-17,2026-06-17,8.49,,,,,,11.88,1.01,,,,1.73,,,1216.0,
239610,2026-12-31,2026-06-17,2026-06-17,0.0,,,,,,,0.36,,,,,,,,
036170,2026-12-31,2026-06-17,2026-06-17,8.08,,,,,,22.02,1.78,,,,,,,181.0,
477340,2026-12-31,2026-06-17,2026-06-17,,,,,,,,,,,,,,,,
148930,2026-12-31,2026-06-17,2026-06-17,5.33,,,,,,8.69,0.46,,,,0.49,,,355.0,
044780,2026-12-31,2026-06-17,2026-06-17,7.24,,,,,,5.19,0.38,,,,,,,249.0,
357230,2026-12-31,2026-06-17,2026-06-17,5.54,,,,,,11.37,0.63,,,,3.02,,,204.0,
355690,2026-12-31,2026-06-17,2026-06-17,0.0,,,,,,,11.64,,,,,,,,
071670,2026-12-31,2026-06-17,2026-06-17,0.52,,,,,,137.39,0.71,,,,,,,46.0,
045660,2026-12-31,2026-06-17,2026-06-17,0.47,,,,,,137.14,0.65,,,,4.05,,,63.0,
224110,2026-12-31,2026-06-17,2026-06-17,0.99,,,,,,59.78,0.59,,,,3.72,,,135.0,
021080,2026-12-31,2026-06-17,2026-06-17,12.26,,,,,,5.19,0.64,,,,4.95,,,545.0,
200470,2026-12-31,2026-06-17,2026-06-17,7.42,,,,,,100.98,7.5,,,,,,,123.0,
262260,2026-12-31,2026-06-17,2026-06-17,0.0,,,,,,,1.1,,,,0.93,,,,
397030,2026-12-31,2026-06-17,2026-06-17,0.0,,,,,,,11.2,,,,,,,,
0009K0,2026-12-31,2026-06-17,2026-06-17,3.6,,,,,,264.35,9.51,,,,,,,108.0,
230240,2026-12-31,2026-06-17,2026-06-17,0.0,,,,,,,2.43,,,,,,,,
159910,2026-12-31,2026-06-17,2026-06-17,0.0,,,,,,,1.7,,,,,,,,
230360,2026-12-31,2026-06-17,2026-06-17,7.07,,,,,,30.25,2.14,,,,3.88,,,529.0,
097780,2026-12-31,2026-06-17,2026-06-17,0.0,,,,,,,0.17,,,,,,,,
038870,2026-12-31,2026-06-17,2026-06-17,0.0,,,,,,,0.37,,,,,,,,
448280,2026-12-31,2026-06-17,2026-06-17,1.42,,,,,,150.33,2.13,,,,0.78,,,60.0,
101360,2026-12-31,2026-06-17,2026-06-17,0.0,,,,,,,0.92,,,,,,,,
128540,2026-12-31,2026-06-17,2026-06-17,0.0,,,,,,,0.37,,,,,,,,
086520,2026-12-31,2026-06-17,2026-06-17,0.0,,,,,,,8.43,,,,0.12,,,,
247540,2026-12-31,2026-06-17,2026-06-17,2.28,,,,,,446.65,10.18,,,,0.06,,,403.0,
383310,2026-12-31,2026-06-17,2026-06-17,4.34,,,,,,52.3,2.27,,,,0.61,,,631.0,
038110,2026-12-31,2026-06-17,2026-06-17,0.57,,,,,,46.4,0.27,,,,2.16,,,50.0,
073540,2026-12-31,2026-06-17,2026-06-17,3.45,,,,,,13.91,0.48,,,,2.95,,,183.0,
064850,2026-12-31,2026-06-17,2026-06-17,14.33,,,,,,29.16,4.18,,,,1.03,,,866.0,
036810,2026-12-31,2026-06-17,2026-06-17,0.0,,,,,,,2.75,,,,,,,,
173940,2026-12-31,2026-06-17,2026-06-17,0.0,,,,,,,2.22,,,,,,,,
083500,2026-12-31,2026-06-17,2026-06-17,10.37,,,,,,17.51,1.82,,,,1.73,,,1125.0,
317530,2026-12-31,2026-06-17,2026-06-17,0.0,,,,,,,1.97,,,,,,,,
054940,2026-12-31,2026-06-17,2026-06-17,0.91,,,,,,34.68,0.32,,,,,,,19.0,
373110,2026-12-31,2026-06-17,2026-06-17,0.0,,,,,,,3.4,,,,,,,,
205100,2026-12-31,2026-06-17,2026-06-17,5.36,,,,,,17.05,0.91,,,,2.68,,,92.0,
356680,2026-12-31,2026-06-17,2026-06-17,8.04,,,,,,135.88,10.92,,,,,,,136.0,
070300,2026-12-31,2026-06-17,2026-06-17,1.17,,,,,,88.81,1.04,,,,,,,16.0,
317770,2026-12-31,2026-06-17,2026-06-17,0.0,,,,,,,1.08,,,,,,,,
373200,2026-12-31,2026-06-17,2026-06-17,0.0,,,,,,,3.1,,,,,,,,
069920,2026-12-31,2026-06-17,2026-06-17,0.0,,,,,,,0.32,,,,,,,,
092870,2026-12-31,2026-06-17,2026-06-17,4.73,,,,,,37.13,1.76,,,,0.38,,,715.0,
317870,2026-12-31,2026-06-17,2026-06-17,0.0,,,,,,,1.58,,,,,,,,
067570,2026-12-31,2026-06-17,2026-06-17,0.0,,,,,,,0.37,,,,8.09,,,,
0004V0,2026-12-31,2026-06-17,2026-06-17,0.0,,,,,,,3.38,,,,,,,,
236810,2026-12-31,2026-06-17,2026-06-17,0.0,,,,,,,1.02,,,,,,,,
333620,2026-12-31,2026-06-17,2026-06-17,0.0,,,,,,,1.13,,,,0.71,,,,
101400,2026-12-31,2026-06-17,2026-06-17,0.0,,,,,,,0.63,,,,,,,,
475230,2026-12-31,2026-06-17,2026-06-17,0.0,,,,,,,1.26,,,,,,,,
481890,2026-12-31,2026-06-17,2026-06-17,,,,,,,,,,,,,,,,
0054V0,2026-12-31,2026-06-17,2026-06-17,,,,,,,,,,,,,,,,
0130H0,2026-12-31,2026-06-17,2026-06-17,,,,,,,,,,,,,,,,
265740,2026-12-31,2026-06-17,2026-06-17,15.38,,,,,,9.17,1.41,,,,1.16,,,563.0,
354200,2026-12-31,2026-06-17,2026-06-17,0.0,,,,,,,0.97,,,,,,,,
455900,2026-12-31,2026-06-17,2026-06-17,0.0,,,,,,,11.24,,,,,,,,
419080,2026-12-31,2026-06-17,2026-06-17,0.0,,,,,,,1.22,,,,,,,,
183490,2026-12-31,2026-06-17,2026-06-17,0.0,,,,,,,0.54,,,,,,,,
182400,2026-12-31,2026-06-17,2026-06-17,0.0,,,,,,,37.07,,,,,,,,
348370,2026-12-31,2026-06-17,2026-06-17,0.0,,,,,,,1.66,,,,,,,,
069410,2026-12-31,2026-06-17,2026-06-17,5.69,,,,,,12.43,0.71,,,,,,,321.0,
227950,2026-12-31,2026-06-17,2026-06-17,18.11,,,,,,1.84,0.33,,,,,,,670.0,
291230,2026-12-31,2026-06-17,2026-06-17,0.0,,,,,,,0.88,,,,,,,,
048830,2026-12-31,2026-06-17,2026-06-17,2.43,,,,,,14.25,0.35,,,,3.51,,,60.0,
096870,2026-12-31,2026-06-17,2026-06-17,6.14,,,,,,12.19,0.75,,,,,,,149.0,
290650,2026-12-31,2026-06-17,2026-06-17,0.0,,,,,,,10.62,,,,0.06,,,,
156100,2026-12-31,2026-06-17,2026-06-17,0.0,,,,,,,2.56,,,,,,,,
0041J0,2026-12-31,2026-06-17,2026-06-17,,,,,,,,,,,,,,,,
073110,2026-12-31,2026-06-17,2026-06-17,0.0,,,,,,,0.66,,,,3.32,,,,
083310,2026-12-31,2026-06-17,2026-06-17,0.0,,,,,,,0.76,,,,,,,,
037950,2026-12-31,2026-06-17,2026-06-17,2.97,,,,,,18.93,0.56,,,,,,,145.0,
489500,2026-12-31,2026-06-17,2026-06-17,7.46,,,,,,42.09,3.14,,,,,,,708.0,
170920,2026-12-31,2026-06-17,2026-06-17,4.0,,,,,,98.7,3.95,,,,0.2,,,501.0,
058630,2026-12-31,2026-06-17,2026-06-17,12.08,,,,,,5.13,0.62,,,,5.02,,,861.0,
226590,2026-12-31,2026-06-17,2026-06-17,23.25,,,,,,15.89,3.69,,,,,,,1035.0,
058970,2026-12-31,2026-06-17,2026-06-17,3.08,,,,,,86.13,2.65,,,,,,,238.0,
169330,2026-12-31,2026-06-17,2026-06-17,0.0,,,,,,,1.17,,,,4.66,,,,
373170,2026-12-31,2026-06-17,2026-06-17,6.87,,,,,,19.68,1.35,,,,9.41,,,108.0,
179290,2026-12-31,2026-06-17,2026-06-17,16.14,,,,,,7.77,1.25,,,,2.46,,,628.0,
009780,2026-12-31,2026-06-17,2026-06-17,12.16,,,,,,4.84,0.59,,,,2.05,,,1307.0,
123040,2026-12-31,2026-06-17,2026-06-17,0.0,,,,,,,0.58,,,,,,,,
432980,2026-12-31,2026-06-17,2026-06-17,2.77,,,,,,32.67,0.9,,,,,,,103.0,
007820,2026-12-31,2026-06-17,2026-06-17,0.0,,,,,,,1.31,,,,,,,,
347890,2026-12-31,2026-06-17,2026-06-17,2.31,,,,,,50.76,1.17,,,,1.13,,,105.0,
413390,2026-12-31,2026-06-17,2026-06-17,5.77,,,,,,22.77,1.31,,,,1.46,,,300.0,
032790,2026-12-31,2026-06-17,2026-06-17,0.0,,,,,,,0.95,,,,,,,,
033160,2026-12-31,2026-06-17,2026-06-17,0.36,,,,,,492.86,1.77,,,,0.39,,,63.0,
033310,2026-12-31,2026-06-17,2026-06-17,0.0,,,,,,,0.41,,,,,,,,
259630,2026-12-31,2026-06-17,2026-06-17,20.13,,,,,,7.05,1.42,,,,1.63,,,1735.0,
105550,2026-12-31,2026-06-17,2026-06-17,12.5,,,,,,2.38,0.3,,,,,,,224.0,
060850,2026-12-31,2026-06-17,2026-06-17,11.77,,,,,,7.08,0.83,,,,2.13,,,795.0,
143540,2026-12-31,2026-06-17,2026-06-17,18.07,,,,,,9.59,1.73,,,,,,,127.0,
265560,2026-12-31,2026-06-17,2026-06-17,20.57,,,,,,4.32,0.89,,,,1.65,,,1822.0,
036000,2026-12-31,2026-06-17,2026-06-17,49.33,,,,,,0.6,0.3,,,,,,,5479.0,
250930,2026-12-31,2026-06-17,2026-06-17,0.0,,,,,,,0.87,,,,,,,,
053280,2026-12-31,2026-06-17,2026-06-17,0.0,,,,,,,0.47,,,,7.75,,,,
122640,2026-12-31,2026-06-17,2026-06-17,0.0,,,,,,,5.28,,,,,,,,
476040,2026-12-31,2026-06-17,2026-06-17,0.0,,,,,,,3.37,,,,,,,,
045060,2026-12-31,2026-06-17,2026-06-17,4.57,,,,,,6.35,0.29,,,,2.39,,,329.0,
192410,2026-12-31,2026-06-17,2026-06-17,0.0,,,,,,,34.34,,,,,,,,
080520,2026-12-31,2026-06-17,2026-06-17,0.76,,,,,,37.5,0.28,,,,3.1,,,86.0,
039830,2026-12-31,2026-06-17,2026-06-17,12.6,,,,,,8.22,1.04,,,,3.2,,,2279.0,
322310,2026-12-31,2026-06-17,2026-06-17,0.0,,,,,,,4.29,,,,,,,,
046120,2026-12-31,2026-06-17,2026-06-17,1.27,,,,,,247.59,3.15,,,,,,,29.0,
475830,2026-12-31,2026-06-17,2026-06-17,0.0,,,,,,,11.35,,,,,,,,
014940,2026-12-31,2026-06-17,2026-06-17,15.26,,,,,,14.14,2.16,,,,,,,420.0,
065500,2026-12-31,2026-06-17,2026-06-17,4.57,,,,,,25.72,1.17,,,,,,,57.0,
010470,2026-12-31,2026-06-17,2026-06-17,5.96,,,,,,7.55,0.45,,,,5.37,,,666.0,
417860,2026-12-31,2026-06-17,2026-06-17,0.0,,,,,,,4.42,,,,,,,,
352910,2026-12-31,2026-06-17,2026-06-17,0.0,,,,,,,1.62,,,,,,,,
053980,2026-12-31,2026-06-17,2026-06-17,9.53,,,,,,5.02,0.48,,,,5.45,,,548.0,
036220,2026-12-31,2026-06-17,2026-06-17,1.11,,,,,,29.69,0.33,,,,2.98,,,226.0,
052420,2026-12-31,2026-06-17,2026-06-17,12.03,,,,,,2.33,0.28,,,,,,,3720.0,
052300,2026-12-31,2026-06-17,2026-06-17,0.0,,,,,,,0.09,,,,,,,,
039200,2026-12-31,2026-06-17,2026-06-17,28.87,,,,,,30.52,8.81,,,,,,,1368.0,
226400,2026-12-31,2026-06-17,2026-06-17,11.12,,,,,,12.02,1.34,,,,,,,374.0,
031510,2026-12-31,2026-06-17,2026-06-17,1.38,,,,,,29.86,0.41,,,,1.81,,,37.0,
342870,2026-12-31,2026-06-17,2026-06-17,0.0,,,,,,,0.58,,,,,,,,
368970,2026-12-31,2026-06-17,2026-06-17,0.0,,,,,,,0.41,,,,,,,,
138080,2026-12-31,2026-06-17,2026-06-17,0.0,,,,,,,5.24,,,,,,,,
080580,2026-12-31,2026-06-17,2026-06-17,16.92,,,,,,44.29,7.49,,,,,,,424.0,
067170,2026-12-31,2026-06-17,2026-06-17,0.0,,,,,,,0.64,,,,,,,,
353590,2026-12-31,2026-06-17,2026-06-17,0.0,,,,,,,1.41,,,,,,,,
173130,2026-12-31,2026-06-17,2026-06-17,19.57,,,,,,7.8,1.53,,,,3.3,,,971.0,
440320,2026-12-31,2026-06-17,2026-06-17,0.0,,,,,,,0.8,,,,,,,,
049480,2026-12-31,2026-06-17,2026-06-17,8.47,,,,,,8.1,0.69,,,,1.16,,,266.0,
394280,2026-12-31,2026-06-17,2026-06-17,0.0,,,,,,,21.67,,,,,,,,
476060,2026-12-31,2026-06-17,2026-06-17,22.17,,,,,,47.21,10.47,,,,,,,359.0,
382150,2026-12-31,2026-06-17,2026-06-17,0.0,,,,,,,4.44,,,,,,,,
244460,2026-12-31,2026-06-17,2026-06-17,0.0,,,,,,,7.94,,,,,,,,
226950,2026-12-31,2026-06-17,2026-06-17,0.0,,,,,,,21.07,,,,,,,,
057540,2026-12-31,2026-06-17,2026-06-17,0.0,,,,,,,0.48,,,,,,,,
131030,2026-12-31,2026-06-17,2026-06-17,7.44,,,,,,8.32,0.62,,,,,,,731.0,
082210,2026-12-31,2026-06-17,2026-06-17,0.0,,,,,,,0.78,,,,,,,,
109080,2026-12-31,2026-06-17,2026-06-17,7.47,,,,,,10.87,0.81,,,,2.46,,,936.0,
380540,2026-12-31,2026-06-17,2026-06-17,0.0,,,,,,,8.95,,,,,,,,
153710,2026-12-31,2026-06-17,2026-06-17,0.0,,,,,,,2.77,,,,,,,,
432430,2026-12-31,2026-06-17,2026-06-17,0.0,,,,,,,1.88,,,,,,,,
338840,2026-12-31,2026-06-17,2026-06-17,0.0,,,,,,,8.9,,,,,,,,
122990,2026-12-31,2026-06-17,2026-06-17,0.0,,,,,,,0.71,,,,6.41,,,,
232140,2026-12-31,2026-06-17,2026-06-17,5.32,,,,,,65.27,3.47,,,,,,,239.0,
112290,2026-12-31,2026-06-17,2026-06-17,9.42,,,,,,59.13,5.57,,,,,,,229.0,
065530,2026-12-31,2026-06-17,2026-06-17,5.82,,,,,,14.85,0.87,,,,3.54,,,95.0,
067900,2026-12-31,2026-06-17,2026-06-17,8.78,,,,,,3.81,0.33,,,,1.56,,,1681.0,
007530,2026-12-31,2026-06-17,2026-06-17,4.53,,,,,,17.78,0.8,,,,0.96,,,117.0,
155650,2026-12-31,2026-06-17,2026-06-17,1.16,,,,,,46.13,0.54,,,,2.17,,,75.0,
273640,2026-12-31,2026-06-17,2026-06-17,5.56,,,,,,22.51,1.25,,,,1.43,,,311.0,
251370,2026-12-31,2026-06-17,2026-06-17,0.0,,,,,,,1.32,,,,,,,,
209640,2026-12-31,2026-06-17,2026-06-17,0.0,,,,,,,1.84,,,,,,,,
096250,2026-12-31,2026-06-17,2026-06-17,2.59,,,,,,42.91,1.11,,,,1.48,,,134.0,
273060,2026-12-31,2026-06-17,2026-06-17,3.74,,,,,,31.59,1.18,,,,,,,37.0,
019210,2026-12-31,2026-06-17,2026-06-17,6.41,,,,,,27.58,1.77,,,,0.94,,,736.0,
122870,2026-12-31,2026-06-17,2026-06-17,7.19,,,,,,24.27,1.74,,,,0.62,,,1990.0,
079000,2026-12-31,2026-06-17,2026-06-17,0.0,,,,,,,0.44,,,,8.17,,,,
403490,2026-12-31,2026-06-17,2026-06-17,0.0,,,,,,,0.9,,,,,,,,
032820,2026-12-31,2026-06-17,2026-06-17,0.66,,,,,,3110.0,20.6,,,,,,,5.0,
041190,2026-12-31,2026-06-17,2026-06-17,14.24,,,,,,4.09,0.58,,,,,,,1420.0,
115440,2026-12-31,2026-06-17,2026-06-17,3.84,,,,,,29.07,1.12,,,,0.49,,,354.0,
046970,2026-12-31,2026-06-17,2026-06-17,0.0,,,,,,,6.94,,,,,,,,
082850,2026-12-31,2026-06-17,2026-06-17,0.0,,,,,,,0.32,,,,1.43,,,,
215360,2026-12-31,2026-06-17,2026-06-17,11.62,,,,,,4.74,0.55,,,,2.75,,,1536.0,
072470,2026-12-31,2026-06-17,2026-06-17,7.77,,,,,,4.93,0.38,,,,2.09,,,582.0,
073560,2026-12-31,2026-06-17,2026-06-17,7.16,,,,,,4.7,0.34,,,,9.27,,,344.0,
037400,2026-12-31,2026-06-17,2026-06-17,0.0,,,,,,,0.14,,,,2.47,,,,
153490,2026-12-31,2026-06-17,2026-06-17,0.0,,,,,,,0.4,,,,2.88,,,,
101170,2026-12-31,2026-06-17,2026-06-17,2.89,,,,,,54.36,1.57,,,,0.51,,,181.0,
103840,2026-12-31,2026-06-17,2026-06-17,4.83,,,,,,16.09,0.78,,,,,,,137.0,
101970,2026-12-31,2026-06-17,2026-06-17,0.0,,,,,,,0.83,,,,,,,,
046940,2026-12-31,2026-06-17,2026-06-17,30.6,,,,,,1.33,0.41,,,,3.4,,,2654.0,
215380,2026-12-31,2026-06-17,2026-06-17,0.0,,,,,,,1.82,,,,,,,,
065680,2026-12-31,2026-06-17,2026-06-17,8.21,,,,,,13.86,1.14,,,,0.94,,,2684.0,
018620,2026-12-31,2026-06-17,2026-06-17,0.0,,,,,,,0.58,,,,,,,,
457550,2026-12-31,2026-06-17,2026-06-17,10.43,,,,,,39.07,4.08,,,,0.67,,,572.0,
396470,2026-12-31,2026-06-17,2026-06-17,5.39,,,,,,30.45,1.64,,,,1.04,,,221.0,
307280,2026-12-31,2026-06-17,2026-06-17,15.37,,,,,,6.54,1.0,,,,2.3,,,933.0,
032940,2026-12-31,2026-06-17,2026-06-17,4.05,,,,,,12.28,0.5,,,,,,,632.0,
240810,2026-12-31,2026-06-17,2026-06-17,8.66,,,,,,93.63,8.11,,,,0.12,,,1727.0,
074600,2026-12-31,2026-06-17,2026-06-17,4.62,,,,,,47.02,2.17,,,,0.32,,,856.0,
104830,2026-12-31,2026-06-17,2026-06-17,9.27,,,,,,12.71,1.18,,,,1.02,,,3863.0,
014190,2026-12-31,2026-06-17,2026-06-17,2.54,,,,,,17.8,0.45,,,,,,,79.0,
217820,2026-12-31,2026-06-17,2026-06-17,1.95,,,,,,52.0,1.02,,,,,,,45.0,
030530,2026-12-31,2026-06-17,2026-06-17,2.74,,,,,,76.88,2.11,,,,,,,359.0,
012620,2026-12-31,2026-06-17,2026-06-17,4.92,,,,,,3.82,0.19,,,,3.79,,,1866.0,
136150,2026-12-31,2026-06-17,2026-06-17,0.0,,,,,,,2.25,,,,,,,,
382840,2026-12-31,2026-06-17,2026-06-17,0.0,,,,,,,1.04,,,,,,,,
336570,2026-12-31,2026-06-17,2026-06-17,22.47,,,,,,16.82,3.78,,,,0.76,,,393.0,
376980,2026-12-31,2026-06-17,2026-06-17,3.33,,,,,,16.43,0.55,,,,,,,143.0,
008370,2026-12-31,2026-06-17,2026-06-17,7.28,,,,,,7.8,0.57,,,,8.93,,,646.0,
008290,2026-12-31,2026-06-17,2026-06-17,0.0,,,,,,,0.74,,,,,,,,
101160,2026-12-31,2026-06-17,2026-06-17,11.82,,,,,,11.89,1.41,,,,0.34,,,2482.0,
336060,2026-12-31,2026-06-17,2026-06-17,6.4,,,,,,11.93,0.76,,,,,,,57.0,
095270,2026-12-31,2026-06-17,2026-06-17,2.73,,,,,,36.21,0.99,,,,,,,116.0,
289930,2026-12-31,2026-06-17,2026-06-17,3.5,,,,,,77.06,2.69,,,,,,,143.0,
065950,2026-12-31,2026-06-17,2026-06-17,0.0,,,,,,,0.75,,,,1.79,,,,
076080,2026-12-31,2026-06-17,2026-06-17,0.0,,,,,,,1.37,,,,,,,,
043590,2026-12-31,2026-06-17,2026-06-17,0.0,,,,,,,0.4,,,,,,,,
196700,2026-12-31,2026-06-17,2026-06-17,10.18,,,,,,4.37,0.45,,,,,,,286.0,
069080,2026-12-31,2026-06-17,2026-06-17,3.5,,,,,,14.36,0.5,,,,5.92,,,824.0,
053580,2026-12-31,2026-06-17,2026-06-17,11.12,,,,,,6.84,0.76,,,,2.97,,,984.0,
479960,2026-12-31,2026-06-17,2026-06-17,11.84,,,,,,11.09,1.31,,,,6.4,,,704.0,
044340,2026-12-31,2026-06-17,2026-06-17,0.0,,,,,,,0.45,,,,2.42,,,,
330350,2026-12-31,2026-06-17,2026-06-17,5.06,,,,,,21.86,1.11,,,,,,,376.0,
348350,2026-12-31,2026-06-17,2026-06-17,5.09,,,,,,13.14,0.67,,,,2.31,,,659.0,
112040,2026-12-31,2026-06-17,2026-06-17,0.0,,,,,,,1.51,,,,1.62,,,,
101730,2026-12-31,2026-06-17,2026-06-17,0.0,,,,,,,0.64,,,,,,,,
123420,2026-12-31,2026-06-17,2026-06-17,7.09,,,,,,3.53,0.25,,,,,,,1812.0,
065370,2026-12-31,2026-06-17,2026-06-17,4.72,,,,,,17.49,0.83,,,,4.07,,,211.0,
038620,2026-12-31,2026-06-17,2026-06-17,4.8,,,,,,6.33,0.3,,,,,,,305.0,
299900,2026-12-31,2026-06-17,2026-06-17,0.0,,,,,,,0.4,,,,,,,,
036090,2026-12-31,2026-06-17,2026-06-17,5.38,,,,,,6.96,0.37,,,,,,,198.0,
459100,2026-12-31,2026-06-17,2026-06-17,4.51,,,,,,34.93,1.57,,,,5.65,,,152.0,
136540,2026-12-31,2026-06-17,2026-06-17,9.85,,,,,,6.46,0.64,,,,7.31,,,1694.0,
097800,2026-12-31,2026-06-17,2026-06-17,0.0,,,,,,,1.28,,,,,,,,
192390,2026-12-31,2026-06-17,2026-06-17,0.0,,,,,,,0.28,,,,,,,,
335870,2026-12-31,2026-06-17,2026-06-17,0.0,,,,,,,0.8,,,,,,,,
036200,2026-12-31,2026-06-17,2026-06-17,3.69,,,,,,37.67,1.39,,,,0.7,,,305.0,
018000,2026-12-31,2026-06-17,2026-06-17,0.0,,,,,,,2.51,,,,,,,,
203450,2026-12-31,2026-06-17,2026-06-17,4.82,,,,,,16.02,0.77,,,,3.36,,,167.0,
011320,2026-12-31,2026-06-17,2026-06-17,7.92,,,,,,7.21,0.57,,,,1.49,,,559.0,
086390,2026-12-31,2026-06-17,2026-06-17,0.0,,,,,,,3.15,,,,,,,,
241690,2026-12-31,2026-06-17,2026-06-17,0.0,,,,,,,0.52,,,,0.58,,,,
142210,2026-12-31,2026-06-17,2026-06-17,9.53,,,,,,10.66,1.02,,,,2.42,,,640.0,
389680,2026-12-31,2026-06-17,2026-06-17,0.0,,,,,,,1.67,,,,,,,,
088340,2026-12-31,2026-06-17,2026-06-17,0.0,,,,,,,1.75,,,,,,,,
048430,2026-12-31,2026-06-17,2026-06-17,7.18,,,,,,6.61,0.47,,,,3.14,,,964.0,
206650,2026-12-31,2026-06-17,2026-06-17,23.57,,,,,,8.87,2.09,,,,,,,1127.0,
089850,2026-12-31,2026-06-17,2026-06-17,0.0,,,,,,,0.49,,,,,,,,
084440,2026-12-31,2026-06-17,2026-06-17,17.66,,,,,,15.06,2.66,,,,,,,68.0,
264450,2026-12-31,2026-06-17,2026-06-17,12.19,,,,,,7.28,0.89,,,,3.97,,,1627.0,
078070,2026-12-31,2026-06-17,2026-06-17,7.68,,,,,,8.07,0.62,,,,2.41,,,1234.0,
024800,2026-12-31,2026-06-17,2026-06-17,10.62,,,,,,2.79,0.3,,,,,,,1687.0,
054930,2026-12-31,2026-06-17,2026-06-17,6.78,,,,,,5.72,0.39,,,,4.49,,,3507.0,
069330,2026-12-31,2026-06-17,2026-06-17,6.58,,,,,,10.43,0.69,,,,,,,97.0,
049520,2026-12-31,2026-06-17,2026-06-17,11.09,,,,,,5.26,0.58,,,,10.64,,,715.0,
473050,2026-12-31,2026-06-17,2026-06-17,,,,,,,,,,,,,,,,
474490,2026-12-31,2026-06-17,2026-06-17,,,,,,,,,,,,,,,,
493790,2026-12-31,2026-06-17,2026-06-17,,,,,,,,,,,,,,,,
263770,2026-12-31,2026-06-17,2026-06-17,2.95,,,,,,17.37,0.51,,,,3.32,,,104.0,
388720,2026-12-31,2026-06-17,2026-06-17,0.0,,,,,,,11.16,,,,,,,,
340930,2026-12-31,2026-06-17,2026-06-17,0.0,,,,,,,1.1,,,,,,,,
023410,2026-12-31,2026-06-17,2026-06-17,0.0,,,,,,,0.28,,,,5.03,,,,
056080,2026-12-31,2026-06-17,2026-06-17,0.0,,,,,,,25.18,,,,,,,,
468760,2026-12-31,2026-06-17,2026-06-17,,,,,,,,,,,,,,,,
488060,2026-12-31,2026-06-17,2026-06-17,,,,,,,,,,,,,,,,
0105P0,2026-12-31,2026-06-17,2026-06-17,,,,,,,,,,,,,,,,
084370,2026-12-31,2026-06-17,2026-06-17,9.38,,,,,,91.87,8.62,,,,0.13,,,1906.0,
240600,2026-12-31,2026-06-17,2026-06-17,0.0,,,,,,,0.56,,,,,,,,
179900,2026-12-31,2026-06-17,2026-06-17,0.0,,,,,,,4.93,,,,,,,,
263050,2026-12-31,2026-06-17,2026-06-17,0.0,,,,,,,2.31,,,,,,,,
191410,2026-12-31,2026-06-17,2026-06-17,8.1,,,,,,8.47,0.69,,,,,,,152.0,
372170,2026-12-31,2026-06-17,2026-06-17,0.0,,,,,,,1.05,,,,0.34,,,,
146060,2026-12-31,2026-06-17,2026-06-17,6.15,,,,,,9.01,0.55,,,,,,,136.0,
039020,2026-12-31,2026-06-17,2026-06-17,0.0,,,,,,,0.37,,,,1.63,,,,
067920,2026-12-31,2026-06-17,2026-06-17,0.0,,,,,,,0.72,,,,4.0,,,,
044960,2026-12-31,2026-06-17,2026-06-17,7.59,,,,,,9.86,0.75,,,,2.53,,,321.0,
303530,2026-12-31,2026-06-17,2026-06-17,0.0,,,,,,,0.63,,,,,,,,
302430,2026-12-31,2026-06-17,2026-06-17,0.0,,,,,,,1.24,,,,,,,,
462350,2026-12-31,2026-06-17,2026-06-17,0.0,,,,,,,7.13,,,,,,,,
274400,2026-12-31,2026-06-17,2026-06-17,0.0,,,,,,,0.9,,,,,,,,
296640,2026-12-31,2026-06-17,2026-06-17,7.56,,,,,,11.43,0.86,,,,3.77,,,511.0,
215790,2026-12-31,2026-06-17,2026-06-17,0.0,,,,,,,1.78,,,,,,,,
344860,2026-12-31,2026-06-17,2026-06-17,2.02,,,,,,58.85,1.19,,,,5.88,,,26.0,
333050,2026-12-31,2026-06-17,2026-06-17,9.34,,,,,,11.29,1.05,,,,2.29,,,465.0,
469610,2026-12-31,2026-06-17,2026-06-17,15.95,,,,,,17.85,2.85,,,,,,,1110.0,
088390,2026-12-31,2026-06-17,2026-06-17,13.23,,,,,,3.52,0.47,,,,,,,2469.0,
272290,2026-12-31,2026-06-17,2026-06-17,14.74,,,,,,9.43,1.39,,,,1.2,,,3080.0,
053350,2026-12-31,2026-06-17,2026-06-17,2.36,,,,,,15.89,0.38,,,,,,,163.0,
452400,2026-12-31,2026-06-17,2026-06-17,0.21,,,,,,251.43,0.52,,,,,,,28.0,
264850,2026-12-31,2026-06-17,2026-06-17,7.87,,,,,,38.79,3.05,,,,0.92,,,140.0,
054210,2026-12-31,2026-06-17,2026-06-17,9.8,,,,,,8.38,0.82,,,,1.13,,,1056.0,
009730,2026-12-31,2026-06-17,2026-06-17,0.0,,,,,,,0.33,,,,,,,,
065440,2026-12-31,2026-06-17,2026-06-17,3.04,,,,,,33.02,1.0,,,,,,,59.0,
424870,2026-12-31,2026-06-17,2026-06-17,0.0,,,,,,,11.96,,,,,,,,
115610,2026-12-31,2026-06-17,2026-06-17,0.0,,,,,,,2.06,,,,,,,,
478110,2026-12-31,2026-06-17,2026-06-17,,,,,,,,,,,,,,,,
131400,2026-12-31,2026-06-17,2026-06-17,0.0,,,,,,,0.85,,,,,,,,
351330,2026-12-31,2026-06-17,2026-06-17,0.0,,,,,,,1.24,,,,,,,,
080010,2026-12-31,2026-06-17,2026-06-17,10.34,,,,,,4.31,0.45,,,,2.94,,,1579.0,
086890,2026-12-31,2026-06-17,2026-06-17,0.0,,,,,,,1.22,,,,,,,,
047560,2026-12-31,2026-06-17,2026-06-17,0.0,,,,,,,1.95,,,,,,,,
239340,2026-12-31,2026-06-17,2026-06-17,0.0,,,,,,,1.5,,,,,,,,
067010,2026-12-31,2026-06-17,2026-06-17,1.19,,,,,,38.3,0.46,,,,2.33,,,56.0,
456070,2026-12-31,2026-06-17,2026-06-17,0.0,,,,,,,2.55,,,,,,,,
102710,2026-12-31,2026-06-17,2026-06-17,11.6,,,,,,14.72,1.71,,,,0.37,,,3635.0,
041520,2026-12-31,2026-06-17,2026-06-17,4.77,,,,,,12.96,0.62,,,,3.99,,,706.0,
063760,2026-12-31,2026-06-17,2026-06-17,4.03,,,,,,9.15,0.37,,,,3.57,,,306.0,
123570,2026-12-31,2026-06-17,2026-06-17,2.05,,,,,,20.21,0.41,,,,3.23,,,92.0,
083470,2026-12-31,2026-06-17,2026-06-17,0.0,,,,,,,1.94,,,,,,,,
091120,2026-12-31,2026-06-17,2026-06-17,0.0,,,,,,,0.36,,,,,,,,
039030,2026-12-31,2026-06-17,2026-06-17,8.4,,,,,,108.34,9.1,,,,0.24,,,4689.0,
294090,2026-12-31,2026-06-17,2026-06-17,,,,,,,,,,,,,,,,
088290,2026-12-31,2026-06-17,2026-06-17,0.0,,,,,,,1.92,,,,,,,,
353810,2026-12-31,2026-06-17,2026-06-17,25.93,,,,,,7.83,2.03,,,,3.8,,,840.0,
261520,2026-12-31,2026-06-17,2026-06-17,0.0,,,,,,,0.99,,,,,,,,
099750,2026-12-31,2026-06-17,2026-06-17,6.27,,,,,,40.76,2.56,,,,,,,171.0,
377330,2026-12-31,2026-06-17,2026-06-17,0.0,,,,,,,0.62,,,,,,,,
035810,2026-12-31,2026-06-17,2026-06-17,3.84,,,,,,11.13,0.43,,,,29.46,,,415.0,
092130,2026-12-31,2026-06-17,2026-06-17,30.14,,,,,,13.33,4.02,,,,5.96,,,1069.0,
134060,2026-12-31,2026-06-17,2026-06-17,5.28,,,,,,14.59,0.77,,,,5.26,,,326.0,
001840,2026-12-31,2026-06-17,2026-06-17,23.82,,,,,,16.91,4.03,,,,,,,131.0,
041830,2026-12-31,2026-06-17,2026-06-17,10.17,,,,,,19.27,1.96,,,,1.28,,,2423.0,
352940,2026-12-31,2026-06-17,2026-06-17,2.39,,,,,,22.53,0.54,,,,,,,93.0,
079950,2026-12-31,2026-06-17,2026-06-17,0.0,,,,,,,0.47,,,,,,,,
0007J0,2026-12-31,2026-06-17,2026-06-17,0.0,,,,,,,5.26,,,,,,,,
389470,2026-12-31,2026-06-17,2026-06-17,0.0,,,,,,,8.97,,,,,,,,
277410,2026-12-31,2026-06-17,2026-06-17,0.98,,,,,,47.29,0.47,,,,2.49,,,17.0,
060150,2026-12-31,2026-06-17,2026-06-17,0.0,,,,,,,0.51,,,,,,,,
033230,2026-12-31,2026-06-17,2026-06-17,0.0,,,,,,,0.74,,,,,,,,
450520,2026-12-31,2026-06-17,2026-06-17,0.0,,,,,,,0.83,,,,,,,,
465480,2026-12-31,2026-06-17,2026-06-17,4.78,,,,,,16.38,0.78,,,,2.31,,,264.0,
037330,2026-12-31,2026-06-17,2026-06-17,3.47,,,,,,7.65,0.27,,,,3.16,,,145.0,
100030,2026-12-31,2026-06-17,2026-06-17,30.3,,,,,,2.31,0.7,,,,6.01,,,8108.0,
211050,2026-12-31,2026-06-17,2026-06-17,33.71,,,,,,6.83,2.3,,,,3.66,,,1480.0,
083640,2026-12-31,2026-06-17,2026-06-17,0.0,,,,,,,0.27,,,,,,,,
064090,2026-12-31,2026-06-17,2026-06-17,0.0,,,,,,,0.59,,,,,,,,
216050,2026-12-31,2026-06-17,2026-06-17,9.22,,,,,,5.59,0.52,,,,5.37,,,993.0,
049070,2026-12-31,2026-06-17,2026-06-17,2.43,,,,,,19.89,0.48,,,,0.98,,,1023.0,
119610,2026-12-31,2026-06-17,2026-06-17,8.19,,,,,,18.02,1.48,,,,3.58,,,1007.0,
017250,2026-12-31,2026-06-17,2026-06-17,4.84,,,,,,10.4,0.5,,,,,,,101.0,
051370,2026-12-31,2026-06-17,2026-06-17,10.6,,,,,,6.76,0.72,,,,,,,1410.0,
064290,2026-12-31,2026-06-17,2026-06-17,0.0,,,,,,,11.14,,,,,,,,
189300,2026-12-31,2026-06-17,2026-06-17,2.77,,,,,,139.64,3.87,,,,0.2,,,724.0,
287840,2026-12-31,2026-06-17,2026-06-17,0.0,,,,,,,16.21,,,,,,,,
048530,2026-12-31,2026-06-17,2026-06-17,0.0,,,,,,,1.28,,,,,,,,
070590,2026-12-31,2026-06-17,2026-06-17,6.08,,,,,,28.02,1.7,,,,,,,58.0,
115310,2026-12-31,2026-06-17,2026-06-17,6.88,,,,,,9.01,0.62,,,,2.98,,,893.0,
039290,2026-12-31,2026-06-17,2026-06-17,0.0,,,,,,,0.47,,,,,,,,
071200,2026-12-31,2026-06-17,2026-06-17,13.77,,,,,,6.96,0.96,,,,1.33,,,1083.0,
101930,2026-12-31,2026-06-17,2026-06-17,7.48,,,,,,16.89,1.26,,,,3.21,,,553.0,
333430,2026-12-31,2026-06-17,2026-06-17,16.27,,,,,,17.28,2.81,,,,,,,243.0,
068330,2026-12-31,2026-06-17,2026-06-17,7.4,,,,,,10.02,0.74,,,,0.87,,,115.0,
178780,2026-12-31,2026-06-17,2026-06-17,13.25,,,,,,7.63,1.01,,,,10.99,,,298.0,
019540,2026-12-31,2026-06-17,2026-06-17,23.81,,,,,,1.86,0.44,,,,2.33,,,3457.0,
094820,2026-12-31,2026-06-17,2026-06-17,12.79,,,,,,12.34,1.58,,,,2.33,,,1250.0,
049550,2026-12-31,2026-06-17,2026-06-17,3.21,,,,,,23.87,0.77,,,,,,,128.0,
389020,2026-12-31,2026-06-17,2026-06-17,0.0,,,,,,,5.72,,,,,,,,
254120,2026-12-31,2026-06-17,2026-06-17,0.0,,,,,,,1.18,,,,,,,,
043910,2026-12-31,2026-06-17,2026-06-17,0.0,,,,,,,0.46,,,,,,,,
234920,2026-12-31,2026-06-17,2026-06-17,0.0,,,,,,,3.71,,,,,,,,
289220,2026-12-31,2026-06-17,2026-06-17,0.0,,,,,,,0.74,,,,,,,,
049630,2026-12-31,2026-06-17,2026-06-17,10.07,,,,,,21.16,2.13,,,,,,,440.0,
417840,2026-12-31,2026-06-17,2026-06-17,6.51,,,,,,97.48,6.35,,,,,,,163.0,
110020,2026-12-31,2026-06-17,2026-06-17,0.0,,,,,,,0.93,,,,,,,,
208140,2026-12-31,2026-06-17,2026-06-17,4.65,,,,,,12.26,0.57,,,,8.77,,,186.0,
040420,2026-12-31,2026-06-17,2026-06-17,7.95,,,,,,13.0,1.03,,,,9.19,,,444.0,
045510,2026-12-31,2026-06-17,2026-06-17,2.51,,,,,,22.81,0.57,,,,,,,36.0,
217190,2026-12-31,2026-06-17,2026-06-17,1.86,,,,,,84.51,1.57,,,,0.83,,,71.0,
095700,2026-12-31,2026-06-17,2026-06-17,0.0,,,,,,,0.59,,,,,,,,
122310,2026-12-31,2026-06-17,2026-06-17,0.92,,,,,,59.84,0.55,,,,4.11,,,61.0,
361390,2026-12-31,2026-06-17,2026-06-17,0.0,,,,,,,2.87,,,,,,,,
225220,2026-12-31,2026-06-17,2026-06-17,0.0,,,,,,,0.39,,,,,,,,
123330,2026-12-31,2026-06-17,2026-06-17,46.02,,,,,,8.72,4.01,,,,,,,2414.0,
381620,2026-12-31,2026-06-17,2026-06-17,0.0,,,,,,,2.26,,,,,,,,
159580,2026-12-31,2026-06-17,2026-06-17,4.13,,,,,,15.47,0.64,,,,1.88,,,172.0,
147830,2026-12-31,2026-06-17,2026-06-17,13.32,,,,,,13.23,1.76,,,,3.78,,,600.0,
033100,2026-12-31,2026-06-17,2026-06-17,24.53,,,,,,15.27,3.74,,,,1.97,,,3655.0,
079370,2026-12-31,2026-06-17,2026-06-17,0.0,,,,,,,1.07,,,,0.43,,,,
054950,2026-12-31,2026-06-17,2026-06-17,12.12,,,,,,9.14,1.11,,,,2.89,,,2461.0,
090470,2026-12-31,2026-06-17,2026-06-17,0.0,,,,,,,0.73,,,,0.88,,,,
023440,2026-12-31,2026-06-17,2026-06-17,0.0,,,,,,,0.85,,,,,,,,
137950,2026-12-31,2026-06-17,2026-06-17,0.0,,,,,,,0.45,,,,1.66,,,,
033320,2026-12-31,2026-06-17,2026-06-17,7.53,,,,,,7.13,0.54,,,,1.52,,,462.0,
417500,2026-12-31,2026-06-17,2026-06-17,8.94,,,,,,16.0,1.43,,,,2.91,,,215.0,
204270,2026-12-31,2026-06-17,2026-06-17,0.0,,,,,,,3.97,,,,,,,,
127120,2026-12-31,2026-06-17,2026-06-17,0.0,,,,,,,16.3,,,,,,,,
026040,2026-12-31,2026-06-17,2026-06-17,4.17,,,,,,17.48,0.73,,,,4.58,,,125.0,
452160,2026-12-31,2026-06-17,2026-06-17,0.0,,,,,,,1.05,,,,2.33,,,,
126880,2026-12-31,2026-06-17,2026-06-17,1.84,,,,,,26.15,0.48,,,,1.52,,,126.0,
322510,2026-12-31,2026-06-17,2026-06-17,0.0,,,,,,,3.29,,,,,,,,
033050,2026-12-31,2026-06-17,2026-06-17,5.87,,,,,,8.64,0.51,,,,,,,108.0,
094970,2026-12-31,2026-06-17,2026-06-17,9.87,,,,,,3.46,0.34,,,,2.03,,,853.0,
418550,2026-12-31,2026-06-17,2026-06-17,0.0,,,,,,,1.05,,,,,,,,
060230,2026-12-31,2026-06-17,2026-06-17,0.0,,,,,,,0.17,,,,,,,,
420570,2026-12-31,2026-06-17,2026-06-17,7.95,,,,,,16.64,1.32,,,,3.27,,,459.0,
089790,2026-12-31,2026-06-17,2026-06-17,0.0,,,,,,,0.69,,,,,,,,
0010V0,2026-12-31,2026-06-17,2026-06-17,9.9,,,,,,7.28,0.72,,,,2.79,,,1232.0,
412540,2026-12-31,2026-06-17,2026-06-17,,,,,,,,,,,,,,,,
199820,2026-12-31,2026-06-17,2026-06-17,4.22,,,,,,34.46,1.45,,,,0.97,,,298.0,
038010,2026-12-31,2026-06-17,2026-06-17,7.32,,,,,,5.18,0.38,,,,1.94,,,1194.0,
080220,2026-12-31,2026-06-17,2026-06-17,17.4,,,,,,95.06,16.54,,,,,,,1173.0,
216080,2026-12-31,2026-06-17,2026-06-17,0.0,,,,,,,2.71,,,,,,,,
337930,2026-12-31,2026-06-17,2026-06-17,10.22,,,,,,8.46,0.86,,,,5.91,,,400.0,
229000,2026-12-31,2026-06-17,2026-06-17,0.0,,,,,,,2.86,,,,,,,,
082270,2026-12-31,2026-06-17,2026-06-17,0.0,,,,,,,10.59,,,,,,,,
034940,2026-12-31,2026-06-17,2026-06-17,0.0,,,,,,,0.78,,,,,,,,
067000,2026-12-31,2026-06-17,2026-06-17,0.0,,,,,,,0.98,,,,,,,,
309930,2026-12-31,2026-06-17,2026-06-17,0.0,,,,,,,1.58,,,,,,,,
018700,2026-12-31,2026-06-17,2026-06-17,0.0,,,,,,,0.54,,,,,,,,
033340,2026-12-31,2026-06-17,2026-06-17,0.0,,,,,,,1.57,,,,,,,,
036930,2026-12-31,2026-06-17,2026-06-17,6.04,,,,,,281.69,17.03,,,,0.02,,,781.0,
072020,2026-12-31,2026-06-17,2026-06-17,5.76,,,,,,14.74,0.85,,,,2.07,,,656.0,
000440,2026-12-31,2026-06-17,2026-06-17,0.0,,,,,,,1.3,,,,2.31,,,,
051980,2026-12-31,2026-06-17,2026-06-17,0.0,,,,,,,1.46,,,,,,,,
221800,2026-12-31,2026-06-17,2026-06-17,0.0,,,,,,,2.52,,,,1.27,,,,
228760,2026-12-31,2026-06-17,2026-06-17,0.0,,,,,,,2.73,,,,,,,,
314130,2026-12-31,2026-06-17,2026-06-17,0.0,,,,,,,2.33,,,,,,,,
389030,2026-12-31,2026-06-17,2026-06-17,0.0,,,,,,,10.73,,,,,,,,
263860,2026-12-31,2026-06-17,2026-06-17,12.09,,,,,,16.32,1.97,,,,2.12,,,867.0,
303030,2026-12-31,2026-06-17,2026-06-17,0.0,,,,,,,1.65,,,,,,,,
208350,2026-12-31,2026-06-17,2026-06-17,3.67,,,,,,12.74,0.47,,,,,,,234.0,
446840,2026-12-31,2026-06-17,2026-06-17,0.0,,,,,,,7.4,,,,,,,,
144510,2026-12-31,2026-06-17,2026-06-17,0.0,,,,,,,1.42,,,,,,,,
340450,2026-12-31,2026-06-17,2026-06-17,5.59,,,,,,29.35,1.64,,,,,,,185.0,
306620,2026-12-31,2026-06-17,2026-06-17,0.0,,,,,,,2.47,,,,,,,,
358570,2026-12-31,2026-06-17,2026-06-17,0.0,,,,,,,7.32,,,,,,,,
382480,2026-12-31,2026-06-17,2026-06-17,0.79,,,,,,122.06,0.96,,,,0.53,,,17.0,
382800,2026-12-31,2026-06-17,2026-06-17,5.38,,,,,,32.01,1.72,,,,1.88,,,199.0,
051160,2026-12-31,2026-06-17,2026-06-17,8.52,,,,,,7.93,0.68,,,,,,,915.0,
053050,2026-12-31,2026-06-17,2026-06-17,3.99,,,,,,15.74,0.63,,,,1.97,,,129.0,
388610,2026-12-31,2026-06-17,2026-06-17,2.53,,,,,,58.26,1.48,,,,,,,115.0,
493330,2026-12-31,2026-06-17,2026-06-17,0.0,,,,,,,1.63,,,,,,,,
119850,2026-12-31,2026-06-17,2026-06-17,18.95,,,,,,9.49,1.8,,,,0.62,,,2565.0,
065060,2026-12-31,2026-06-17,2026-06-17,0.0,,,,,,,0.41,,,,,,,,
204840,2026-12-31,2026-06-17,2026-06-17,0.0,,,,,,,3.53,,,,,,,,
311320,2026-12-31,2026-06-17,2026-06-17,9.28,,,,,,20.92,1.94,,,,0.66,,,433.0,
456160,2026-12-31,2026-06-17,2026-06-17,0.0,,,,,,,13.89,,,,,,,,
388050,2026-12-31,2026-06-17,2026-06-17,13.19,,,,,,32.22,4.25,,,,1.04,,,297.0,
018120,2026-12-31,2026-06-17,2026-06-17,13.26,,,,,,9.35,1.24,,,,7.29,,,1835.0,
109820,2026-12-31,2026-06-17,2026-06-17,0.0,,,,,,,1.97,,,,,,,,
086060,2026-12-31,2026-06-17,2026-06-17,6.89,,,,,,8.92,0.61,,,,1.27,,,440.0,
036890,2026-12-31,2026-06-17,2026-06-17,11.04,,,,,,9.76,1.08,,,,2.07,,,1633.0,
363250,2026-12-31,2026-06-17,2026-06-17,0.0,,,,,,,3.26,,,,,,,,
007370,2026-12-31,2026-06-17,2026-06-17,16.16,,,,,,2.24,0.36,,,,3.66,,,1828.0,
285800,2026-12-31,2026-06-17,2026-06-17,0.0,,,,,,,0.55,,,,,,,,
085660,2026-12-31,2026-06-17,2026-06-17,0.0,,,,,,,3.37,,,,,,,,
351870,2026-12-31,2026-06-17,2026-06-17,2.25,,,,,,25.0,0.56,,,,,,,108.0,
094850,2026-12-31,2026-06-17,2026-06-17,10.97,,,,,,5.88,0.65,,,,3.16,,,807.0,
004650,2026-12-31,2026-06-17,2026-06-17,9.32,,,,,,5.29,0.49,,,,6.48,,,1749.0,
0011T0,2026-12-31,2026-06-17,2026-06-17,0.0,,,,,,,4.91,,,,,,,,
278280,2026-12-31,2026-06-17,2026-06-17,0.0,,,,,,,1.18,,,,,,,,
362320,2026-12-31,2026-06-17,2026-06-17,2.18,,,,,,50.0,1.09,,,,,,,93.0,
066360,2026-12-31,2026-06-17,2026-06-17,23.62,,,,,,1.52,0.36,,,,,,,496.0,
047820,2026-12-31,2026-06-17,2026-06-17,1.04,,,,,,35.91,0.37,,,,,,,115.0,
094360,2026-12-31,2026-06-17,2026-06-17,7.06,,,,,,51.75,3.66,,,,0.77,,,291.0,
0082N0,2026-12-31,2026-06-17,2026-06-17,0.0,,,,,,,17.67,,,,,,,,
016920,2026-12-31,2026-06-17,2026-06-17,0.0,,,,,,,0.34,,,,1.07,,,,
284620,2026-12-31,2026-06-17,2026-06-17,0.0,,,,,,,31.06,,,,,,,,
293490,2026-12-31,2026-06-17,2026-06-17,0.0,,,,,,,0.68,,,,,,,,
140430,2026-12-31,2026-06-17,2026-06-17,0.0,,,,,,,0.63,,,,,,,,
042000,2026-12-31,2026-06-17,2026-06-17,14.68,,,,,,12.33,1.81,,,,,,,1615.0,
313760,2026-12-31,2026-06-17,2026-06-17,0.0,,,,,,,0.24,,,,,,,,
071850,2026-12-31,2026-06-17,2026-06-17,0.0,,,,,,,0.66,,,,,,,,
198080,2026-12-31,2026-06-17,2026-06-17,14.79,,,,,,3.18,0.47,,,,,,,904.0,
210120,2026-12-31,2026-06-17,2026-06-17,0.0,,,,,,,2.25,,,,,,,,
050110,2026-12-31,2026-06-17,2026-06-17,0.0,,,,,,,0.38,,,,,,,,
452300,2026-12-31,2026-06-17,2026-06-17,6.7,,,,,,17.73,1.19,,,,1.0,,,163.0,
451760,2026-12-31,2026-06-17,2026-06-17,0.0,,,,,,,2.31,,,,,,,,
078340,2026-12-31,2026-06-17,2026-06-17,3.67,,,,,,8.13,0.3,,,,5.01,,,3192.0,
063080,2026-12-31,2026-06-17,2026-06-17,4.32,,,,,,8.75,0.38,,,,,,,1661.0,
307930,2026-12-31,2026-06-17,2026-06-17,8.83,,,,,,15.43,1.36,,,,2.23,,,464.0,
079190,2026-12-31,2026-06-17,2026-06-17,0.0,,,,,,,1.0,,,,,,,,
263700,2026-12-31,2026-06-17,2026-06-17,28.01,,,,,,2.04,0.57,,,,,,,989.0,
214370,2026-12-31,2026-06-17,2026-06-17,9.45,,,,,,191.97,18.15,,,,0.55,,,411.0,
221980,2026-12-31,2026-06-17,2026-06-17,3.42,,,,,,10.67,0.36,,,,5.01,,,936.0,
038530,2026-12-31,2026-06-17,2026-06-17,0.0,,,,,,,0.4,,,,,,,,
192250,2026-12-31,2026-06-17,2026-06-17,2.82,,,,,,22.94,0.65,,,,2.35,,,371.0,
431190,2026-12-31,2026-06-17,2026-06-17,0.0,,,,,,,0.57,,,,,,,,
115500,2026-12-31,2026-06-17,2026-06-17,12.87,,,,,,57.16,7.35,,,,1.49,,,211.0,
089150,2026-12-31,2026-06-17,2026-06-17,7.73,,,,,,13.4,1.04,,,,3.69,,,162.0,
025880,2026-12-31,2026-06-17,2026-06-17,12.92,,,,,,3.89,0.5,,,,6.47,,,655.0,
093320,2026-12-31,2026-06-17,2026-06-17,8.37,,,,,,34.37,2.88,,,,0.49,,,3535.0,
093640,2026-12-31,2026-06-17,2026-06-17,0.0,,,,,,,1.5,,,,,,,,
073010,2026-12-31,2026-06-17,2026-06-17,7.91,,,,,,23.96,1.89,,,,0.51,,,164.0,
105330,2026-12-31,2026-06-17,2026-06-17,0.0,,,,,,,1.17,,,,,,,,
053080,2026-12-31,2026-06-17,2026-06-17,0.0,,,,,,,1.21,,,,,,,,
199430,2026-12-31,2026-06-17,2026-06-17,0.0,,,,,,,7.69,,,,,,,,
432470,2026-12-31,2026-06-17,2026-06-17,0.0,,,,,,,1.48,,,,,,,,
272110,2026-12-31,2026-06-17,2026-06-17,26.43,,,,,,11.22,2.97,,,,,,,3271.0,
039420,2026-12-31,2026-06-17,2026-06-17,13.89,,,,,,6.01,0.84,,,,3.7,,,449.0,
083550,2026-12-31,2026-06-17,2026-06-17,3.25,,,,,,8.15,0.27,,,,1.82,,,336.0,
032500,2026-12-31,2026-06-17,2026-06-17,0.0,,,,,,,8.02,,,,,,,,
225430,2026-12-31,2026-06-17,2026-06-17,0.0,,,,,,,0.4,,,,,,,,
102370,2026-12-31,2026-06-17,2026-06-17,0.0,,,,,,,0.71,,,,,,,,
068100,2026-12-31,2026-06-17,2026-06-17,0.0,,,,,,,1.94,,,,,,,,
106080,2026-12-31,2026-06-17,2026-06-17,0.0,,,,,,,0.32,,,,,,,,
455180,2026-12-31,2026-06-17,2026-06-17,0.0,,,,,,,0.58,,,,,,,,
036030,2026-12-31,2026-06-17,2026-06-17,14.39,,,,,,5.11,0.74,,,,6.15,,,890.0,
064820,2026-12-31,2026-06-17,2026-06-17,20.56,,,,,,5.57,1.15,,,,6.26,,,2008.0,
024880,2026-12-31,2026-06-17,2026-06-17,7.41,,,,,,4.51,0.33,,,,15.54,,,1000.0,
042040,2026-12-31,2026-06-17,2026-06-17,0.0,,,,,,,0.26,,,,,,,,
054410,2026-12-31,2026-06-17,2026-06-17,4.03,,,,,,7.71,0.31,,,,,,,386.0,
288180,2026-12-31,2026-06-17,2026-06-17,,,,,,,,,,,,,,,,
258610,2026-12-31,2026-06-17,2026-06-17,0.0,,,,,,,0.93,,,,,,,,
274090,2026-12-31,2026-06-17,2026-06-17,0.0,,,,,,,1.45,,,,,,,,
089010,2026-12-31,2026-06-17,2026-06-17,4.76,,,,,,45.95,2.19,,,,0.72,,,667.0,
220260,2026-12-31,2026-06-17,2026-06-17,0.0,,,,,,,2.28,,,,,,,,
052400,2026-12-31,2026-06-17,2026-06-17,28.76,,,,,,9.33,2.68,,,,2.48,,,5176.0,
402030,2026-12-31,2026-06-17,2026-06-17,0.0,,,,,,,6.18,,,,,,,,
391710,2026-12-31,2026-06-17,2026-06-17,0.0,,,,,,,2.85,,,,,,,,
046070,2026-12-31,2026-06-17,2026-06-17,0.0,,,,,,,11.62,,,,,,,,
047770,2026-12-31,2026-06-17,2026-06-17,6.31,,,,,,29.19,1.84,,,,,,,117.0,
080530,2026-12-31,2026-06-17,2026-06-17,9.81,,,,,,4.69,0.46,,,,,,,520.0,
104540,2026-12-31,2026-06-17,2026-06-17,8.37,,,,,,8.5,0.71,,,,,,,489.0,
027050,2026-12-31,2026-06-17,2026-06-17,0.0,,,,,,,0.58,,,,,,,,
190650,2026-12-31,2026-06-17,2026-06-17,7.93,,,,,,6.33,0.5,,,,7.18,,,1210.0,
123410,2026-12-31,2026-06-17,2026-06-17,16.85,,,,,,3.98,0.67,,,,3.19,,,1577.0,
036690,2026-12-31,2026-06-17,2026-06-17,0.0,,,,,,,4.56,,,,,,,,
049430,2026-12-31,2026-06-17,2026-06-17,8.94,,,,,,7.66,0.68,,,,3.64,,,2510.0,
183300,2026-12-31,2026-06-17,2026-06-17,18.41,,,,,,42.52,7.83,,,,1.31,,,2514.0,
041960,2026-12-31,2026-06-17,2026-06-17,0.0,,,,,,,9.14,,,,,,,,
089890,2026-12-31,2026-06-17,2026-06-17,17.84,,,,,,44.62,7.96,,,,,,,827.0,
360350,2026-12-31,2026-06-17,2026-06-17,0.0,,,,,,,2.39,,,,,,,,
082660,2026-12-31,2026-06-17,2026-06-17,0.0,,,,,,,2.16,,,,,,,,
043710,2026-12-31,2026-06-17,2026-06-17,0.0,,,,,,,1.93,,,,,,,,
222040,2026-12-31,2026-06-17,2026-06-17,0.0,,,,,,,3.16,,,,,,,,
241710,2026-12-31,2026-06-17,2026-06-17,17.98,,,,,,16.47,2.96,,,,0.53,,,4255.0,
439960,2026-12-31,2026-06-17,2026-06-17,0.0,,,,,,,50.57,,,,,,,,
355150,2026-12-31,2026-06-17,2026-06-17,0.0,,,,,,,11.03,,,,,,,,
166480,2026-12-31,2026-06-17,2026-06-17,0.0,,,,,,,2.32,,,,,,,,
045970,2026-12-31,2026-06-17,2026-06-17,0.0,,,,,,,1.24,,,,,,,,
196450,2026-12-31,2026-06-17,2026-06-17,5.46,,,,,,13.42,0.73,,,,,,,71.0,
384470,2026-12-31,2026-06-17,2026-06-17,0.0,,,,,,,3.48,,,,,,,,
102940,2026-12-31,2026-06-17,2026-06-17,4.42,,,,,,26.04,1.15,,,,,,,2001.0,
056360,2026-12-31,2026-06-17,2026-06-17,2.19,,,,,,18.47,0.4,,,,0.71,,,379.0,
282880,2026-12-31,2026-06-17,2026-06-17,0.99,,,,,,85.0,0.84,,,,1.59,,,148.0,
121850,2026-12-31,2026-06-17,2026-06-17,0.0,,,,,,,4.51,,,,,,,,
448710,2026-12-31,2026-06-17,2026-06-17,13.71,,,,,,8.76,1.2,,,,1.05,,,1627.0,
126730,2026-12-31,2026-06-17,2026-06-17,5.1,,,,,,63.59,3.24,,,,1.76,,,357.0,
015710,2026-12-31,2026-06-17,2026-06-17,4.51,,,,,,8.8,0.4,,,,4.97,,,343.0,
052330,2026-12-31,2026-06-17,2026-06-17,7.95,,,,,,5.28,0.42,,,,2.56,,,2221.0,
322780,2026-12-31,2026-06-17,2026-06-17,0.0,,,,,,,0.73,,,,,,,,
200130,2026-12-31,2026-06-17,2026-06-17,0.0,,,,,,,0.75,,,,0.8,,,,
294570,2026-12-31,2026-06-17,2026-06-17,12.53,,,,,,10.72,1.34,,,,1.32,,,2127.0,
464490,2026-12-31,2026-06-17,2026-06-17,0.0,,,,,,,2.97,,,,,,,,
317690,2026-12-31,2026-06-17,2026-06-17,0.0,,,,,,,1.42,,,,,,,,
432720,2026-12-31,2026-06-17,2026-06-17,0.0,,,,,,,5.47,,,,,,,,
365270,2026-12-31,2026-06-17,2026-06-17,0.0,,,,,,,8.36,,,,,,,,
348080,2026-12-31,2026-06-17,2026-06-17,0.0,,,,,,,0.73,,,,,,,,
060280,2026-12-31,2026-06-17,2026-06-17,2.86,,,,,,161.04,4.61,,,,,,,67.0,
372320,2026-12-31,2026-06-17,2026-06-17,0.0,,,,,,,97.99,,,,,,,,
051780,2026-12-31,2026-06-17,2026-06-17,0.0,,,,,,,0.95,,,,,,,,
115180,2026-12-31,2026-06-17,2026-06-17,0.0,,,,,,,29.65,,,,,,,,
494120,2026-12-31,2026-06-17,2026-06-17,0.0,,,,,,,8.99,,,,,,,,
445680,2026-12-31,2026-06-17,2026-06-17,0.0,,,,,,,21.3,,,,,,,,
182360,2026-12-31,2026-06-17,2026-06-17,0.0,,,,,,,0.66,,,,,,,,
405100,2026-12-31,2026-06-17,2026-06-17,3.23,,,,,,62.87,2.03,,,,3.09,,,247.0,
066310,2026-12-31,2026-06-17,2026-06-17,2.92,,,,,,34.57,1.01,,,,1.03,,,282.0,
377460,2026-12-31,2026-06-17,2026-06-17,22.51,,,,,,19.81,4.46,,,,,,,206.0,
016600,2026-12-31,2026-06-17,2026-06-17,1.73,,,,,,19.66,0.34,,,,,,,175.0,
355390,2026-12-31,2026-06-17,2026-06-17,0.0,,,,,,,2.04,,,,,,,,
096240,2026-12-31,2026-06-17,2026-06-17,12.6,,,,,,13.59,1.71,,,,8.39,,,702.0,
040350,2026-12-31,2026-06-17,2026-06-17,0.0,,,,,,,3.7,,,,,,,,
110790,2026-12-31,2026-06-17,2026-06-17,3.53,,,,,,5.28,0.19,,,,9.85,,,615.0,
045520,2026-12-31,2026-06-17,2026-06-17,0.0,,,,,,,1.12,,,,,,,,
214150,2026-12-31,2026-06-17,2026-06-17,23.77,,,,,,22.93,5.45,,,,2.16,,,2017.0,
466100,2026-12-31,2026-06-17,2026-06-17,0.0,,,,,,,15.36,,,,,,,,
237880,2026-12-31,2026-06-17,2026-06-17,5.45,,,,,,14.11,0.77,,,,2.35,,,755.0,
139670,2026-12-31,2026-06-17,2026-06-17,13.52,,,,,,6.79,0.92,,,,,,,242.0,
475430,2026-12-31,2026-06-17,2026-06-17,5.18,,,,,,8.33,0.43,,,,1.09,,,551.0,
487720,2026-12-31,2026-06-17,2026-06-17,,,,,,,,,,,,,,,,
489480,2026-12-31,2026-06-17,2026-06-17,,,,,,,,,,,,,,,,
466690,2026-12-31,2026-06-17,2026-06-17,,,,,,,,,,,,,,,,
0131D0,2026-12-31,2026-06-17,2026-06-17,,,,,,,,,,,,,,,,
054780,2026-12-31,2026-06-17,2026-06-17,0.0,,,,,,,0.83,,,,,,,,
256940,2026-12-31,2026-06-17,2026-06-17,0.0,,,,,,,2.06,,,,,,,,
219130,2026-12-31,2026-06-17,2026-06-17,9.05,,,,,,83.23,7.53,,,,,,,835.0,
336680,2026-12-31,2026-06-17,2026-06-17,3.63,,,,,,18.11,0.66,,,,2.45,,,169.0,
360070,2026-12-31,2026-06-17,2026-06-17,0.0,,,,,,,0.92,,,,,,,,
065130,2026-12-31,2026-06-17,2026-06-17,0.0,,,,,,,0.32,,,,,,,,
134580,2026-12-31,2026-06-17,2026-06-17,0.0,,,,,,,1.98,,,,,,,,
023160,2026-12-31,2026-06-17,2026-06-17,10.23,,,,,,13.73,1.4,,,,1.58,,,2469.0,
323280,2026-12-31,2026-06-17,2026-06-17,0.0,,,,,,,12.12,,,,,,,,
053620,2026-12-31,2026-06-17,2026-06-17,6.1,,,,,,4.55,0.28,,,,5.9,,,1489.0,
044490,2026-12-31,2026-06-17,2026-06-17,0.89,,,,,,148.15,1.32,,,,,,,271.0,
124560,2026-12-31,2026-06-17,2026-06-17,0.0,,,,,,,0.35,,,,6.07,,,,
191420,2026-12-31,2026-06-17,2026-06-17,0.0,,,,,,,1.25,,,,,,,,
073640,2026-12-31,2026-06-17,2026-06-17,0.0,,,,,,,2.31,,,,,,,,
066700,2026-12-31,2026-06-17,2026-06-17,7.81,,,,,,8.14,0.64,,,,,,,296.0,
095610,2026-12-31,2026-06-17,2026-06-17,14.69,,,,,,52.22,7.67,,,,0.5,,,3244.0,
064520,2026-12-31,2026-06-17,2026-06-17,0.0,,,,,,,0.38,,,,,,,,
089030,2026-12-31,2026-06-17,2026-06-17,4.37,,,,,,236.12,10.32,,,,0.21,,,263.0,
054450,2026-12-31,2026-06-17,2026-06-17,0.0,,,,,,,1.36,,,,,,,,
200230,2026-12-31,2026-06-17,2026-06-17,0.0,,,,,,,0.23,,,,,,,,
393210,2026-12-31,2026-06-17,2026-06-17,0.0,,,,,,,1.8,,,,,,,,
475960,2026-12-31,2026-06-17,2026-06-17,0.0,,,,,,,13.72,,,,,,,,
215480,2026-12-31,2026-06-17,2026-06-17,0.0,,,,,,,0.61,,,,,,,,
051360,2026-12-31,2026-06-17,2026-06-17,15.35,,,,,,6.04,0.93,,,,2.03,,,2857.0,
045340,2026-12-31,2026-06-17,2026-06-17,23.34,,,,,,7.25,1.69,,,,1.38,,,997.0,
108230,2026-12-31,2026-06-17,2026-06-17,0.0,,,,,,,0.33,,,,2.87,,,,
079970,2026-12-31,2026-06-17,2026-06-17,5.04,,,,,,6.77,0.34,,,,,,,88.0,
199800,2026-12-31,2026-06-17,2026-06-17,0.0,,,,,,,7.99,,,,,,,,
417790,2026-12-31,2026-06-17,2026-06-17,11.06,,,,,,5.6,0.62,,,,3.09,,,1156.0,
290090,2026-12-31,2026-06-17,2026-06-17,0.0,,,,,,,0.6,,,,,,,,
026150,2026-12-31,2026-06-17,2026-06-17,0.0,,,,,,,0.95,,,,0.62,,,,
464280,2026-12-31,2026-06-17,2026-06-17,9.99,,,,,,8.65,0.86,,,,,,,808.0,
117730,2026-12-31,2026-06-17,2026-06-17,0.0,,,,,,,7.35,,,,,,,,
033830,2026-12-31,2026-06-17,2026-06-17,2.88,,,,,,10.0,0.29,,,,3.5,,,40.0,
057680,2026-12-31,2026-06-17,2026-06-17,0.0,,,,,,,0.18,,,,,,,,
204610,2026-12-31,2026-06-17,2026-06-17,16.78,,,,,,8.17,1.37,,,,5.57,,,308.0,
125020,2026-12-31,2026-06-17,2026-06-17,2.3,,,,,,136.86,3.14,,,,,,,51.0,
064760,2026-12-31,2026-06-17,2026-06-17,13.21,,,,,,45.94,6.07,,,,0.51,,,6138.0,
246710,2026-12-31,2026-06-17,2026-06-17,0.0,,,,,,,4.63,,,,,,,,
340570,2026-12-31,2026-06-17,2026-06-17,18.83,,,,,,12.17,2.29,,,,2.61,,,4725.0,
043220,2026-12-31,2026-06-17,2026-06-17,0.0,,,,,,,1.55,,,,,,,,
277880,2026-12-31,2026-06-17,2026-06-17,1.19,,,,,,66.39,0.79,,,,,,,61.0,
131290,2026-12-31,2026-06-17,2026-06-17,9.97,,,,,,71.61,7.14,,,,0.18,,,3526.0,
425420,2026-12-31,2026-06-17,2026-06-17,16.85,,,,,,33.23,5.6,,,,,,,1586.0,
484810,2026-12-31,2026-06-17,2026-06-17,0.0,,,,,,,3.8,,,,,,,,
131100,2026-12-31,2026-06-17,2026-06-17,0.53,,,,,,80.27,0.43,,,,,,,11.0,
356860,2026-12-31,2026-06-17,2026-06-17,15.1,,,,,,49.54,7.48,,,,0.49,,,1857.0,
321550,2026-12-31,2026-06-17,2026-06-17,0.0,,,,,,,3.58,,,,,,,,
425040,2026-12-31,2026-06-17,2026-06-17,8.04,,,,,,22.66,1.82,,,,0.87,,,759.0,
241790,2026-12-31,2026-06-17,2026-06-17,3.69,,,,,,13.97,0.52,,,,1.14,,,438.0,
022220,2026-12-31,2026-06-17,2026-06-17,0.0,,,,,,,0.44,,,,,,,,
104480,2026-12-31,2026-06-17,2026-06-17,9.49,,,,,,1.39,0.13,,,,,,,1282.0,
081150,2026-12-31,2026-06-17,2026-06-17,1.98,,,,,,21.39,0.42,,,,1.71,,,137.0,
130740,2026-12-31,2026-06-17,2026-06-17,0.0,,,,,,,0.36,,,,,,,,
084730,2026-12-31,2026-06-17,2026-06-17,0.0,,,,,,,0.44,,,,,,,,
440110,2026-12-31,2026-06-17,2026-06-17,0.0,,,,,,,271.1,,,,,,,,
290560,2026-12-31,2026-06-17,2026-06-17,12.45,,,,,,5.87,0.73,,,,,,,179.0,
288330,2026-12-31,2026-06-17,2026-06-17,0.0,,,,,,,1.01,,,,,,,,
033540,2026-12-31,2026-06-17,2026-06-17,0.0,,,,,,,0.42,,,,,,,,
388870,2026-12-31,2026-06-17,2026-06-17,0.0,,,,,,,6.51,,,,,,,,
043200,2026-12-31,2026-06-17,2026-06-17,0.0,,,,,,,1.28,,,,,,,,
214450,2026-12-31,2026-06-17,2026-06-17,26.66,,,,,,19.0,5.07,,,,1.23,,,15893.0,
177830,2026-12-31,2026-06-17,2026-06-17,0.0,,,,,,,0.4,,,,3.08,,,,
037070,2026-12-31,2026-06-17,2026-06-17,4.32,,,,,,36.05,1.56,,,,2.25,,,185.0,
150900,2026-12-31,2026-06-17,2026-06-17,7.11,,,,,,16.02,1.14,,,,2.66,,,235.0,
037030,2026-12-31,2026-06-17,2026-06-17,10.79,,,,,,8.63,0.93,,,,,,,652.0,
047310,2026-12-31,2026-06-17,2026-06-17,0.0,,,,,,,0.74,,,,,,,,
368770,2026-12-31,2026-06-17,2026-06-17,20.39,,,,,,52.98,10.8,,,,0.57,,,285.0,
170790,2026-12-31,2026-06-17,2026-06-17,8.54,,,,,,7.5,0.64,,,,4.14,,,1160.0,
049120,2026-12-31,2026-06-17,2026-06-17,0.0,,,,,,,0.57,,,,,,,,
038950,2026-12-31,2026-06-17,2026-06-17,0.0,,,,,,,0.27,,,,1.66,,,,
387570,2026-12-31,2026-06-17,2026-06-17,0.0,,,,,,,1.84,,,,,,,,
441270,2026-12-31,2026-06-17,2026-06-17,0.0,,,,,,,1.77,,,,,,,,
106240,2026-12-31,2026-06-17,2026-06-17,0.0,,,,,,,0.38,,,,,,,,
131760,2026-12-31,2026-06-17,2026-06-17,0.0,,,,,,,0.75,,,,,,,,
065690,2026-12-31,2026-06-17,2026-06-17,11.37,,,,,,2.21,0.25,,,,,,,502.0,
140860,2026-12-31,2026-06-17,2026-06-17,15.32,,,,,,51.28,7.86,,,,0.2,,,4963.0,
091700,2026-12-31,2026-06-17,2026-06-17,6.53,,,,,,9.75,0.64,,,,4.72,,,674.0,
032800,2026-12-31,2026-06-17,2026-06-17,0.0,,,,,,,0.36,,,,,,,,
318010,2026-12-31,2026-06-17,2026-06-17,4.35,,,,,,9.52,0.41,,,,5.62,,,374.0,
027710,2026-12-31,2026-06-17,2026-06-17,10.67,,,,,,4.06,0.43,,,,9.06,,,272.0,
225590,2026-12-31,2026-06-17,2026-06-17,3.54,,,,,,7.31,0.26,,,,,,,535.0,
054300,2026-12-31,2026-06-17,2026-06-17,0.0,,,,,,,0.61,,,,,,,,
068050,2026-12-31,2026-06-17,2026-06-17,0.0,,,,,,,0.45,,,,,,,,
222110,2026-12-31,2026-06-17,2026-06-17,6.94,,,,,,31.27,2.17,,,,,,,154.0,
271830,2026-12-31,2026-06-17,2026-06-17,0.0,,,,,,,0.76,,,,,,,,
263750,2026-12-31,2026-06-17,2026-06-17,0.0,,,,,,,3.09,,,,,,,,
251970,2026-12-31,2026-06-17,2026-06-17,11.7,,,,,,13.44,1.57,,,,1.2,,,2778.0,
187660,2026-12-31,2026-06-17,2026-06-17,0.0,,,,,,,16.92,,,,,,,,
0015S0,2026-12-31,2026-06-17,2026-06-17,4.83,,,,,,32.49,1.57,,,,,,,305.0,
168360,2026-12-31,2026-06-17,2026-06-17,0.0,,,,,,,18.22,,,,0.23,,,,
087010,2026-12-31,2026-06-17,2026-06-17,0.0,,,,,,,39.2,,,,,,,,
064800,2026-12-31,2026-06-17,2026-06-17,7.35,,,,,,4.21,0.31,,,,,,,630.0,
119500,2026-12-31,2026-06-17,2026-06-17,4.2,,,,,,16.81,0.71,,,,1.96,,,182.0,
389140,2026-12-31,2026-06-17,2026-06-17,0.0,,,,,,,2.27,,,,,,,,
105760,2026-12-31,2026-06-17,2026-06-17,4.85,,,,,,10.92,0.53,,,,,,,392.0,
009520,2026-12-31,2026-06-17,2026-06-17,1.24,,,,,,450.59,5.58,,,,0.07,,,34.0,
189690,2026-12-31,2026-06-17,2026-06-17,6.25,,,,,,9.87,0.62,,,,2.85,,,178.0,
318020,2026-12-31,2026-06-17,2026-06-17,5.41,,,,,,10.88,0.59,,,,3.96,,,232.0,
256630,2026-12-31,2026-06-17,2026-06-17,0.0,,,,,,,0.78,,,,1.09,,,,
331380,2026-12-31,2026-06-17,2026-06-17,0.0,,,,,,,2.62,,,,,,,,
208710,2026-12-31,2026-06-17,2026-06-17,0.0,,,,,,,0.69,,,,,,,,
472850,2026-12-31,2026-06-17,2026-06-17,14.71,,,,,,8.05,1.18,,,,5.8,,,600.0,
039980,2026-12-31,2026-06-17,2026-06-17,0.0,,,,,,,0.96,,,,,,,,
041910,2026-12-31,2026-06-17,2026-06-17,4.53,,,,,,11.47,0.52,,,,,,,464.0,
234100,2026-12-31,2026-06-17,2026-06-17,0.23,,,,,,99.83,0.23,,,,,,,30.0,
041020,2026-12-31,2026-06-17,2026-06-17,5.45,,,,,,34.18,1.86,,,,,,,98.0,
114630,2026-12-31,2026-06-17,2026-06-17,1.95,,,,,,12.22,0.24,,,,,,,145.0,
487580,2026-12-31,2026-06-17,2026-06-17,22.83,,,,,,10.24,2.34,,,,,,,379.0,
290720,2026-12-31,2026-06-17,2026-06-17,7.36,,,,,,40.93,3.01,,,,,,,75.0,
005670,2026-12-31,2026-06-17,2026-06-17,10.05,,,,,,5.93,0.6,,,,2.47,,,1094.0,
094940,2026-12-31,2026-06-17,2026-06-17,0.0,,,,,,,1.52,,,,,,,,
007330,2026-12-31,2026-06-17,2026-06-17,6.2,,,,,,6.28,0.39,,,,7.23,,,1696.0,
093380,2026-12-31,2026-06-17,2026-06-17,1.15,,,,,,29.7,0.34,,,,3.21,,,84.0,
023900,2026-12-31,2026-06-17,2026-06-17,5.95,,,,,,9.54,0.57,,,,2.58,,,812.0,
371950,2026-12-31,2026-06-17,2026-06-17,0.0,,,,,,,13.71,,,,,,,,
298060,2026-12-31,2026-06-17,2026-06-17,0.74,,,,,,93.67,0.69,,,,,,,30.0,
370090,2026-12-31,2026-06-17,2026-06-17,0.0,,,,,,,1.9,,,,,,,,
445180,2026-12-31,2026-06-17,2026-06-17,14.28,,,,,,10.6,1.51,,,,1.27,,,893.0,
220100,2026-12-31,2026-06-17,2026-06-17,0.0,,,,,,,5.14,,,,,,,,
035200,2026-12-31,2026-06-17,2026-06-17,2.58,,,,,,24.08,0.62,,,,2.66,,,125.0,
334970,2026-12-31,2026-06-17,2026-06-17,0.0,,,,,,,1.11,,,,,,,,
227100,2026-12-31,2026-06-17,2026-06-17,0.0,,,,,,,3.85,,,,,,,,
321260,2026-12-31,2026-06-17,2026-06-17,9.14,,,,,,18.89,1.73,,,,2.21,,,144.0,
053610,2026-12-31,2026-06-17,2026-06-17,13.66,,,,,,16.08,2.2,,,,0.47,,,5293.0,
468530,2026-12-31,2026-06-17,2026-06-17,0.0,,,,,,,14.65,,,,,,,,
303360,2026-12-31,2026-06-17,2026-06-17,14.56,,,,,,12.62,1.84,,,,,,,347.0,
377220,2026-12-31,2026-06-17,2026-06-17,0.0,,,,,,,0.78,,,,,,,,
335810,2026-12-31,2026-06-17,2026-06-17,0.0,,,,,,,0.92,,,,,,,,
053160,2026-12-31,2026-06-17,2026-06-17,1.26,,,,,,56.25,0.71,,,,1.38,,,168.0,
405000,2026-12-31,2026-06-17,2026-06-17,0.0,,,,,,,2.79,,,,,,,,
041590,2026-12-31,2026-06-17,2026-06-17,0.71,,,,,,395.0,2.8,,,,,,,6.0,
367000,2026-12-31,2026-06-17,2026-06-17,0.0,,,,,,,0.75,,,,,,,,
075130,2026-12-31,2026-06-17,2026-06-17,3.17,,,,,,13.86,0.44,,,,4.98,,,145.0,
237820,2026-12-31,2026-06-17,2026-06-17,6.46,,,,,,7.4,0.48,,,,5.6,,,458.0,
023770,2026-12-31,2026-06-17,2026-06-17,0.0,,,,,,,1.26,,,,,,,,
019570,2026-12-31,2026-06-17,2026-06-17,7.06,,,,,,6.88,0.49,,,,,,,43.0,
300080,2026-12-31,2026-06-17,2026-06-17,37.49,,,,,,20.9,7.83,,,,,,,391.0,
033790,2026-12-31,2026-06-17,2026-06-17,0.0,,,,,,,6.14,,,,,,,,
032580,2026-12-31,2026-06-17,2026-06-17,0.0,,,,,,,3.95,,,,,,,,
0117P0,2026-12-31,2026-06-17,2026-06-17,12.09,,,,,,7.51,0.91,,,,,,,1139.0,
051380,2026-12-31,2026-06-17,2026-06-17,6.35,,,,,,9.8,0.62,,,,4.11,,,174.0,
241820,2026-12-31,2026-06-17,2026-06-17,0.0,,,,,,,2.52,,,,,,,,
452450,2026-12-31,2026-06-17,2026-06-17,0.0,,,,,,,3.01,,,,,,,,
237750,2026-12-31,2026-06-17,2026-06-17,0.0,,,,,,,0.66,,,,2.25,,,,
460940,2026-12-31,2026-06-17,2026-06-17,6.5,,,,,,26.89,1.75,,,,0.7,,,212.0,
319660,2026-12-31,2026-06-17,2026-06-17,14.58,,,,,,59.88,8.73,,,,0.42,,,2712.0,
031980,2026-12-31,2026-06-17,2026-06-17,18.11,,,,,,28.6,5.18,,,,0.89,,,4252.0,
002230,2026-12-31,2026-06-17,2026-06-17,6.93,,,,,,10.21,0.71,,,,4.38,,,559.0,
043370,2026-12-31,2026-06-17,2026-06-17,5.48,,,,,,5.51,0.3,,,,3.06,,,2369.0,
239890,2026-12-31,2026-06-17,2026-06-17,5.16,,,,,,14.15,0.73,,,,4.89,,,289.0,
347740,2026-12-31,2026-06-17,2026-06-17,5.8,,,,,,11.84,0.69,,,,2.61,,,162.0,
137400,2026-12-31,2026-06-17,2026-06-17,11.68,,,,,,13.38,1.56,,,,0.47,,,3200.0,
257370,2026-12-31,2026-06-17,2026-06-17,0.0,,,,,,,1.45,,,,,,,,
147760,2026-12-31,2026-06-17,2026-06-17,0.0,,,,,,,8.1,,,,,,,,
128660,2026-12-31,2026-06-17,2026-06-17,10.31,,,,,,9.32,0.96,,,,5.94,,,307.0,
006140,2026-12-31,2026-06-17,2026-06-17,6.71,,,,,,8.11,0.54,,,,3.92,,,629.0,
376180,2026-12-31,2026-06-17,2026-06-17,0.0,,,,,,,0.86,,,,5.41,,,,
304840,2026-12-31,2026-06-17,2026-06-17,0.0,,,,,,,0.75,,,,,,,,
087600,2026-12-31,2026-06-17,2026-06-17,0.0,,,,,,,0.36,,,,,,,,
291810,2026-12-31,2026-06-17,2026-06-17,0.0,,,,,,,0.78,,,,,,,,
378340,2026-12-31,2026-06-17,2026-06-17,0.0,,,,,,,2.34,,,,,,,,
161580,2026-12-31,2026-06-17,2026-06-17,0.0,,,,,,,8.65,,,,,,,,
347770,2026-12-31,2026-06-17,2026-06-17,0.0,,,,,,,0.53,,,,,,,,
163730,2026-12-31,2026-06-17,2026-06-17,0.65,,,,,,480.94,3.1,,,,0.65,,,32.0,
417180,2026-12-31,2026-06-17,2026-06-17,11.5,,,,,,4.76,0.55,,,,,,,1021.0,
469880,2026-12-31,2026-06-17,2026-06-17,,,,,,,,,,,,,,,,
469900,2026-12-31,2026-06-17,2026-06-17,,,,,,,,,,,,,,,,
475240,2026-12-31,2026-06-17,2026-06-17,,,,,,,,,,,,,,,,
475250,2026-12-31,2026-06-17,2026-06-17,,,,,,,,,,,,,,,,
484130,2026-12-31,2026-06-17,2026-06-17,,,,,,,,,,,,,,,,
0041L0,2026-12-31,2026-06-17,2026-06-17,,,,,,,,,,,,,,,,
0101C0,2026-12-31,2026-06-17,2026-06-17,,,,,,,,,,,,,,,,
299030,2026-12-31,2026-06-17,2026-06-17,0.0,,,,,,,1.46,,,,,,,,
067310,2026-12-31,2026-06-17,2026-06-17,10.6,,,,,,79.59,8.44,,,,0.14,,,637.0,
166090,2026-12-31,2026-06-17,2026-06-17,8.25,,,,,,36.29,3.0,,,,0.42,,,1984.0,
136480,2026-12-31,2026-06-17,2026-06-17,11.84,,,,,,7.92,0.94,,,,1.39,,,363.0,
003380,2026-12-31,2026-06-17,2026-06-17,7.24,,,,,,4.7,0.34,,,,1.08,,,2360.0,
450330,2026-12-31,2026-06-17,2026-06-17,3.42,,,,,,28.66,0.98,,,,1.08,,,194.0,
101670,2026-12-31,2026-06-17,2026-06-17,0.0,,,,,,,1.25,,,,,,,,
365590,2026-12-31,2026-06-17,2026-06-17,0.0,,,,,,,18.76,,,,,,,,
149980,2026-12-31,2026-06-17,2026-06-17,4.94,,,,,,24.98,1.24,,,,,,,215.0,
013030,2026-12-31,2026-06-17,2026-06-17,10.91,,,,,,8.62,0.94,,,,3.72,,,4211.0,
126700,2026-12-31,2026-06-17,2026-06-17,0.0,,,,,,,0.71,,,,0.58,,,,
160190,2026-12-31,2026-06-17,2026-06-17,0.0,,,,,,,7.47,,,,,,,,
221840,2026-12-31,2026-06-17,2026-06-17,4.97,,,,,,19.27,0.96,,,,,,,110.0,
106190,2026-12-31,2026-06-17,2026-06-17,8.78,,,,,,13.23,1.16,,,,1.05,,,1079.0,
065650,2026-12-31,2026-06-17,2026-06-17,0.0,,,,,,,0.98,,,,,,,,
066130,2026-12-31,2026-06-17,2026-06-17,7.78,,,,,,4.79,0.37,,,,3.87,,,755.0,
004590,2026-12-31,2026-06-17,2026-06-17,7.85,,,,,,5.84,0.46,,,,3.41,,,1029.0,
039340,2026-12-31,2026-06-17,2026-06-17,1.88,,,,,,28.25,0.53,,,,3.14,,,169.0,
034950,2026-12-31,2026-06-17,2026-06-17,19.08,,,,,,17.8,3.4,,,,7.95,,,5656.0,
222980,2026-12-31,2026-06-17,2026-06-17,0.0,,,,,,,0.64,,,,,,,,
256840,2026-12-31,2026-06-17,2026-06-17,1.23,,,,,,71.31,0.88,,,,2.34,,,42.0,
219750,2026-12-31,2026-06-17,2026-06-17,0.0,,,,,,,1.53,,,,,,,,
025550,2026-12-31,2026-06-17,2026-06-17,0.25,,,,,,211.15,0.54,,,,,,,13.0,
017890,2026-12-31,2026-06-17,2026-06-17,5.7,,,,,,8.17,0.47,,,,0.89,,,1507.0,
080720,2026-12-31,2026-06-17,2026-06-17,,,,,,,,,,,,,,,,
041460,2026-12-31,2026-06-17,2026-06-17,7.15,,,,,,13.87,0.99,,,,2.75,,,252.0,
101680,2026-12-31,2026-06-17,2026-06-17,0.0,,,,,,,0.54,,,,,,,,
039740,2026-12-31,2026-06-17,2026-06-17,4.13,,,,,,13.96,0.58,,,,,,,268.0,
053300,2026-12-31,2026-06-17,2026-06-17,12.81,,,,,,7.97,1.02,,,,3.84,,,654.0,
025770,2026-12-31,2026-06-17,2026-06-17,10.88,,,,,,7.53,0.82,,,,3.71,,,1038.0,
464440,2026-12-31,2026-06-17,2026-06-17,,,,,,,,,,,,,,,,
479880,2026-12-31,2026-06-17,2026-06-17,,,,,,,,,,,,,,,,
062970,2026-12-31,2026-06-17,2026-06-17,0.0,,,,,,,6.22,,,,,,,,
023760,2026-12-31,2026-06-17,2026-06-17,11.99,,,,,,2.58,0.31,,,,5.36,,,289.0,
054040,2026-12-31,2026-06-17,2026-06-17,12.48,,,,,,3.22,0.4,,,,6.0,,,1555.0,
021650,2026-12-31,2026-06-17,2026-06-17,4.71,,,,,,7.24,0.34,,,,4.87,,,284.0,
032300,2026-12-31,2026-06-17,2026-06-17,0.0,,,,,,,1.43,,,,0.56,,,,
037230,2026-12-31,2026-06-17,2026-06-17,5.09,,,,,,8.28,0.42,,,,3.16,,,191.0,
448900,2026-12-31,2026-06-17,2026-06-17,0.0,,,,,,,8.84,,,,,,,,
030520,2026-12-31,2026-06-17,2026-06-17,9.29,,,,,,13.72,1.27,,,,2.04,,,1427.0,
052600,2026-12-31,2026-06-17,2026-06-17,9.2,,,,,,10.11,0.93,,,,5.63,,,316.0,
256150,2026-12-31,2026-06-17,2026-06-17,4.72,,,,,,13.76,0.65,,,,5.13,,,354.0,
092460,2026-12-31,2026-06-17,2026-06-17,13.01,,,,,,12.78,1.66,,,,3.21,,,1511.0,
125490,2026-12-31,2026-06-17,2026-06-17,4.43,,,,,,94.3,4.17,,,,,,,128.0,
452190,2026-12-31,2026-06-17,2026-06-17,7.93,,,,,,52.6,4.17,,,,,,,104.0,
047080,2026-12-31,2026-06-17,2026-06-17,30.17,,,,,,6.69,2.02,,,,,,,210.0,
452280,2026-12-31,2026-06-17,2026-06-17,13.09,,,,,,33.2,4.35,,,,,,,518.0,
066980,2026-12-31,2026-06-17,2026-06-17,0.17,,,,,,981.0,1.69,,,,,,,2.0,
114810,2026-12-31,2026-06-17,2026-06-17,13.53,,,,,,15.13,2.05,,,,,,,1029.0,
042520,2026-12-31,2026-06-17,2026-06-17,0.0,,,,,,,10.73,,,,,,,,
430690,2026-12-31,2026-06-17,2026-06-17,0.0,,,,,,,1.06,,,,,,,,
078350,2026-12-31,2026-06-17,2026-06-17,8.79,,,,,,24.73,2.17,,,,,,,1025.0,
045100,2026-12-31,2026-06-17,2026-06-17,6.63,,,,,,12.85,0.85,,,,,,,2541.0,
320000,2026-12-31,2026-06-17,2026-06-17,0.0,,,,,,,2.11,,,,,,,,
091440,2026-12-31,2026-06-17,2026-06-17,0.0,,,,,,,1.86,,,,,,,,
276730,2026-12-31,2026-06-17,2026-06-17,0.0,,,,,,,1.98,,,,,,,,
024740,2026-12-31,2026-06-17,2026-06-17,1.07,,,,,,52.89,0.56,,,,,,,45.0,
005860,2026-12-31,2026-06-17,2026-06-17,3.9,,,,,,15.77,0.61,,,,2.94,,,162.0,
007770,2026-12-31,2026-06-17,2026-06-17,0.0,,,,,,,0.29,,,,,,,,
198940,2026-12-31,2026-06-17,2026-06-17,0.0,,,,,,,0.97,,,,,,,,
058450,2026-12-31,2026-06-17,2026-06-17,0.0,,,,,,,1.72,,,,,,,,
107640,2026-12-31,2026-06-17,2026-06-17,4.36,,,,,,98.0,4.27,,,,,,,450.0,
079170,2026-12-31,2026-06-17,2026-06-17,9.08,,,,,,4.16,0.38,,,,3.97,,,1273.0,
054920,2026-12-31,2026-06-17,2026-06-17,5.41,,,,,,13.15,0.71,,,,,,,314.0,
457370,2026-12-31,2026-06-17,2026-06-17,9.68,,,,,,18.86,1.83,,,,1.45,,,734.0,
002680,2026-12-31,2026-06-17,2026-06-17,4.37,,,,,,5.72,0.25,,,,,,,67.0,
098070,2026-12-31,2026-06-17,2026-06-17,19.73,,,,,,11.7,2.31,,,,1.11,,,2881.0,
408470,2026-12-31,2026-06-17,2026-06-17,20.14,,,,,,9.43,1.9,,,,,,,898.0,
498390,2026-12-31,2026-06-17,2026-06-17,,,,,,,,,,,,,,,,
034810,2026-12-31,2026-06-17,2026-06-17,0.0,,,,,,,0.28,,,,3.94,,,,
03481K,2026-12-31,2026-06-17,2026-06-17,,,,,,,,,,,,4.0,,,,
059270,2026-12-31,2026-06-17,2026-06-17,0.37,,,,,,604.62,2.21,,,,,,,13.0,
076610,2026-12-31,2026-06-17,2026-06-17,0.0,,,,,,,3.35,,,,,,,,
220180,2026-12-31,2026-06-17,2026-06-17,1.2,,,,,,41.59,0.5,,,,,,,39.0,
214180,2026-12-31,2026-06-17,2026-06-17,13.74,,,,,,6.47,0.89,,,,3.18,,,2427.0,
234340,2026-12-31,2026-06-17,2026-06-17,5.56,,,,,,34.17,1.9,,,,0.92,,,701.0,
084990,2026-12-31,2026-06-17,2026-06-17,0.0,,,,,,,1.51,,,,,,,,
170030,2026-12-31,2026-06-17,2026-06-17,7.32,,,,,,6.63,0.49,,,,5.7,,,793.0,
319400,2026-12-31,2026-06-17,2026-06-17,7.08,,,,,,350.97,24.85,,,,0.14,,,103.0,
048410,2026-12-31,2026-06-17,2026-06-17,0.0,,,,,,,8.41,,,,,,,,
052260,2026-12-31,2026-06-17,2026-06-17,0.18,,,,,,463.13,0.82,,,,1.89,,,8.0,
016790,2026-12-31,2026-06-17,2026-06-17,5.67,,,,,,43.22,2.45,,,,,,,23.0,
041440,2026-12-31,2026-06-17,2026-06-17,2.42,,,,,,32.38,0.78,,,,0.83,,,260.0,
039010,2026-12-31,2026-06-17,2026-06-17,9.94,,,,,,6.84,0.68,,,,4.81,,,1367.0,
090850,2026-12-31,2026-06-17,2026-06-17,21.29,,,,,,5.14,1.09,,,,4.14,,,1035.0,
460930,2026-12-31,2026-06-17,2026-06-17,8.48,,,,,,24.72,2.1,,,,0.87,,,604.0,
092300,2026-12-31,2026-06-17,2026-06-17,6.72,,,,,,8.3,0.56,,,,2.05,,,412.0,
011080,2026-12-31,2026-06-17,2026-06-17,0.0,,,,,,,0.38,,,,,,,,
308100,2026-12-31,2026-06-17,2026-06-17,0.0,,,,,,,0.24,,,,,,,,
064240,2026-12-31,2026-06-17,2026-06-17,0.04,,,,,,1705.0,0.69,,,,,,,1.0,
039610,2026-12-31,2026-06-17,2026-06-17,0.0,,,,,,,0.78,,,,,,,,
126640,2026-12-31,2026-06-17,2026-06-17,8.7,,,,,,24.01,2.09,,,,1.06,,,294.0,
127980,2026-12-31,2026-06-17,2026-06-17,0.0,,,,,,,1.22,,,,4.33,,,,
061250,2026-12-31,2026-06-17,2026-06-17,0.0,,,,,,,0.33,,,,,,,,
097870,2026-12-31,2026-06-17,2026-06-17,3.57,,,,,,14.97,0.53,,,,,,,354.0,
290270,2026-12-31,2026-06-17,2026-06-17,11.2,,,,,,4.75,0.53,,,,1.72,,,612.0,
353190,2026-12-31,2026-06-17,2026-06-17,2.68,,,,,,20.62,0.55,,,,13.38,,,145.0,
090710,2026-12-31,2026-06-17,2026-06-17,0.0,,,,,,,10.27,,,,,,,,
078590,2026-12-31,2026-06-17,2026-06-17,0.0,,,,,,,0.41,,,,,,,,
205470,2026-12-31,2026-06-17,2026-06-17,0.0,,,,,,,0.29,,,,,,,,
115160,2026-12-31,2026-06-17,2026-06-17,0.0,,,,,,,0.31,,,,,,,,
028080,2026-12-31,2026-06-17,2026-06-17,0.0,,,,,,,0.46,,,,,,,,
175140,2026-12-31,2026-06-17,2026-06-17,0.0,,,,,,,1.46,,,,,,,,
200670,2026-12-31,2026-06-17,2026-06-17,18.59,,,,,,5.73,1.07,,,,3.2,,,5017.0,
065510,2026-12-31,2026-06-17,2026-06-17,0.0,,,,,,,0.73,,,,3.44,,,,
263920,2026-12-31,2026-06-17,2026-06-17,3.45,,,,,,20.31,0.7,,,,6.15,,,160.0,
243070,2026-12-31,2026-06-17,2026-06-17,11.38,,,,,,7.85,0.89,,,,3.21,,,3651.0,
084110,2026-12-31,2026-06-17,2026-06-17,5.28,,,,,,11.55,0.61,,,,3.22,,,2367.0,
145020,2026-12-31,2026-06-17,2026-06-17,14.85,,,,,,19.75,2.93,,,,,,,13061.0,
024060,2026-12-31,2026-06-17,2026-06-17,0.2,,,,,,996.36,2.03,,,,0.18,,,11.0,
010240,2026-12-31,2026-06-17,2026-06-17,10.32,,,,,,5.06,0.52,,,,5.04,,,1099.0,
189980,2026-12-31,2026-06-17,2026-06-17,8.0,,,,,,6.0,0.48,,,,10.79,,,201.0,
037440,2026-12-31,2026-06-17,2026-06-17,8.93,,,,,,8.32,0.74,,,,1.94,,,619.0,
238490,2026-12-31,2026-06-17,2026-06-17,0.0,,,,,,,0.51,,,,,,,,
