ticker,name,market,sector,listing_date,is_etf,is_spac,is_managed,is_halted,as_of
095570,AJ네트웍스,KOSPI,,,false,false,false,false,2026-07-19
006840,AK홀딩스,KOSPI,,,false,false,false,false,2026-07-19
027410,BGF,KOSPI,,,false,false,false,false,2026-07-19
282330,BGF리테일,KOSPI,,,false,false,false,false,2026-07-19
138930,BNK금융지주,KOSPI,,,false,false,false,false,2026-07-19
001460,BYC,KOSPI,,,false,false,false,false,2026-07-19
001465,BYC우,KOSPI,,,false,false,false,false,2026-07-19
001040,CJ,KOSPI,,,false,false,false,false,2026-07-19
079160,CJ CGV,KOSPI,,,false,false,false,false,2026-07-19
00104K,CJ4우(전환),KOSPI,,,false,false,false,false,2026-07-19
000120,CJ대한통운,KOSPI,,,false,false,false,false,2026-07-19
011150,CJ씨푸드,KOSPI,,,false,false,false,false,2026-07-19
011155,CJ씨푸드1우,KOSPI,,,false,false,false,false,2026-07-19
001045,CJ우,KOSPI,,,false,false,false,false,2026-07-19
097950,CJ제일제당,KOSPI,,,false,false,false,false,2026-07-19
097955,CJ제일제당 우,KOSPI,,,false,false,false,false,2026-07-19
000480,CR홀딩스,KOSPI,,,false,false,false,false,2026-07-19
000590,CS홀딩스,KOSPI,,,false,false,false,false,2026-07-19
012030,DB,KOSPI,,,false,false,false,false,2026-07-19
005830,DB손해보험,KOSPI,,,false,false,false,false,2026-07-19
016610,DB증권,KOSPI,,,false,false,false,false,2026-07-19
000990,DB하이텍,KOSPI,,,false,false,false,false,2026-07-19
000300,DH오토넥스,KOSPI,,,false,false,false,false,2026-07-19
001530,DI동일,KOSPI,,,false,false,false,false,2026-07-19
015590,DKME,KOSPI,,,false,false,false,false,2026-07-19
000210,DL,KOSPI,,,false,false,false,false,2026-07-19
000215,DL우,KOSPI,,,false,false,false,false,2026-07-19
375500,DL이앤씨,KOSPI,,,false,false,false,false,2026-07-19
37550L,DL이앤씨2우(전환),KOSPI,,,false,false,false,false,2026-07-19
37550K,DL이앤씨우,KOSPI,,,false,false,false,false,2026-07-19
007340,DN오토모티브,KOSPI,,,false,false,false,false,2026-07-19
004840,DRB동일,KOSPI,,,false,false,false,false,2026-07-19
155660,DSR,KOSPI,,,false,false,false,false,2026-07-19
069730,DSR제강,KOSPI,,,false,false,false,false,2026-07-19
017860,DS단석,KOSPI,,,false,false,false,false,2026-07-19
092780,DYP,KOSPI,,,false,false,false,false,2026-07-19
017940,E1,KOSPI,,,false,false,false,false,2026-07-19
365550,ESR켄달스퀘어리츠,KOSPI,,,false,false,false,false,2026-07-19
383220,F&F,KOSPI,,,false,false,false,false,2026-07-19
007700,F&F홀딩스,KOSPI,,,false,false,false,false,2026-07-19
114090,GKL,KOSPI,,,false,false,false,false,2026-07-19
078930,GS,KOSPI,,,false,false,false,false,2026-07-19
006360,GS건설,KOSPI,,,false,false,false,false,2026-07-19
001250,GS글로벌,KOSPI,,,false,false,false,false,2026-07-19
007070,GS리테일,KOSPI,,,false,false,false,false,2026-07-19
078935,GS우,KOSPI,,,false,false,false,false,2026-07-19
499790,GS피앤엘,KOSPI,,,false,false,false,false,2026-07-19
012630,HDC,KOSPI,,,false,false,false,false,2026-07-19
039570,HDC랩스,KOSPI,,,false,false,false,false,2026-07-19
089470,HDC현대EP,KOSPI,,,false,false,false,false,2026-07-19
267270,HD건설기계,KOSPI,,,false,false,false,false,2026-07-19
009540,HD한국조선해양,KOSPI,,,false,false,false,false,2026-07-19
267250,HD현대,KOSPI,,,false,false,false,false,2026-07-19
443060,HD현대마린솔루션,KOSPI,,,false,false,false,false,2026-07-19
071970,HD현대마린엔진,KOSPI,,,false,false,false,false,2026-07-19
322000,HD현대에너지솔루션,KOSPI,,,false,false,false,false,2026-07-19
267260,HD현대일렉트릭,KOSPI,,,false,false,false,false,2026-07-19
329180,HD현대중공업,KOSPI,,,false,false,false,false,2026-07-19
097230,HJ중공업,KOSPI,,,false,false,false,false,2026-07-19
014790,HL D&I,KOSPI,,,false,false,false,false,2026-07-19
003580,HLB글로벌,KOSPI,,,false,false,false,false,2026-07-19
204320,HL만도,KOSPI,,,false,false,false,false,2026-07-19
060980,HL홀딩스,KOSPI,,,false,false,false,false,2026-07-19
011200,HMM,KOSPI,,,false,false,false,false,2026-07-19
035000,HS애드,KOSPI,,,false,false,false,false,2026-07-19
002460,HS화성,KOSPI,,,false,false,false,false,2026-07-19
487570,HS효성,KOSPI,,,false,false,false,false,2026-07-19
298050,HS효성첨단소재,KOSPI,,,false,false,false,false,2026-07-19
015360,INVENI,KOSPI,,,false,false,false,false,2026-07-19
294870,IPARK현대산업개발,KOSPI,,,false,false,false,false,2026-07-19
175330,JB금융지주,KOSPI,,,false,false,false,false,2026-07-19
234080,JW생명과학,KOSPI,,,false,false,false,false,2026-07-19
001060,JW중외제약,KOSPI,,,false,false,false,false,2026-07-19
001067,JW중외제약2우B,KOSPI,,,false,false,false,false,2026-07-19
001065,JW중외제약우,KOSPI,,,false,false,false,false,2026-07-19
096760,JW홀딩스,KOSPI,,,false,false,false,false,2026-07-19
008970,KBI동양철관,KOSPI,,,false,false,false,false,2026-07-19
105560,KB금융,KOSPI,,,false,false,false,false,2026-07-19
415640,KB발해인프라,KOSPI,,,false,false,false,false,2026-07-19
432320,KB스타리츠,KOSPI,,,false,false,false,false,2026-07-19
002380,KCC,KOSPI,,,false,false,false,false,2026-07-19
344820,KCC글라스,KOSPI,,,false,false,false,false,2026-07-19
009070,KCTC,KOSPI,,,false,false,false,false,2026-07-19
009440,KC그린홀딩스,KOSPI,,,false,false,false,false,2026-07-19
119650,KC코트렐,KOSPI,,,false,false,false,false,2026-07-19
092220,KEC,KOSPI,,,false,false,false,false,2026-07-19
003620,KG모빌리티,KOSPI,,,false,false,false,false,2026-07-19
016380,KG스틸,KOSPI,,,false,false,false,false,2026-07-19
001390,KG케미칼,KOSPI,,,false,false,false,false,2026-07-19
001940,KISCO홀딩스,KOSPI,,,false,false,false,false,2026-07-19
025000,KPX케미칼,KOSPI,,,false,false,false,false,2026-07-19
092230,KPX홀딩스,KOSPI,,,false,false,false,false,2026-07-19
000040,KR모터스,KOSPI,,,false,false,false,false,2026-07-19
044450,KSS해운,KOSPI,,,false,false,false,false,2026-07-19
030200,KT,KOSPI,,,false,false,false,false,2026-07-19
033780,KT&G,KOSPI,,,false,false,false,false,2026-07-19
058850,KTcs,KOSPI,,,false,false,false,false,2026-07-19
058860,KTis,KOSPI,,,false,false,false,false,2026-07-19
093050,LF,KOSPI,,,false,false,false,false,2026-07-19
003550,LG,KOSPI,,,false,false,false,false,2026-07-19
034220,LG디스플레이,KOSPI,,,false,false,false,false,2026-07-19
051900,LG생활건강,KOSPI,,,false,false,false,false,2026-07-19
051905,LG생활건강우,KOSPI,,,false,false,false,false,2026-07-19
064400,LG씨엔에스,KOSPI,,,false,false,false,false,2026-07-19
373220,LG에너지솔루션,KOSPI,,,false,false,false,false,2026-07-19
003555,LG우,KOSPI,,,false,false,false,false,2026-07-19
032640,LG유플러스,KOSPI,,,false,false,false,false,2026-07-19
011070,LG이노텍,KOSPI,,,false,false,false,false,2026-07-19
066570,LG전자,KOSPI,,,false,false,false,false,2026-07-19
066575,LG전자우,KOSPI,,,false,false,false,false,2026-07-19
037560,LG헬로비전,KOSPI,,,false,false,false,false,2026-07-19
051910,LG화학,KOSPI,,,false,false,false,false,2026-07-19
051915,LG화학우,KOSPI,,,false,false,false,false,2026-07-19
079550,LIG디펜스앤에어로스페이스,KOSPI,,,false,false,false,false,2026-07-19
006260,LS,KOSPI,,,false,false,false,false,2026-07-19
010120,LS ELECTRIC,KOSPI,,,false,false,false,false,2026-07-19
000680,LS네트웍스,KOSPI,,,false,false,false,false,2026-07-19
229640,LS에코에너지,KOSPI,,,false,false,false,false,2026-07-19
108320,LX세미콘,KOSPI,,,false,false,false,false,2026-07-19
001120,LX인터내셔널,KOSPI,,,false,false,false,false,2026-07-19
108670,LX하우시스,KOSPI,,,false,false,false,false,2026-07-19
108675,LX하우시스우,KOSPI,,,false,false,false,false,2026-07-19
383800,LX홀딩스,KOSPI,,,false,false,false,false,2026-07-19
38380K,LX홀딩스1우,KOSPI,,,false,false,false,false,2026-07-19
023150,MH에탄올,KOSPI,,,false,false,false,false,2026-07-19
035420,NAVER,KOSPI,,,false,false,false,false,2026-07-19
036570,NC,KOSPI,,,false,false,false,false,2026-07-19
181710,NHN,KOSPI,,,false,false,false,false,2026-07-19
400760,NH올원리츠,KOSPI,,,false,false,false,false,2026-07-19
005940,NH투자증권,KOSPI,,,false,false,false,false,2026-07-19
005945,NH투자증권우,KOSPI,,,false,false,false,false,2026-07-19
338100,NH프라임리츠,KOSPI,,,false,false,false,false,2026-07-19
034310,NICE,KOSPI,,,false,false,false,false,2026-07-19
030190,NICE평가정보,KOSPI,,,false,false,false,false,2026-07-19
008260,NI스틸,KOSPI,,,false,false,false,false,2026-07-19
004250,NPC,KOSPI,,,false,false,false,false,2026-07-19
004255,NPC우,KOSPI,,,false,false,false,false,2026-07-19
456040,OCI,KOSPI,,,false,false,false,false,2026-07-19
010060,OCI홀딩스,KOSPI,,,false,false,false,false,2026-07-19
178920,PI첨단소재,KOSPI,,,false,false,false,false,2026-07-19
001340,PKC,KOSPI,,,false,false,false,false,2026-07-19
005490,POSCO홀딩스,KOSPI,,,false,false,false,false,2026-07-19
010950,S-Oil,KOSPI,,,false,false,false,false,2026-07-19
010955,S-Oil우,KOSPI,,,false,false,false,false,2026-07-19
034120,SBS,KOSPI,,,false,false,false,false,2026-07-19
003080,SB성보,KOSPI,,,false,false,false,false,2026-07-19
005090,SGC에너지,KOSPI,,,false,false,false,false,2026-07-19
001380,SG글로벌,KOSPI,,,false,false,false,false,2026-07-19
004060,SG세계물산,KOSPI,,,false,false,false,false,2026-07-19
001770,SHD,KOSPI,,,false,false,false,false,2026-07-19
002360,SH에너지화학,KOSPI,,,false,false,false,false,2026-07-19
009160,SIMPAC,KOSPI,,,false,false,false,false,2026-07-19
033530,SJG세종,KOSPI,,,false,false,false,false,2026-07-19
123700,SJM,KOSPI,,,false,false,false,false,2026-07-19
025530,SJM홀딩스,KOSPI,,,false,false,false,false,2026-07-19
034730,SK,KOSPI,,,false,false,false,false,2026-07-19
011790,SKC,KOSPI,,,false,false,false,false,2026-07-19
018670,SK가스,KOSPI,,,false,false,false,false,2026-07-19
001740,SK네트웍스,KOSPI,,,false,false,false,false,2026-07-19
006120,SK디스커버리,KOSPI,,,false,false,false,false,2026-07-19
006125,SK디스커버리우,KOSPI,,,false,false,false,false,2026-07-19
210980,SK디앤디,KOSPI,,,false,false,false,false,2026-07-19
395400,SK리츠,KOSPI,,,false,false,false,false,2026-07-19
302440,SK바이오사이언스,KOSPI,,,false,false,false,false,2026-07-19
326030,SK바이오팜,KOSPI,,,false,false,false,false,2026-07-19
402340,SK스퀘어,KOSPI,,,false,false,false,false,2026-07-19
361610,SK아이이테크놀로지,KOSPI,,,false,false,false,false,2026-07-19
100090,SK오션플랜트,KOSPI,,,false,false,false,false,2026-07-19
03473K,SK우,KOSPI,,,false,false,false,false,2026-07-19
096770,SK이노베이션,KOSPI,,,false,false,false,false,2026-07-19
096775,SK이노베이션우,KOSPI,,,false,false,false,false,2026-07-19
475150,SK이터닉스,KOSPI,,,false,false,false,false,2026-07-19
001510,SK증권,KOSPI,,,false,false,false,false,2026-07-19
001515,SK증권우,KOSPI,,,false,false,false,false,2026-07-19
285130,SK케미칼,KOSPI,,,false,false,false,false,2026-07-19
28513K,SK케미칼우,KOSPI,,,false,false,false,false,2026-07-19
017670,SK텔레콤,KOSPI,,,false,false,false,false,2026-07-19
000660,SK하이닉스,KOSPI,,,false,false,false,false,2026-07-19
003570,SNT다이내믹스,KOSPI,,,false,false,false,false,2026-07-19
064960,SNT모티브,KOSPI,,,false,false,false,false,2026-07-19
100840,SNT에너지,KOSPI,,,false,false,false,false,2026-07-19
036530,SNT홀딩스,KOSPI,,,false,false,false,false,2026-07-19
000390,SP삼화,KOSPI,,,false,false,false,false,2026-07-19
011810,STX,KOSPI,,,false,false,false,false,2026-07-19
465770,STX그린로지스,KOSPI,,,false,false,false,false,2026-07-19
077970,STX엔진,KOSPI,,,false,false,false,false,2026-07-19
002820,SUN&L,KOSPI,,,false,false,false,false,2026-07-19
002170,SYTS,KOSPI,,,false,false,false,false,2026-07-19
084870,TBH글로벌,KOSPI,,,false,false,false,false,2026-07-19
002710,TCC스틸,KOSPI,,,false,false,false,false,2026-07-19
069260,TKG휴켐스,KOSPI,,,false,false,false,false,2026-07-19
007980,TP,KOSPI,,,false,false,false,false,2026-07-19
002900,TYM,KOSPI,,,false,false,false,false,2026-07-19
024070,WISCOM,KOSPI,,,false,false,false,false,2026-07-19
037270,YG PLUS,KOSPI,,,false,false,false,false,2026-07-19
139130,iM금융지주,KOSPI,,,false,false,false,false,2026-07-19
000500,가온전선,KOSPI,,,false,false,false,false,2026-07-19
000860,강남제비스코,KOSPI,,,false,false,false,false,2026-07-19
035250,강원랜드,KOSPI,,,false,false,false,false,2026-07-19
011420,갤럭시아에스엠,KOSPI,,,false,false,false,false,2026-07-19
002100,경농,KOSPI,,,false,false,false,false,2026-07-19
009450,경동나비엔,KOSPI,,,false,false,false,false,2026-07-19
267290,경동도시가스,KOSPI,,,false,false,false,false,2026-07-19
012320,경동인베스트,KOSPI,,,false,false,false,false,2026-07-19
000050,경방,KOSPI,,,false,false,false,false,2026-07-19
214390,경보제약,KOSPI,,,false,false,false,false,2026-07-19
012610,경인양행,KOSPI,,,false,false,false,false,2026-07-19
009140,경인전자,KOSPI,,,false,false,false,false,2026-07-19
013580,계룡건설,KOSPI,,,false,false,false,false,2026-07-19
012200,계양전기,KOSPI,,,false,false,false,false,2026-07-19
012205,계양전기우,KOSPI,,,false,false,false,false,2026-07-19
002140,고려산업,KOSPI,,,false,false,false,false,2026-07-19
010130,고려아연,KOSPI,,,false,false,false,false,2026-07-19
002240,고려제강,KOSPI,,,false,false,false,false,2026-07-19
009290,광동제약,KOSPI,,,false,false,false,false,2026-07-19
017040,광명전기,KOSPI,,,false,false,false,false,2026-07-19
017900,광전자,KOSPI,,,false,false,false,false,2026-07-19
037710,광주신세계,KOSPI,,,false,false,false,false,2026-07-19
030610,교보증권,KOSPI,,,false,false,false,false,2026-07-19
339770,교촌에프앤비,KOSPI,,,false,false,false,false,2026-07-19
007690,국도화학,KOSPI,,,false,false,false,false,2026-07-19
002720,국제약품,KOSPI,,,false,false,false,false,2026-07-19
083420,그린케미칼,KOSPI,,,false,false,false,false,2026-07-19
014530,극동유화,KOSPI,,,false,false,false,false,2026-07-19
014280,금강공업,KOSPI,,,false,false,false,false,2026-07-19
014285,금강공업우,KOSPI,,,false,false,false,false,2026-07-19
008870,금비,KOSPI,,,false,false,false,false,2026-07-19
001570,금양,KOSPI,,,false,false,false,false,2026-07-19
002990,금호건설,KOSPI,,,false,false,false,false,2026-07-19
002995,금호건설우,KOSPI,,,false,false,false,false,2026-07-19
011780,금호석유화학,KOSPI,,,false,false,false,false,2026-07-19
011785,금호석유화학우,KOSPI,,,false,false,false,false,2026-07-19
214330,금호에이치티,KOSPI,,,false,false,false,false,2026-07-19
001210,금호전기,KOSPI,,,false,false,false,false,2026-07-19
073240,금호타이어,KOSPI,,,false,false,false,false,2026-07-19
092440,기신정기,KOSPI,,,false,false,false,false,2026-07-19
000270,기아,KOSPI,,,false,false,false,false,2026-07-19
024110,기업은행,KOSPI,,,false,false,false,false,2026-07-19
013700,까뮤이앤씨,KOSPI,,,false,false,false,false,2026-07-19
004540,깨끗한나라,KOSPI,,,false,false,false,false,2026-07-19
004545,깨끗한나라우,KOSPI,,,false,false,false,false,2026-07-19
001260,남광토건,KOSPI,,,false,false,false,false,2026-07-19
008350,남선알미늄,KOSPI,,,false,false,false,false,2026-07-19
008355,남선알미우,KOSPI,,,false,false,false,false,2026-07-19
004270,남성,KOSPI,,,false,false,false,false,2026-07-19
003920,남양유업,KOSPI,,,false,false,false,false,2026-07-19
003925,남양유업우,KOSPI,,,false,false,false,false,2026-07-19
025860,남해화학,KOSPI,,,false,false,false,false,2026-07-19
005720,넥센,KOSPI,,,false,false,false,false,2026-07-19
005725,넥센우,KOSPI,,,false,false,false,false,2026-07-19
002350,넥센타이어,KOSPI,,,false,false,false,false,2026-07-19
002355,넥센타이어1우B,KOSPI,,,false,false,false,false,2026-07-19
092790,넥스틸,KOSPI,,,false,false,false,false,2026-07-19
251270,넷마블,KOSPI,,,false,false,false,false,2026-07-19
090350,노루페인트,KOSPI,,,false,false,false,false,2026-07-19
090355,노루페인트우,KOSPI,,,false,false,false,false,2026-07-19
000320,노루홀딩스,KOSPI,,,false,false,false,false,2026-07-19
000325,노루홀딩스우,KOSPI,,,false,false,false,false,2026-07-19
006280,녹십자,KOSPI,,,false,false,false,false,2026-07-19
005250,녹십자홀딩스,KOSPI,,,false,false,false,false,2026-07-19
005257,녹십자홀딩스2우,KOSPI,,,false,false,false,false,2026-07-19
004370,농심,KOSPI,,,false,false,false,false,2026-07-19
072710,농심홀딩스,KOSPI,,,false,false,false,false,2026-07-19
058730,다스코,KOSPI,,,false,false,false,false,2026-07-19
030210,다올투자증권,KOSPI,,,false,false,false,false,2026-07-19
023590,다우기술,KOSPI,,,false,false,false,false,2026-07-19
145210,다이나믹디자인,KOSPI,,,false,false,false,false,2026-07-19
483650,달바글로벌,KOSPI,,,false,false,false,false,2026-07-19
019680,대교,KOSPI,,,false,false,false,false,2026-07-19
019685,대교우B,KOSPI,,,false,false,false,false,2026-07-19
006370,대구백화점,KOSPI,,,false,false,false,false,2026-07-19
008060,대덕,KOSPI,,,false,false,false,false,2026-07-19
00806K,대덕1우,KOSPI,,,false,false,false,false,2026-07-19
353200,대덕전자,KOSPI,,,false,false,false,false,2026-07-19
35320K,대덕전자1우,KOSPI,,,false,false,false,false,2026-07-19
000490,대동,KOSPI,,,false,false,false,false,2026-07-19
005750,대림바스,KOSPI,,,false,false,false,false,2026-07-19
006570,대림통상,KOSPI,,,false,false,false,false,2026-07-19
001680,대상,KOSPI,,,false,false,false,false,2026-07-19
001685,대상우,KOSPI,,,false,false,false,false,2026-07-19
084690,대상홀딩스,KOSPI,,,false,false,false,false,2026-07-19
084695,대상홀딩스우,KOSPI,,,false,false,false,false,2026-07-19
128820,대성산업,KOSPI,,,false,false,false,false,2026-07-19
117580,대성에너지,KOSPI,,,false,false,false,false,2026-07-19
016710,대성홀딩스,KOSPI,,,false,false,false,false,2026-07-19
0030R0,대신밸류리츠,KOSPI,,,false,false,false,false,2026-07-19
003540,대신증권,KOSPI,,,false,false,false,false,2026-07-19
003547,대신증권2우B,KOSPI,,,false,false,false,false,2026-07-19
003545,대신증권우,KOSPI,,,false,false,false,false,2026-07-19
009190,대양금속,KOSPI,,,false,false,false,false,2026-07-19
014160,대영포장,KOSPI,,,false,false,false,false,2026-07-19
047040,대우건설,KOSPI,,,false,false,false,false,2026-07-19
003090,대웅,KOSPI,,,false,false,false,false,2026-07-19
069620,대웅제약,KOSPI,,,false,false,false,false,2026-07-19
000430,대원강업,KOSPI,,,false,false,false,false,2026-07-19
006340,대원전선,KOSPI,,,false,false,false,false,2026-07-19
006345,대원전선우,KOSPI,,,false,false,false,false,2026-07-19
003220,대원제약,KOSPI,,,false,false,false,false,2026-07-19
024890,대원화성,KOSPI,,,false,false,false,false,2026-07-19
012800,대창,KOSPI,,,false,false,false,false,2026-07-19
015230,대창단조,KOSPI,,,false,false,false,false,2026-07-19
001070,대한방직,KOSPI,,,false,false,false,false,2026-07-19
006650,대한유화,KOSPI,,,false,false,false,false,2026-07-19
001440,대한전선,KOSPI,,,false,false,false,false,2026-07-19
084010,대한제강,KOSPI,,,false,false,false,false,2026-07-19
001790,대한제당,KOSPI,,,false,false,false,false,2026-07-19
001795,대한제당우,KOSPI,,,false,false,false,false,2026-07-19
001130,대한제분,KOSPI,,,false,false,false,false,2026-07-19
439260,대한조선,KOSPI,,,false,false,false,false,2026-07-19
003490,대한항공,KOSPI,,,false,false,false,false,2026-07-19
003495,대한항공우,KOSPI,,,false,false,false,false,2026-07-19
005880,대한해운,KOSPI,,,false,false,false,false,2026-07-19
003830,대한화섬,KOSPI,,,false,false,false,false,2026-07-19
016090,대현,KOSPI,,,false,false,false,false,2026-07-19
069460,대호에이엘,KOSPI,,,false,false,false,false,2026-07-19
475560,더본코리아,KOSPI,,,false,false,false,false,2026-07-19
192080,더블유게임즈,KOSPI,,,false,false,false,false,2026-07-19
004830,덕성,KOSPI,,,false,false,false,false,2026-07-19
004835,덕성우,KOSPI,,,false,false,false,false,2026-07-19
145720,덴티움,KOSPI,,,false,false,false,false,2026-07-19
002150,도화엔지니어링,KOSPI,,,false,false,false,false,2026-07-19
460850,동국씨엠,KOSPI,,,false,false,false,false,2026-07-19
460860,동국제강,KOSPI,,,false,false,false,false,2026-07-19
001230,동국홀딩스,KOSPI,,,false,false,false,false,2026-07-19
023450,동남합성,KOSPI,,,false,false,false,false,2026-07-19
004140,동방,KOSPI,,,false,false,false,false,2026-07-19
007590,동방아그로,KOSPI,,,false,false,false,false,2026-07-19
005960,동부건설,KOSPI,,,false,false,false,false,2026-07-19
005965,동부건설우,KOSPI,,,false,false,false,false,2026-07-19
026960,동서,KOSPI,,,false,false,false,false,2026-07-19
002210,동성제약,KOSPI,,,false,false,false,false,2026-07-19
102260,동성케미컬,KOSPI,,,false,false,false,false,2026-07-19
000640,동아쏘시오홀딩스,KOSPI,,,false,false,false,false,2026-07-19
170900,동아에스티,KOSPI,,,false,false,false,false,2026-07-19
028100,동아지질,KOSPI,,,false,false,false,false,2026-07-19
001520,동양,KOSPI,,,false,false,false,false,2026-07-19
001527,동양2우B,KOSPI,,,false,false,false,false,2026-07-19
084670,동양고속,KOSPI,,,false,false,false,false,2026-07-19
082640,동양생명,KOSPI,,,false,false,false,false,2026-07-19
001525,동양우,KOSPI,,,false,false,false,false,2026-07-19
018500,동원금속,KOSPI,,,false,false,false,false,2026-07-19
006040,동원산업,KOSPI,,,false,false,false,false,2026-07-19
030720,동원수산,KOSPI,,,false,false,false,false,2026-07-19
014820,동원시스템즈,KOSPI,,,false,false,false,false,2026-07-19
014825,동원시스템즈우,KOSPI,,,false,false,false,false,2026-07-19
111380,동인기연,KOSPI,,,false,false,false,false,2026-07-19
163560,동일고무벨트,KOSPI,,,false,false,false,false,2026-07-19
004890,동일산업,KOSPI,,,false,false,false,false,2026-07-19
002690,동일제강,KOSPI,,,false,false,false,false,2026-07-19
000020,동화약품,KOSPI,,,false,false,false,false,2026-07-19
000150,두산,KOSPI,,,false,false,false,false,2026-07-19
000157,두산2우B,KOSPI,,,false,false,false,false,2026-07-19
454910,두산로보틱스,KOSPI,,,false,false,false,false,2026-07-19
241560,두산밥캣,KOSPI,,,false,false,false,false,2026-07-19
034020,두산에너빌리티,KOSPI,,,false,false,false,false,2026-07-19
000155,두산우,KOSPI,,,false,false,false,false,2026-07-19
336260,두산퓨얼셀,KOSPI,,,false,false,false,false,2026-07-19
33626K,두산퓨얼셀1우,KOSPI,,,false,false,false,false,2026-07-19
33626L,두산퓨얼셀2우B,KOSPI,,,false,false,false,false,2026-07-19
016740,두올,KOSPI,,,false,false,false,false,2026-07-19
192650,드림텍,KOSPI,,,false,false,false,false,2026-07-19
024090,디씨엠,KOSPI,,,false,false,false,false,2026-07-19
003160,디아이,KOSPI,,,false,false,false,false,2026-07-19
092200,디아이씨,KOSPI,,,false,false,false,false,2026-07-19
377190,디앤디플랫폼리츠,KOSPI,,,false,false,false,false,2026-07-19
013570,디와이,KOSPI,,,false,false,false,false,2026-07-19
024900,디와이덕양,KOSPI,,,false,false,false,false,2026-07-19
002880,디와이에이,KOSPI,,,false,false,false,false,2026-07-19
210540,디와이파워,KOSPI,,,false,false,false,false,2026-07-19
032350,롯데관광개발,KOSPI,,,false,false,false,false,2026-07-19
089860,롯데렌탈,KOSPI,,,false,false,false,false,2026-07-19
330590,롯데리츠,KOSPI,,,false,false,false,false,2026-07-19
000400,롯데손해보험,KOSPI,,,false,false,false,false,2026-07-19
023530,롯데쇼핑,KOSPI,,,false,false,false,false,2026-07-19
020150,롯데에너지머티리얼즈,KOSPI,,,false,false,false,false,2026-07-19
280360,롯데웰푸드,KOSPI,,,false,false,false,false,2026-07-19
286940,롯데이노베이트,KOSPI,,,false,false,false,false,2026-07-19
004000,롯데정밀화학,KOSPI,,,false,false,false,false,2026-07-19
004990,롯데지주,KOSPI,,,false,false,false,false,2026-07-19
00499K,롯데지주우,KOSPI,,,false,false,false,false,2026-07-19
005300,롯데칠성,KOSPI,,,false,false,false,false,2026-07-19
005305,롯데칠성우,KOSPI,,,false,false,false,false,2026-07-19
011170,롯데케미칼,KOSPI,,,false,false,false,false,2026-07-19
071840,롯데하이마트,KOSPI,,,false,false,false,false,2026-07-19
027740,마니커,KOSPI,,,false,false,false,false,2026-07-19
357430,마스턴프리미어리츠,KOSPI,,,false,false,false,false,2026-07-19
001080,만호제강,KOSPI,,,false,false,false,false,2026-07-19
088980,맥쿼리인프라,KOSPI,,,false,false,false,false,2026-07-19
094800,맵스리얼티,KOSPI,,,false,false,false,false,2026-07-19
138040,메리츠금융지주,KOSPI,,,false,false,false,false,2026-07-19
090370,메타랩스,KOSPI,,,false,false,false,false,2026-07-19
118000,메타케어,KOSPI,,,false,false,false,false,2026-07-19
017180,명문제약,KOSPI,,,false,false,false,false,2026-07-19
009900,명신산업,KOSPI,,,false,false,false,false,2026-07-19
317450,명인제약,KOSPI,,,false,false,false,false,2026-07-19
012690,모나리자,KOSPI,,,false,false,false,false,2026-07-19
005360,모나미,KOSPI,,,false,false,false,false,2026-07-19
070960,모나용평,KOSPI,,,false,false,false,false,2026-07-19
009680,모토닉,KOSPI,,,false,false,false,false,2026-07-19
009580,무림P&P,KOSPI,,,false,false,false,false,2026-07-19
009200,무림페이퍼,KOSPI,,,false,false,false,false,2026-07-19
033920,무학,KOSPI,,,false,false,false,false,2026-07-19
008420,문배철강,KOSPI,,,false,false,false,false,2026-07-19
025560,미래산업,KOSPI,,,false,false,false,false,2026-07-19
007120,미래아이앤지,KOSPI,,,false,false,false,false,2026-07-19
396690,미래에셋글로벌리츠,KOSPI,,,false,false,false,false,2026-07-19
357250,미래에셋맵스리츠,KOSPI,,,false,false,false,false,2026-07-19
085620,미래에셋생명,KOSPI,,,false,false,false,false,2026-07-19
006800,미래에셋증권,KOSPI,,,false,false,false,false,2026-07-19
00680K,미래에셋증권2우B,KOSPI,,,false,false,false,false,2026-07-19
006805,미래에셋증권우,KOSPI,,,false,false,false,false,2026-07-19
081660,미스토홀딩스,KOSPI,,,false,false,false,false,2026-07-19
002840,미원상사,KOSPI,,,false,false,false,false,2026-07-19
268280,미원에스씨,KOSPI,,,false,false,false,false,2026-07-19
107590,미원홀딩스,KOSPI,,,false,false,false,false,2026-07-19
134380,미원화학,KOSPI,,,false,false,false,false,2026-07-19
003650,미창석유,KOSPI,,,false,false,false,false,2026-07-19
377740,바이오노트,KOSPI,,,false,false,false,false,2026-07-19
003610,방림,KOSPI,,,false,false,false,false,2026-07-19
035150,백산,KOSPI,,,false,false,false,false,2026-07-19
002410,범양건영,KOSPI,,,false,false,false,false,2026-07-19
007210,벽산,KOSPI,,,false,false,false,false,2026-07-19
002760,보락,KOSPI,,,false,false,false,false,2026-07-19
003850,보령,KOSPI,,,false,false,false,false,2026-07-19
000890,보해양조,KOSPI,,,false,false,false,false,2026-07-19
003000,부광약품,KOSPI,,,false,false,false,false,2026-07-19
001270,부국증권,KOSPI,,,false,false,false,false,2026-07-19
001275,부국증권우,KOSPI,,,false,false,false,false,2026-07-19
026940,부국철강,KOSPI,,,false,false,false,false,2026-07-19
011390,부산산업,KOSPI,,,false,false,false,false,2026-07-19
005030,부산주공,KOSPI,,,false,false,false,false,2026-07-19
006740,블루산업개발,KOSPI,,,false,false,false,false,2026-07-19
002070,비비안,KOSPI,,,false,false,false,false,2026-07-19
100220,비상교육,KOSPI,,,false,false,false,false,2026-07-19
090460,비에이치,KOSPI,,,false,false,false,false,2026-07-19
005180,빙그레,KOSPI,,,false,false,false,false,2026-07-19
003960,사조대림,KOSPI,,,false,false,false,false,2026-07-19
008040,사조동아원,KOSPI,,,false,false,false,false,2026-07-19
007160,사조산업,KOSPI,,,false,false,false,false,2026-07-19
014710,사조씨푸드,KOSPI,,,false,false,false,false,2026-07-19
006090,사조오양,KOSPI,,,false,false,false,false,2026-07-19
062040,산일전기,KOSPI,,,false,false,false,false,2026-07-19
005610,삼립,KOSPI,,,false,false,false,false,2026-07-19
001470,삼부토건,KOSPI,,,false,false,false,false,2026-07-19
028050,삼성E&A,KOSPI,,,false,false,false,false,2026-07-19
448730,삼성FN리츠,KOSPI,,,false,false,false,false,2026-07-19
006400,삼성SDI,KOSPI,,,false,false,false,false,2026-07-19
006405,삼성SDI우,KOSPI,,,false,false,false,false,2026-07-19
006660,삼성공조,KOSPI,,,false,false,false,false,2026-07-19
028260,삼성물산,KOSPI,,,false,false,false,false,2026-07-19
02826K,삼성물산우B,KOSPI,,,false,false,false,false,2026-07-19
207940,삼성바이오로직스,KOSPI,,,false,false,false,false,2026-07-19
032830,삼성생명,KOSPI,,,false,false,false,false,2026-07-19
018260,삼성에스디에스,KOSPI,,,false,false,false,false,2026-07-19
0126Z0,삼성에피스홀딩스,KOSPI,,,false,false,false,false,2026-07-19
009150,삼성전기,KOSPI,,,false,false,false,false,2026-07-19
009155,삼성전기우,KOSPI,,,false,false,false,false,2026-07-19
005930,삼성전자,KOSPI,,,false,false,false,false,2026-07-19
005935,삼성전자우,KOSPI,,,false,false,false,false,2026-07-19
001360,삼성제약,KOSPI,,,false,false,false,false,2026-07-19
010140,삼성중공업,KOSPI,,,false,false,false,false,2026-07-19
016360,삼성증권,KOSPI,,,false,false,false,false,2026-07-19
068290,삼성출판사,KOSPI,,,false,false,false,false,2026-07-19
029780,삼성카드,KOSPI,,,false,false,false,false,2026-07-19
000810,삼성화재,KOSPI,,,false,false,false,false,2026-07-19
000815,삼성화재우,KOSPI,,,false,false,false,false,2026-07-19
006110,삼아알미늄,KOSPI,,,false,false,false,false,2026-07-19
0120G0,삼양바이오팜,KOSPI,,,false,false,false,false,2026-07-19
145990,삼양사,KOSPI,,,false,false,false,false,2026-07-19
145995,삼양사우,KOSPI,,,false,false,false,false,2026-07-19
003230,삼양식품,KOSPI,,,false,false,false,false,2026-07-19
272550,삼양패키징,KOSPI,,,false,false,false,false,2026-07-19
000070,삼양홀딩스,KOSPI,,,false,false,false,false,2026-07-19
003720,삼영,KOSPI,,,false,false,false,false,2026-07-19
002810,삼영무역,KOSPI,,,false,false,false,false,2026-07-19
005680,삼영전자,KOSPI,,,false,false,false,false,2026-07-19
023000,삼원강재,KOSPI,,,false,false,false,false,2026-07-19
004380,삼익THK,KOSPI,,,false,false,false,false,2026-07-19
002450,삼익악기,KOSPI,,,false,false,false,false,2026-07-19
004440,삼일씨엔에스,KOSPI,,,false,false,false,false,2026-07-19
000520,삼일제약,KOSPI,,,false,false,false,false,2026-07-19
009770,삼정펄프,KOSPI,,,false,false,false,false,2026-07-19
005500,삼진제약,KOSPI,,,false,false,false,false,2026-07-19
004690,삼천리,KOSPI,,,false,false,false,false,2026-07-19
010960,삼호개발,KOSPI,,,false,false,false,false,2026-07-19
004450,삼화왕관,KOSPI,,,false,false,false,false,2026-07-19
009470,삼화전기,KOSPI,,,false,false,false,false,2026-07-19
011230,삼화전자,KOSPI,,,false,false,false,false,2026-07-19
001820,삼화콘덴서,KOSPI,,,false,false,false,false,2026-07-19
001290,상상인증권,KOSPI,,,false,false,false,false,2026-07-19
041650,상신브레이크,KOSPI,,,false,false,false,false,2026-07-19
075180,새론오토모티브,KOSPI,,,false,false,false,false,2026-07-19
007540,샘표,KOSPI,,,false,false,false,false,2026-07-19
248170,샘표식품,KOSPI,,,false,false,false,false,2026-07-19
007860,서연,KOSPI,,,false,false,false,false,2026-07-19
200880,서연이화,KOSPI,,,false,false,false,false,2026-07-19
017390,서울가스,KOSPI,,,false,false,false,false,2026-07-19
031210,서울보증보험,KOSPI,,,false,false,false,false,2026-07-19
004410,서울식품,KOSPI,,,false,false,false,false,2026-07-19
004415,서울식품우,KOSPI,,,false,false,false,false,2026-07-19
021050,서원,KOSPI,,,false,false,false,false,2026-07-19
008490,서흥,KOSPI,,,false,false,false,false,2026-07-19
007610,선도전기,KOSPI,,,false,false,false,false,2026-07-19
136490,선진,KOSPI,,,false,false,false,false,2026-07-19
014910,성문전자,KOSPI,,,false,false,false,false,2026-07-19
014915,성문전자우,KOSPI,,,false,false,false,false,2026-07-19
004980,성신양회,KOSPI,,,false,false,false,false,2026-07-19
004985,성신양회우,KOSPI,,,false,false,false,false,2026-07-19
000180,성창기업지주,KOSPI,,,false,false,false,false,2026-07-19
002420,세기상사,KOSPI,,,false,false,false,false,2026-07-19
004360,세방,KOSPI,,,false,false,false,false,2026-07-19
004365,세방우,KOSPI,,,false,false,false,false,2026-07-19
004490,세방전지,KOSPI,,,false,false,false,false,2026-07-19
001430,세아베스틸지주,KOSPI,,,false,false,false,false,2026-07-19
306200,세아제강,KOSPI,,,false,false,false,false,2026-07-19
003030,세아제강지주,KOSPI,,,false,false,false,false,2026-07-19
058650,세아홀딩스,KOSPI,,,false,false,false,false,2026-07-19
013000,세우글로벌,KOSPI,,,false,false,false,false,2026-07-19
021820,세원정공,KOSPI,,,false,false,false,false,2026-07-19
067830,세이브존I&C,KOSPI,,,false,false,false,false,2026-07-19
075580,세진중공업,KOSPI,,,false,false,false,false,2026-07-19
068270,셀트리온,KOSPI,,,false,false,false,false,2026-07-19
336370,솔루스첨단소재,KOSPI,,,false,false,false,false,2026-07-19
33637K,솔루스첨단소재1우,KOSPI,,,false,false,false,false,2026-07-19
33637L,솔루스첨단소재2우B,KOSPI,,,false,false,false,false,2026-07-19
248070,솔루엠,KOSPI,,,false,false,false,false,2026-07-19
004430,송원산업,KOSPI,,,false,false,false,false,2026-07-19
017550,수산세보틱스,KOSPI,,,false,false,false,false,2026-07-19
126720,수산인더스트리,KOSPI,,,false,false,false,false,2026-07-19
053210,스카이라이프,KOSPI,,,false,false,false,false,2026-07-19
026890,스틱인베스트먼트,KOSPI,,,false,false,false,false,2026-07-19
134790,시디즈,KOSPI,,,false,false,false,false,2026-07-19
462870,시프트업,KOSPI,,,false,false,false,false,2026-07-19
016590,신대양제지,KOSPI,,,false,false,false,false,2026-07-19
029530,신도리코,KOSPI,,,false,false,false,false,2026-07-19
004970,신라교역,KOSPI,,,false,false,false,false,2026-07-19
011930,신성이엔지,KOSPI,,,false,false,false,false,2026-07-19
004170,신세계,KOSPI,,,false,false,false,false,2026-07-19
035510,신세계 I&C,KOSPI,,,false,false,false,false,2026-07-19
031430,신세계인터내셔날,KOSPI,,,false,false,false,false,2026-07-19
031440,신세계푸드,KOSPI,,,false,false,false,false,2026-07-19
006880,신송홀딩스,KOSPI,,,false,false,false,false,2026-07-19
005800,신영와코루,KOSPI,,,false,false,false,false,2026-07-19
001720,신영증권,KOSPI,,,false,false,false,false,2026-07-19
009270,신원,KOSPI,,,false,false,false,false,2026-07-19
002700,신일전자,KOSPI,,,false,false,false,false,2026-07-19
002870,신풍,KOSPI,,,false,false,false,false,2026-07-19
019170,신풍제약,KOSPI,,,false,false,false,false,2026-07-19
019175,신풍제약우,KOSPI,,,false,false,false,false,2026-07-19
481850,신한글로벌액티브리츠,KOSPI,,,false,false,false,false,2026-07-19
404990,신한서부티엔디리츠,KOSPI,,,false,false,false,false,2026-07-19
293940,신한알파리츠,KOSPI,,,false,false,false,false,2026-07-19
055550,신한지주,KOSPI,,,false,false,false,false,2026-07-19
004080,신흥,KOSPI,,,false,false,false,false,2026-07-19
004770,써니전자,KOSPI,,,false,false,false,false,2026-07-19
403550,쏘카,KOSPI,,,false,false,false,false,2026-07-19
004920,씨아이테크,KOSPI,,,false,false,false,false,2026-07-19
112610,씨에스윈드,KOSPI,,,false,false,false,false,2026-07-19
480370,씨케이솔루션,KOSPI,,,false,false,false,false,2026-07-19
308170,씨티알모빌리티,KOSPI,,,false,false,false,false,2026-07-19
008700,아남전자,KOSPI,,,false,false,false,false,2026-07-19
090430,아모레퍼시픽,KOSPI,,,false,false,false,false,2026-07-19
090435,아모레퍼시픽우,KOSPI,,,false,false,false,false,2026-07-19
002790,아모레퍼시픽홀딩스,KOSPI,,,false,false,false,false,2026-07-19
00279K,아모레퍼시픽홀딩스3우C,KOSPI,,,false,false,false,false,2026-07-19
002795,아모레퍼시픽홀딩스우,KOSPI,,,false,false,false,false,2026-07-19
002030,아세아,KOSPI,,,false,false,false,false,2026-07-19
183190,아세아시멘트,KOSPI,,,false,false,false,false,2026-07-19
002310,아세아제지,KOSPI,,,false,false,false,false,2026-07-19
012170,아센디오,KOSPI,,,false,false,false,false,2026-07-19
267850,아시아나IDT,KOSPI,,,false,false,false,false,2026-07-19
020560,아시아나항공,KOSPI,,,false,false,false,false,2026-07-19
122900,아이마켓코리아,KOSPI,,,false,false,false,false,2026-07-19
010780,아이에스동서,KOSPI,,,false,false,false,false,2026-07-19
031820,아이티센씨티에스,KOSPI,,,false,false,false,false,2026-07-19
139990,아주스틸,KOSPI,,,false,false,false,false,2026-07-19
009320,아진전자부품,KOSPI,,,false,false,false,false,2026-07-19
001780,알루코,KOSPI,,,false,false,false,false,2026-07-19
018250,애경산업,KOSPI,,,false,false,false,false,2026-07-19
161000,애경케미칼,KOSPI,,,false,false,false,false,2026-07-19
011090,에넥스,KOSPI,,,false,false,false,false,2026-07-19
137310,에스디바이오센서,KOSPI,,,false,false,false,false,2026-07-19
005850,에스엘,KOSPI,,,false,false,false,false,2026-07-19
010580,에스엠벡셀,KOSPI,,,false,false,false,false,2026-07-19
012750,에스원,KOSPI,,,false,false,false,false,2026-07-19
023960,에쓰씨엔지니어링,KOSPI,,,false,false,false,false,2026-07-19
298690,에어부산,KOSPI,,,false,false,false,false,2026-07-19
078520,에이블씨엔씨,KOSPI,,,false,false,false,false,2026-07-19
015260,에이엔피,KOSPI,,,false,false,false,false,2026-07-19
007460,에이프로젠,KOSPI,,,false,false,false,false,2026-07-19
003060,에이프로젠바이오로직스,KOSPI,,,false,false,false,false,2026-07-19
244920,에이플러스에셋,KOSPI,,,false,false,false,false,2026-07-19
278470,에이피알,KOSPI,,,false,false,false,false,2026-07-19
450080,에코프로머티,KOSPI,,,false,false,false,false,2026-07-19
019490,엑시큐어하이트론,KOSPI,,,false,false,false,false,2026-07-19
085310,엔케이,KOSPI,,,false,false,false,false,2026-07-19
900140,엘브이엠씨홀딩스,KOSPI,,,false,false,false,false,2026-07-19
066970,엘앤에프,KOSPI,,,false,false,false,false,2026-07-19
097520,엠씨넥스,KOSPI,,,false,false,false,false,2026-07-19
484870,엠앤씨솔루션,KOSPI,,,false,false,false,false,2026-07-19
014440,영보화학,KOSPI,,,false,false,false,false,2026-07-19
111770,영원무역,KOSPI,,,false,false,false,false,2026-07-19
009970,영원무역홀딩스,KOSPI,,,false,false,false,false,2026-07-19
003520,영진약품,KOSPI,,,false,false,false,false,2026-07-19
000670,영풍,KOSPI,,,false,false,false,false,2026-07-19
012280,영화금속,KOSPI,,,false,false,false,false,2026-07-19
012160,영흥,KOSPI,,,false,false,false,false,2026-07-19
007310,오뚜기,KOSPI,,,false,false,false,false,2026-07-19
002630,오리엔트바이오,KOSPI,,,false,false,false,false,2026-07-19
271560,오리온,KOSPI,,,false,false,false,false,2026-07-19
001800,오리온홀딩스,KOSPI,,,false,false,false,false,2026-07-19
005320,온타이드,KOSPI,,,false,false,false,false,2026-07-19
011690,와이투솔루션,KOSPI,,,false,false,false,false,2026-07-19
316140,우리금융지주,KOSPI,,,false,false,false,false,2026-07-19
006980,우성,KOSPI,,,false,false,false,false,2026-07-19
011300,우성머티리얼스,KOSPI,,,false,false,false,false,2026-07-19
017370,우신시스템,KOSPI,,,false,false,false,false,2026-07-19
105840,우진,KOSPI,,,false,false,false,false,2026-07-19
010400,우진아이엔에스,KOSPI,,,false,false,false,false,2026-07-19
049800,우진플라임,KOSPI,,,false,false,false,false,2026-07-19
016880,웅진,KOSPI,,,false,false,false,false,2026-07-19
095720,웅진씽크빅,KOSPI,,,false,false,false,false,2026-07-19
005820,원림,KOSPI,,,false,false,false,false,2026-07-19
008600,윌비스,KOSPI,,,false,false,false,false,2026-07-19
033270,유나이티드제약,KOSPI,,,false,false,false,false,2026-07-19
014830,유니드,KOSPI,,,false,false,false,false,2026-07-19
446070,유니드비티플러스,KOSPI,,,false,false,false,false,2026-07-19
000910,유니온,KOSPI,,,false,false,false,false,2026-07-19
047400,유니온머티리얼,KOSPI,,,false,false,false,false,2026-07-19
011330,유니켐,KOSPI,,,false,false,false,false,2026-07-19
077500,유니퀘스트,KOSPI,,,false,false,false,false,2026-07-19
002920,유성기업,KOSPI,,,false,false,false,false,2026-07-19
000700,유수홀딩스,KOSPI,,,false,false,false,false,2026-07-19
003470,유안타증권,KOSPI,,,false,false,false,false,2026-07-19
003475,유안타증권우,KOSPI,,,false,false,false,false,2026-07-19
072130,유엔젤,KOSPI,,,false,false,false,false,2026-07-19
000220,유유제약,KOSPI,,,false,false,false,false,2026-07-19
000225,유유제약1우,KOSPI,,,false,false,false,false,2026-07-19
000227,유유제약2우B,KOSPI,,,false,false,false,false,2026-07-19
001200,유진투자증권,KOSPI,,,false,false,false,false,2026-07-19
000100,유한양행,KOSPI,,,false,false,false,false,2026-07-19
000105,유한양행우,KOSPI,,,false,false,false,false,2026-07-19
003460,유화증권,KOSPI,,,false,false,false,false,2026-07-19
003465,유화증권우,KOSPI,,,false,false,false,false,2026-07-19
008730,율촌화학,KOSPI,,,false,false,false,false,2026-07-19
008250,이건산업,KOSPI,,,false,false,false,false,2026-07-19
025820,이구산업,KOSPI,,,false,false,false,false,2026-07-19
214320,이노션,KOSPI,,,false,false,false,false,2026-07-19
088260,이리츠코크렙,KOSPI,,,false,false,false,false,2026-07-19
139480,이마트,KOSPI,,,false,false,false,false,2026-07-19
457190,이수스페셜티케미컬,KOSPI,,,false,false,false,false,2026-07-19
007660,이수페타시스,KOSPI,,,false,false,false,false,2026-07-19
005950,이수화학,KOSPI,,,false,false,false,false,2026-07-19
015020,이스타코,KOSPI,,,false,false,false,false,2026-07-19
074610,이엔플러스,KOSPI,,,false,false,false,false,2026-07-19
102460,이연제약,KOSPI,,,false,false,false,false,2026-07-19
084680,이월드,KOSPI,,,false,false,false,false,2026-07-19
350520,이지스레지던스리츠,KOSPI,,,false,false,false,false,2026-07-19
334890,이지스밸류플러스리츠,KOSPI,,,false,false,false,false,2026-07-19
000760,이화산업,KOSPI,,,false,false,false,false,2026-07-19
014990,인디에프,KOSPI,,,false,false,false,false,2026-07-19
101140,인바이오젠,KOSPI,,,false,false,false,false,2026-07-19
023800,인지컨트롤스,KOSPI,,,false,false,false,false,2026-07-19
034590,인천도시가스,KOSPI,,,false,false,false,false,2026-07-19
129260,인터지스,KOSPI,,,false,false,false,false,2026-07-19
023810,인팩,KOSPI,,,false,false,false,false,2026-07-19
249420,일동제약,KOSPI,,,false,false,false,false,2026-07-19
000230,일동홀딩스,KOSPI,,,false,false,false,false,2026-07-19
013360,일성건설,KOSPI,,,false,false,false,false,2026-07-19
003120,일성아이에스,KOSPI,,,false,false,false,false,2026-07-19
003200,일신방직,KOSPI,,,false,false,false,false,2026-07-19
007110,일신석재,KOSPI,,,false,false,false,false,2026-07-19
007570,일양약품,KOSPI,,,false,false,false,false,2026-07-19
007575,일양약품우,KOSPI,,,false,false,false,false,2026-07-19
081000,일진다이아,KOSPI,,,false,false,false,false,2026-07-19
020760,일진디스플,KOSPI,,,false,false,false,false,2026-07-19
103590,일진전기,KOSPI,,,false,false,false,false,2026-07-19
271940,일진하이솔루스,KOSPI,,,false,false,false,false,2026-07-19
015860,일진홀딩스,KOSPI,,,false,false,false,false,2026-07-19
226320,잇츠한불,KOSPI,,,false,false,false,false,2026-07-19
317400,자이에스앤디,KOSPI,,,false,false,false,false,2026-07-19
033240,자화전자,KOSPI,,,false,false,false,false,2026-07-19
000950,전방,KOSPI,,,false,false,false,false,2026-07-19
079900,전진건설로봇,KOSPI,,,false,false,false,false,2026-07-19
348950,제이알글로벌리츠,KOSPI,,,false,false,false,false,2026-07-19
194370,제이에스코퍼레이션,KOSPI,,,false,false,false,false,2026-07-19
030000,제일기획,KOSPI,,,false,false,false,false,2026-07-19
271980,제일약품,KOSPI,,,false,false,false,false,2026-07-19
001560,제일연마,KOSPI,,,false,false,false,false,2026-07-19
002620,제일파마홀딩스,KOSPI,,,false,false,false,false,2026-07-19
006220,제주은행,KOSPI,,,false,false,false,false,2026-07-19
089590,제주항공,KOSPI,,,false,false,false,false,2026-07-19
004910,조광페인트,KOSPI,,,false,false,false,false,2026-07-19
004700,조광피혁,KOSPI,,,false,false,false,false,2026-07-19
001550,조비,KOSPI,,,false,false,false,false,2026-07-19
462520,조선내화,KOSPI,,,false,false,false,false,2026-07-19
120030,조선선재,KOSPI,,,false,false,false,false,2026-07-19
018470,조일알미늄,KOSPI,,,false,false,false,false,2026-07-19
002600,조흥,KOSPI,,,false,false,false,false,2026-07-19
185750,종근당,KOSPI,,,false,false,false,false,2026-07-19
063160,종근당바이오,KOSPI,,,false,false,false,false,2026-07-19
001630,종근당홀딩스,KOSPI,,,false,false,false,false,2026-07-19
109070,주성코퍼레이션,KOSPI,,,false,false,false,false,2026-07-19
044380,주연테크,KOSPI,,,false,false,false,false,2026-07-19
013890,지누스,KOSPI,,,false,false,false,false,2026-07-19
013870,지엠비코리아,KOSPI,,,false,false,false,false,2026-07-19
071320,지역난방공사,KOSPI,,,false,false,false,false,2026-07-19
088790,진도,KOSPI,,,false,false,false,false,2026-07-19
003780,진양산업,KOSPI,,,false,false,false,false,2026-07-19
010640,진양폴리,KOSPI,,,false,false,false,false,2026-07-19
100250,진양홀딩스,KOSPI,,,false,false,false,false,2026-07-19
051630,진양화학,KOSPI,,,false,false,false,false,2026-07-19
272450,진에어,KOSPI,,,false,false,false,false,2026-07-19
011000,진원생명과학,KOSPI,,,false,false,false,false,2026-07-19
002780,진흥기업,KOSPI,,,false,false,false,false,2026-07-19
002787,진흥기업2우B,KOSPI,,,false,false,false,false,2026-07-19
002785,진흥기업우B,KOSPI,,,false,false,false,false,2026-07-19
025620,차AI헬스케어,KOSPI,,,false,false,false,false,2026-07-19
009310,참엔지니어링,KOSPI,,,false,false,false,false,2026-07-19
000650,천일고속,KOSPI,,,false,false,false,false,2026-07-19
033250,체시스,KOSPI,,,false,false,false,false,2026-07-19
035720,카카오,KOSPI,,,false,false,false,false,2026-07-19
323410,카카오뱅크,KOSPI,,,false,false,false,false,2026-07-19
377300,카카오페이,KOSPI,,,false,false,false,false,2026-07-19
006380,카프로,KOSPI,,,false,false,false,false,2026-07-19
279570,케이뱅크,KOSPI,,,false,false,false,false,2026-07-19
001620,케이비아이동국실업,KOSPI,,,false,false,false,false,2026-07-19
029460,케이씨,KOSPI,,,false,false,false,false,2026-07-19
281820,케이씨텍,KOSPI,,,false,false,false,false,2026-07-19
381970,케이카,KOSPI,,,false,false,false,false,2026-07-19
145270,케이탑리츠,KOSPI,,,false,false,false,false,2026-07-19
417310,코람코더원리츠,KOSPI,,,false,false,false,false,2026-07-19
357120,코람코라이프인프라리츠,KOSPI,,,false,false,false,false,2026-07-19
007815,코리아써우,KOSPI,,,false,false,false,false,2026-07-19
007810,코리아써키트,KOSPI,,,false,false,false,false,2026-07-19
00781K,코리아써키트2우B,KOSPI,,,false,false,false,false,2026-07-19
003690,코리안리,KOSPI,,,false,false,false,false,2026-07-19
192820,코스맥스,KOSPI,,,false,false,false,false,2026-07-19
044820,코스맥스비티아이,KOSPI,,,false,false,false,false,2026-07-19
005070,코스모신소재,KOSPI,,,false,false,false,false,2026-07-19
005420,코스모화학,KOSPI,,,false,false,false,false,2026-07-19
071950,코아스,KOSPI,,,false,false,false,false,2026-07-19
002020,코오롱,KOSPI,,,false,false,false,false,2026-07-19
003070,코오롱글로벌,KOSPI,,,false,false,false,false,2026-07-19
003075,코오롱글로벌우,KOSPI,,,false,false,false,false,2026-07-19
002025,코오롱우,KOSPI,,,false,false,false,false,2026-07-19
120110,코오롱인더,KOSPI,,,false,false,false,false,2026-07-19
120115,코오롱인더우,KOSPI,,,false,false,false,false,2026-07-19
021240,코웨이,KOSPI,,,false,false,false,false,2026-07-19
036420,콘텐트리중앙,KOSPI,,,false,false,false,false,2026-07-19
024720,콜마홀딩스,KOSPI,,,false,false,false,false,2026-07-19
192400,쿠쿠홀딩스,KOSPI,,,false,false,false,false,2026-07-19
284740,쿠쿠홈시스,KOSPI,,,false,false,false,false,2026-07-19
264900,크라운제과,KOSPI,,,false,false,false,false,2026-07-19
26490K,크라운제과우,KOSPI,,,false,false,false,false,2026-07-19
005740,크라운해태홀딩스,KOSPI,,,false,false,false,false,2026-07-19
005745,크라운해태홀딩스우,KOSPI,,,false,false,false,false,2026-07-19
259960,크래프톤,KOSPI,,,false,false,false,false,2026-07-19
020120,키다리스튜디오,KOSPI,,,false,false,false,false,2026-07-19
039490,키움증권,KOSPI,,,false,false,false,false,2026-07-19
014580,태경비케이,KOSPI,,,false,false,false,false,2026-07-19
015890,태경산업,KOSPI,,,false,false,false,false,2026-07-19
006890,태경케미컬,KOSPI,,,false,false,false,false,2026-07-19
003240,태광산업,KOSPI,,,false,false,false,false,2026-07-19
011280,태림포장,KOSPI,,,false,false,false,false,2026-07-19
004100,태양금속,KOSPI,,,false,false,false,false,2026-07-19
004105,태양금속우,KOSPI,,,false,false,false,false,2026-07-19
009410,태영건설,KOSPI,,,false,false,false,false,2026-07-19
009415,태영건설우,KOSPI,,,false,false,false,false,2026-07-19
001420,태원물산,KOSPI,,,false,false,false,false,2026-07-19
055490,테이팩스,KOSPI,,,false,false,false,false,2026-07-19
078000,텔코웨어,KOSPI,,,false,false,false,false,2026-07-19
214420,토니모리,KOSPI,,,false,false,false,false,2026-07-19
091810,트리니티항공,KOSPI,,,false,false,false,false,2026-07-19
019180,티에이치엔,KOSPI,,,false,false,false,false,2026-07-19
217590,티엠씨,KOSPI,,,false,false,false,false,2026-07-19
363280,티와이홀딩스,KOSPI,,,false,false,false,false,2026-07-19
36328K,티와이홀딩스우,KOSPI,,,false,false,false,false,2026-07-19
004870,티웨이홀딩스,KOSPI,,,false,false,false,false,2026-07-19
034230,파라다이스,KOSPI,,,false,false,false,false,2026-07-19
005690,파미셀,KOSPI,,,false,false,false,false,2026-07-19
036580,팜스코,KOSPI,,,false,false,false,false,2026-07-19
004720,팜젠사이언스,KOSPI,,,false,false,false,false,2026-07-19
028670,팬오션,KOSPI,,,false,false,false,false,2026-07-19
010820,퍼스텍,KOSPI,,,false,false,false,false,2026-07-19
016800,퍼시스,KOSPI,,,false,false,false,false,2026-07-19
001020,페이퍼코리아,KOSPI,,,false,false,false,false,2026-07-19
090080,평화산업,KOSPI,,,false,false,false,false,2026-07-19
010770,평화홀딩스,KOSPI,,,false,false,false,false,2026-07-19
022100,포스코DX,KOSPI,,,false,false,false,false,2026-07-19
058430,포스코스틸리온,KOSPI,,,false,false,false,false,2026-07-19
047050,포스코인터내셔널,KOSPI,,,false,false,false,false,2026-07-19
003670,포스코퓨처엠,KOSPI,,,false,false,false,false,2026-07-19
017810,풀무원,KOSPI,,,false,false,false,false,2026-07-19
103140,풍산,KOSPI,,,false,false,false,false,2026-07-19
005810,풍산홀딩스,KOSPI,,,false,false,false,false,2026-07-19
950210,프레스티지바이오파마,KOSPI,,,false,false,false,false,2026-07-19
006490,프리티,KOSPI,,,false,false,false,false,2026-07-19
009810,플레이그램,KOSPI,,,false,false,false,false,2026-07-19
086790,하나금융지주,KOSPI,,,false,false,false,false,2026-07-19
293480,하나제약,KOSPI,,,false,false,false,false,2026-07-19
039130,하나투어,KOSPI,,,false,false,false,false,2026-07-19
352820,하이브,KOSPI,,,false,false,false,false,2026-07-19
071090,하이스틸,KOSPI,,,false,false,false,false,2026-07-19
000080,하이트진로,KOSPI,,,false,false,false,false,2026-07-19
000087,하이트진로2우B,KOSPI,,,false,false,false,false,2026-07-19
000140,하이트진로홀딩스,KOSPI,,,false,false,false,false,2026-07-19
000145,하이트진로홀딩스우,KOSPI,,,false,false,false,false,2026-07-19
036460,한국가스공사,KOSPI,,,false,false,false,false,2026-07-19
005430,한국공항,KOSPI,,,false,false,false,false,2026-07-19
071050,한국금융지주,KOSPI,,,false,false,false,false,2026-07-19
071055,한국금융지주우,KOSPI,,,false,false,false,false,2026-07-19
010040,한국내화,KOSPI,,,false,false,false,false,2026-07-19
025540,한국단자,KOSPI,,,false,false,false,false,2026-07-19
010100,한국무브넥스,KOSPI,,,false,false,false,false,2026-07-19
004090,한국석유,KOSPI,,,false,false,false,false,2026-07-19
002200,한국수출포장,KOSPI,,,false,false,false,false,2026-07-19
002960,한국쉘석유,KOSPI,,,false,false,false,false,2026-07-19
000240,한국앤컴퍼니,KOSPI,,,false,false,false,false,2026-07-19
123890,한국자산신탁,KOSPI,,,false,false,false,false,2026-07-19
015760,한국전력,KOSPI,,,false,false,false,false,2026-07-19
006200,한국전자홀딩스,KOSPI,,,false,false,false,false,2026-07-19
027970,한국제지,KOSPI,,,false,false,false,false,2026-07-19
023350,한국종합기술,KOSPI,,,false,false,false,false,2026-07-19
025890,한국주강,KOSPI,,,false,false,false,false,2026-07-19
000970,한국주철관,KOSPI,,,false,false,false,false,2026-07-19
104700,한국철강,KOSPI,,,false,false,false,false,2026-07-19
017960,한국카본,KOSPI,,,false,false,false,false,2026-07-19
161890,한국콜마,KOSPI,,,false,false,false,false,2026-07-19
161390,한국타이어앤테크놀로지,KOSPI,,,false,false,false,false,2026-07-19
034830,한국토지신탁,KOSPI,,,false,false,false,false,2026-07-19
007280,한국특강,KOSPI,,,false,false,false,false,2026-07-19
047810,한국항공우주,KOSPI,,,false,false,false,false,2026-07-19
123690,한국화장품,KOSPI,,,false,false,false,false,2026-07-19
003350,한국화장품제조,KOSPI,,,false,false,false,false,2026-07-19
011500,한농화성,KOSPI,,,false,false,false,false,2026-07-19
002390,한독,KOSPI,,,false,false,false,false,2026-07-19
053690,한미글로벌,KOSPI,,,false,false,false,false,2026-07-19
042700,한미반도체,KOSPI,,,false,false,false,false,2026-07-19
008930,한미사이언스,KOSPI,,,false,false,false,false,2026-07-19
128940,한미약품,KOSPI,,,false,false,false,false,2026-07-19
009240,한샘,KOSPI,,,false,false,false,false,2026-07-19
020000,한섬,KOSPI,,,false,false,false,false,2026-07-19
003680,한성기업,KOSPI,,,false,false,false,false,2026-07-19
105630,한세실업,KOSPI,,,false,false,false,false,2026-07-19
069640,한세엠케이,KOSPI,,,false,false,false,false,2026-07-19
016450,한세예스24홀딩스,KOSPI,,,false,false,false,false,2026-07-19
009180,한솔로지스틱스,KOSPI,,,false,false,false,false,2026-07-19
213500,한솔제지,KOSPI,,,false,false,false,false,2026-07-19
014680,한솔케미칼,KOSPI,,,false,false,false,false,2026-07-19
004710,한솔테크닉스,KOSPI,,,false,false,false,false,2026-07-19
004150,한솔홀딩스,KOSPI,,,false,false,false,false,2026-07-19
025750,한솔홈데코,KOSPI,,,false,false,false,false,2026-07-19
004960,한신공영,KOSPI,,,false,false,false,false,2026-07-19
011700,한신기계,KOSPI,,,false,false,false,false,2026-07-19
001750,한양증권,KOSPI,,,false,false,false,false,2026-07-19
001755,한양증권우,KOSPI,,,false,false,false,false,2026-07-19
018880,한온시스템,KOSPI,,,false,false,false,false,2026-07-19
009420,한올바이오파마,KOSPI,,,false,false,false,false,2026-07-19
014130,한익스프레스,KOSPI,,,false,false,false,false,2026-07-19
300720,한일시멘트,KOSPI,,,false,false,false,false,2026-07-19
002220,한일철강,KOSPI,,,false,false,false,false,2026-07-19
003300,한일홀딩스,KOSPI,,,false,false,false,false,2026-07-19
051600,한전KPS,KOSPI,,,false,false,false,false,2026-07-19
052690,한전기술,KOSPI,,,false,false,false,false,2026-07-19
130660,한전산업,KOSPI,,,false,false,false,false,2026-07-19
002320,한진,KOSPI,,,false,false,false,false,2026-07-19
003480,한진중공업홀딩스,KOSPI,,,false,false,false,false,2026-07-19
180640,한진칼,KOSPI,,,false,false,false,false,2026-07-19
18064K,한진칼우,KOSPI,,,false,false,false,false,2026-07-19
005110,한창,KOSPI,,,false,false,false,false,2026-07-19
009460,한창제지,KOSPI,,,false,false,false,false,2026-07-19
372910,한컴라이프케어,KOSPI,,,false,false,false,false,2026-07-19
000880,한화,KOSPI,,,false,false,false,false,2026-07-19
00088K,한화3우B,KOSPI,,,false,false,false,false,2026-07-19
452260,한화갤러리아,KOSPI,,,false,false,false,false,2026-07-19
45226K,한화갤러리아우,KOSPI,,,false,false,false,false,2026-07-19
451800,한화리츠,KOSPI,,,false,false,false,false,2026-07-19
489790,한화비전,KOSPI,,,false,false,false,false,2026-07-19
088350,한화생명,KOSPI,,,false,false,false,false,2026-07-19
000370,한화손해보험,KOSPI,,,false,false,false,false,2026-07-19
009830,한화솔루션,KOSPI,,,false,false,false,false,2026-07-19
009835,한화솔루션우,KOSPI,,,false,false,false,false,2026-07-19
272210,한화시스템,KOSPI,,,false,false,false,false,2026-07-19
012450,한화에어로스페이스,KOSPI,,,false,false,false,false,2026-07-19
082740,한화엔진,KOSPI,,,false,false,false,false,2026-07-19
042660,한화오션,KOSPI,,,false,false,false,false,2026-07-19
003530,한화투자증권,KOSPI,,,false,false,false,false,2026-07-19
003535,한화투자증권우,KOSPI,,,false,false,false,false,2026-07-19
195870,해성디에스,KOSPI,,,false,false,false,false,2026-07-19
101530,해태제과식품,KOSPI,,,false,false,false,false,2026-07-19
143210,핸즈코퍼레이션,KOSPI,,,false,false,false,false,2026-07-19
000720,현대건설,KOSPI,,,false,false,false,false,2026-07-19
000725,현대건설우,KOSPI,,,false,false,false,false,2026-07-19
453340,현대그린푸드,KOSPI,,,false,false,false,false,2026-07-19
086280,현대글로비스,KOSPI,,,false,false,false,false,2026-07-19
064350,현대로템,KOSPI,,,false,false,false,false,2026-07-19
079430,현대리바트,KOSPI,,,false,false,false,false,2026-07-19
012330,현대모비스,KOSPI,,,false,false,false,false,2026-07-19
069960,현대백화점,KOSPI,,,false,false,false,false,2026-07-19
004560,현대비앤지스틸,KOSPI,,,false,false,false,false,2026-07-19
004310,현대약품,KOSPI,,,false,false,false,false,2026-07-19
017800,현대엘리베이터,KOSPI,,,false,false,false,false,2026-07-19
307950,현대오토에버,KOSPI,,,false,false,false,false,2026-07-19
011210,현대위아,KOSPI,,,false,false,false,false,2026-07-19
004020,현대제철,KOSPI,,,false,false,false,false,2026-07-19
005440,현대지에프홀딩스,KOSPI,,,false,false,false,false,2026-07-19
005380,현대차,KOSPI,,,false,false,false,false,2026-07-19
005387,현대차2우B,KOSPI,,,false,false,false,false,2026-07-19
005389,현대차3우B,KOSPI,,,false,false,false,false,2026-07-19
005385,현대차우,KOSPI,,,false,false,false,false,2026-07-19
001500,현대차증권,KOSPI,,,false,false,false,false,2026-07-19
011760,현대코퍼레이션,KOSPI,,,false,false,false,false,2026-07-19
227840,현대코퍼레이션홀딩스,KOSPI,,,false,false,false,false,2026-07-19
126560,현대퓨처넷,KOSPI,,,false,false,false,false,2026-07-19
001450,현대해상,KOSPI,,,false,false,false,false,2026-07-19
057050,현대홈쇼핑,KOSPI,,,false,false,false,false,2026-07-19
093240,형지엘리트,KOSPI,,,false,false,false,false,2026-07-19
003010,혜인,KOSPI,,,false,false,false,false,2026-07-19
111110,호전실업,KOSPI,,,false,false,false,false,2026-07-19
008770,호텔신라,KOSPI,,,false,false,false,false,2026-07-19
008775,호텔신라우,KOSPI,,,false,false,false,false,2026-07-19
378850,화승알앤에이,KOSPI,,,false,false,false,false,2026-07-19
241590,화승엔터프라이즈,KOSPI,,,false,false,false,false,2026-07-19
006060,화승인더,KOSPI,,,false,false,false,false,2026-07-19
013520,화승코퍼레이션,KOSPI,,,false,false,false,false,2026-07-19
010690,화신,KOSPI,,,false,false,false,false,2026-07-19
133820,화인베스틸,KOSPI,,,false,false,false,false,2026-07-19
010660,화천기계,KOSPI,,,false,false,false,false,2026-07-19
000850,화천기공,KOSPI,,,false,false,false,false,2026-07-19
016580,환인제약,KOSPI,,,false,false,false,false,2026-07-19
032560,황금에스티,KOSPI,,,false,false,false,false,2026-07-19
004800,효성,KOSPI,,,false,false,false,false,2026-07-19
094280,효성ITX,KOSPI,,,false,false,false,false,2026-07-19
298040,효성중공업,KOSPI,,,false,false,false,false,2026-07-19
298020,효성티앤씨,KOSPI,,,false,false,false,false,2026-07-19
298000,효성화학,KOSPI,,,false,false,false,false,2026-07-19
093370,후성,KOSPI,,,false,false,false,false,2026-07-19
005870,휴니드,KOSPI,,,false,false,false,false,2026-07-19
079980,휴비스,KOSPI,,,false,false,false,false,2026-07-19
005010,휴스틸,KOSPI,,,false,false,false,false,2026-07-19
000540,흥국화재,KOSPI,,,false,false,false,false,2026-07-19
000545,흥국화재우,KOSPI,,,false,false,false,false,2026-07-19
003280,흥아해운,KOSPI,,,false,false,false,false,2026-07-19
060310,3S,KOSDAQ,,,false,false,false,false,2026-07-19
054620,APS,KOSDAQ,,,false,false,false,false,2026-07-19
079810,APS이노베이션,KOSDAQ,,,false,false,false,false,2026-07-19
265520,AP시스템,KOSDAQ,,,false,false,false,false,2026-07-19
211270,AP위성,KOSDAQ,,,false,false,false,false,2026-07-19
126600,BGF에코머티리얼즈,KOSDAQ,,,false,false,false,false,2026-07-19
083790,CG인바이츠,KOSDAQ,,,false,false,false,false,2026-07-19
035760,CJ ENM,KOSDAQ,,,false,false,false,false,2026-07-19
311690,CJ 바이오사이언스,KOSDAQ,,,false,false,false,false,2026-07-19
051500,CJ프레시웨이,KOSDAQ,,,false,false,false,false,2026-07-19
058820,CMG제약,KOSDAQ,,,false,false,false,false,2026-07-19
056730,CNT85,KOSDAQ,,,false,false,false,false,2026-07-19
065770,CS,KOSDAQ,,,false,false,false,false,2026-07-19
083660,CSA 코스믹,KOSDAQ,,,false,false,false,false,2026-07-19
477760,DB금융스팩12호,KOSDAQ,,,false,true,false,false,2026-07-19
099520,DGI,KOSDAQ,,,false,false,false,false,2026-07-19
290120,DH오토리드,KOSDAQ,,,false,false,false,false,2026-07-19
025440,DH오토웨어,KOSDAQ,,,false,false,false,false,2026-07-19
068790,DMS,KOSDAQ,,,false,false,false,false,2026-07-19
241520,DSC인베스트먼트,KOSDAQ,,,false,false,false,false,2026-07-19
180400,DXVX,KOSDAQ,,,false,false,false,false,2026-07-19
418620,E8,KOSDAQ,,,false,false,false,false,2026-07-19
245620,EDGC,KOSDAQ,,,false,false,false,false,2026-07-19
037370,EG,KOSDAQ,,,false,false,false,false,2026-07-19
050120,ES큐브,KOSDAQ,,,false,false,false,false,2026-07-19
214270,FSN,KOSDAQ,,,false,false,false,false,2026-07-19
032620,GC메디아이,KOSDAQ,,,false,false,false,false,2026-07-19
130500,GH신소재,KOSDAQ,,,false,false,false,false,2026-07-19
900290,GRT,KOSDAQ,,,false,false,false,false,2026-07-19
083450,GST,KOSDAQ,,,false,false,false,false,2026-07-19
297890,HB솔루션,KOSDAQ,,,false,false,false,false,2026-07-19
440290,HB인베스트먼트,KOSDAQ,,,false,false,false,false,2026-07-19
078150,HB테크놀러지,KOSDAQ,,,false,false,false,false,2026-07-19
225530,HC보광산업,KOSDAQ,,,false,false,false,false,2026-07-19
060560,HC홈센타,KOSDAQ,,,false,false,false,false,2026-07-19
376270,HEM파마,KOSDAQ,,,false,false,false,false,2026-07-19
195940,HK이노엔,KOSDAQ,,,false,false,false,false,2026-07-19
028300,HLB,KOSDAQ,,,false,false,false,false,2026-07-19
278650,HLB바이오스텝,KOSDAQ,,,false,false,false,false,2026-07-19
067630,HLB생명과학,KOSDAQ,,,false,false,false,false,2026-07-19
024850,HLB이노베이션,KOSDAQ,,,false,false,false,false,2026-07-19
187420,HLB제넥스,KOSDAQ,,,false,false,false,false,2026-07-19
047920,HLB제약,KOSDAQ,,,false,false,false,false,2026-07-19
115450,HLB테라퓨틱스,KOSDAQ,,,false,false,false,false,2026-07-19
046210,HLB파나진,KOSDAQ,,,false,false,false,false,2026-07-19
196300,HLB펩,KOSDAQ,,,false,false,false,false,2026-07-19
403870,HPSP,KOSDAQ,,,false,false,false,false,2026-07-19
036640,HRS,KOSDAQ,,,false,false,false,false,2026-07-19
467930,IBKS제23호스팩,KOSDAQ,,,false,true,false,false,2026-07-19
469480,IBKS제24호스팩,KOSDAQ,,,false,true,false,false,2026-07-19
0099X0,IBKS제25호스팩,KOSDAQ,,,false,true,false,false,2026-07-19
095340,ISC,KOSDAQ,,,false,false,false,false,2026-07-19
950170,JTC,KOSDAQ,,,false,false,false,false,2026-07-19
067290,JW신약,KOSDAQ,,,false,false,false,false,2026-07-19
035900,JYP Ent.,KOSDAQ,,,false,false,false,false,2026-07-19
318000,KBG,KOSDAQ,,,false,false,false,false,2026-07-19
024840,KBI메탈,KOSDAQ,,,false,false,false,false,2026-07-19
024120,KB오토시스,KOSDAQ,,,false,false,false,false,2026-07-19
478390,KB제29호스팩,KOSDAQ,,,false,true,false,false,2026-07-19
486630,KB제30호스팩,KOSDAQ,,,false,true,false,false,2026-07-19
492220,KB제31호스팩,KOSDAQ,,,false,true,false,false,2026-07-19
0037T0,KB제32호스팩,KOSDAQ,,,false,true,false,false,2026-07-19
0072Z0,KB제33호스팩,KOSDAQ,,,false,true,false,false,2026-07-19
021320,KCC건설,KOSDAQ,,,false,false,false,false,2026-07-19
044180,KD,KOSDAQ,,,false,false,false,false,2026-07-19
151860,KG에코솔루션,KOSDAQ,,,false,false,false,false,2026-07-19
035600,KG이니시스,KOSDAQ,,,false,false,false,false,2026-07-19
046440,KG파이낸셜,KOSDAQ,,,false,false,false,false,2026-07-19
060720,KH바텍,KOSDAQ,,,false,false,false,false,2026-07-19
058400,KNN,KOSDAQ,,,false,false,false,false,2026-07-19
101000,KS인더스트리,KOSDAQ,,,false,false,false,false,2026-07-19
089600,KT나스미디어,KOSDAQ,,,false,false,false,false,2026-07-19
418470,KT밀리의서재,KOSDAQ,,,false,false,false,false,2026-07-19
043610,KT지니뮤직,KOSDAQ,,,false,false,false,false,2026-07-19
122450,KX,KOSDAQ,,,false,false,false,false,2026-07-19
052900,KX하이텍,KOSDAQ,,,false,false,false,false,2026-07-19
036560,KZ정밀,KOSDAQ,,,false,false,false,false,2026-07-19
061970,LB세미콘,KOSDAQ,,,false,false,false,false,2026-07-19
309960,LB인베스트먼트,KOSDAQ,,,false,false,false,false,2026-07-19
073490,LIG아큐버,KOSDAQ,,,false,false,false,false,2026-07-19
225190,LK삼양,KOSDAQ,,,false,false,false,false,2026-07-19
091970,LSK아이로봇,KOSDAQ,,,false,false,false,false,2026-07-19
060370,LS마린솔루션,KOSDAQ,,,false,false,false,false,2026-07-19
417200,LS머트리얼즈,KOSDAQ,,,false,false,false,false,2026-07-19
078020,LS증권,KOSDAQ,,,false,false,false,false,2026-07-19
322180,LS티라유텍,KOSDAQ,,,false,false,false,false,2026-07-19
476080,M83,KOSDAQ,,,false,false,false,false,2026-07-19
086960,MDS테크,KOSDAQ,,,false,false,false,false,2026-07-19
160550,NEW,KOSDAQ,,,false,false,false,false,2026-07-19
053290,NE능률,KOSDAQ,,,false,false,false,false,2026-07-19
060250,NHN KCP,KOSDAQ,,,false,false,false,false,2026-07-19
104200,NHN벅스,KOSDAQ,,,false,false,false,false,2026-07-19
054050,NH농우바이오,KOSDAQ,,,false,false,false,false,2026-07-19
063570,NICE인프라,KOSDAQ,,,false,false,false,false,2026-07-19
024940,PN풍년,KOSDAQ,,,false,false,false,false,2026-07-19
332570,PS일렉트로닉스,KOSDAQ,,,false,false,false,false,2026-07-19
218410,RFHIC,KOSDAQ,,,false,false,false,false,2026-07-19
327260,RF머트리얼즈,KOSDAQ,,,false,false,false,false,2026-07-19
474610,RF시스템즈,KOSDAQ,,,false,false,false,false,2026-07-19
091340,S&K폴리텍,KOSDAQ,,,false,false,false,false,2026-07-19
419530,SAMG엔터,KOSDAQ,,,false,false,false,false,2026-07-19
019550,SBI인베스트먼트,KOSDAQ,,,false,false,false,false,2026-07-19
246960,SCL사이언스,KOSDAQ,,,false,false,false,false,2026-07-19
099220,SDN,KOSDAQ,,,false,false,false,false,2026-07-19
056190,SFA,KOSDAQ,,,false,false,false,false,2026-07-19
222080,SFA넥셀,KOSDAQ,,,false,false,false,false,2026-07-19
036540,SFA반도체,KOSDAQ,,,false,false,false,false,2026-07-19
255220,SG,KOSDAQ,,,false,false,false,false,2026-07-19
040610,SG&G,KOSDAQ,,,false,false,false,false,2026-07-19
184230,SGA솔루션즈,KOSDAQ,,,false,false,false,false,2026-07-19
016250,SGC E&C,KOSDAQ,,,false,false,false,false,2026-07-19
357880,SKAI,KOSDAQ,,,false,false,false,false,2026-07-19
048550,SM C&C,KOSDAQ,,,false,false,false,false,2026-07-19
063440,SM Life Design,KOSDAQ,,,false,false,false,false,2026-07-19
067160,SOOP,KOSDAQ,,,false,false,false,false,2026-07-19
289080,SV인베스트먼트,KOSDAQ,,,false,false,false,false,2026-07-19
041930,SY동아,KOSDAQ,,,false,false,false,false,2026-07-19
089230,THE E&M,KOSDAQ,,,false,false,false,false,2026-07-19
032540,TJ미디어,KOSDAQ,,,false,false,false,false,2026-07-19
048770,TPC로보틱스,KOSDAQ,,,false,false,false,false,2026-07-19
246690,TS인베스트먼트,KOSDAQ,,,false,false,false,false,2026-07-19
317240,TS트릴리온,KOSDAQ,,,false,false,false,false,2026-07-19
057030,YBM넷,KOSDAQ,,,false,false,false,false,2026-07-19
040300,YTN,KOSDAQ,,,false,false,false,false,2026-07-19
051390,YW,KOSDAQ,,,false,false,false,false,2026-07-19
052220,iMBC,KOSDAQ,,,false,false,false,false,2026-07-19
079940,가비아,KOSDAQ,,,false,false,false,false,2026-07-19
078890,가온그룹,KOSDAQ,,,false,false,false,false,2026-07-19
399720,가온칩스,KOSDAQ,,,false,false,false,false,2026-07-19
036620,감성코퍼레이션,KOSDAQ,,,false,false,false,false,2026-07-19
198440,강동씨앤엘,KOSDAQ,,,false,false,false,false,2026-07-19
217730,강스템바이오텍,KOSDAQ,,,false,false,false,false,2026-07-19
114190,강원에너지,KOSDAQ,,,false,false,false,false,2026-07-19
094480,갤럭시아머니트리,KOSDAQ,,,false,false,false,false,2026-07-19
039240,경남스틸,KOSDAQ,,,false,false,false,false,2026-07-19
053950,경남제약,KOSDAQ,,,false,false,false,false,2026-07-19
011040,경동제약,KOSDAQ,,,false,false,false,false,2026-07-19
024910,경창산업,KOSDAQ,,,false,false,false,false,2026-07-19
049720,고려신용정보,KOSDAQ,,,false,false,false,false,2026-07-19
014570,고려제약,KOSDAQ,,,false,false,false,false,2026-07-19
348150,고바이오랩,KOSDAQ,,,false,false,false,false,2026-07-19
950190,고스트스튜디오,KOSDAQ,,,false,false,false,false,2026-07-19
098460,고영,KOSDAQ,,,false,false,false,false,2026-07-19
035290,골드앤에스,KOSDAQ,,,false,false,false,false,2026-07-19
215000,골프존,KOSDAQ,,,false,false,false,false,2026-07-19
121440,골프존홀딩스,KOSDAQ,,,false,false,false,false,2026-07-19
029480,광무,KOSDAQ,,,false,false,false,false,2026-07-19
026910,광진실업,KOSDAQ,,,false,false,false,false,2026-07-19
465320,교보15호스팩,KOSDAQ,,,false,true,false,false,2026-07-19
482520,교보16호스팩,KOSDAQ,,,false,true,false,false,2026-07-19
489210,교보17호스팩,KOSDAQ,,,false,true,false,false,2026-07-19
0041B0,교보18호스팩,KOSDAQ,,,false,true,false,false,2026-07-19
0098T0,교보19호스팩,KOSDAQ,,,false,true,false,false,2026-07-19
0132G0,교보20호스팩,KOSDAQ,,,false,true,false,false,2026-07-19
053270,구영테크,KOSDAQ,,,false,false,false,false,2026-07-19
066620,국보디자인,KOSDAQ,,,false,false,false,false,2026-07-19
043650,국순당,KOSDAQ,,,false,false,false,false,2026-07-19
006050,국영지앤엠,KOSDAQ,,,false,false,false,false,2026-07-19
060480,국일신동,KOSDAQ,,,false,false,false,false,2026-07-19
078130,국일제지,KOSDAQ,,,false,false,false,false,2026-07-19
307750,국전,KOSDAQ,,,false,false,false,false,2026-07-19
035080,그래디언트,KOSDAQ,,,false,false,false,false,2026-07-19
318060,그래피,KOSDAQ,,,false,false,false,false,2026-07-19
453450,그리드위즈,KOSDAQ,,,false,false,false,false,2026-07-19
204020,그리티,KOSDAQ,,,false,false,false,false,2026-07-19
0015G0,그린광학,KOSDAQ,,,false,false,false,false,2026-07-19
402490,그린리소스,KOSDAQ,,,false,false,false,false,2026-07-19
114450,그린생명과학,KOSDAQ,,,false,false,false,false,2026-07-19
186230,그린플러스,KOSDAQ,,,false,false,false,false,2026-07-19
900070,글로벌에스엠,KOSDAQ,,,false,false,false,false,2026-07-19
204620,글로벌텍스프리,KOSDAQ,,,false,false,false,false,2026-07-19
019660,글로본,KOSDAQ,,,false,false,false,false,2026-07-19
053260,금강철강,KOSDAQ,,,false,false,false,false,2026-07-19
282720,금양그린파워,KOSDAQ,,,false,false,false,false,2026-07-19
036190,금화피에스시,KOSDAQ,,,false,false,false,false,2026-07-19
049080,기가레인,KOSDAQ,,,false,false,false,false,2026-07-19
420770,기가비스,KOSDAQ,,,false,false,false,false,2026-07-19
035460,기산텔레콤,KOSDAQ,,,false,false,false,false,2026-07-19
407400,꿈비,KOSDAQ,,,false,false,false,false,2026-07-19
187790,나노,KOSDAQ,,,false,false,false,false,2026-07-19
121600,나노신소재,KOSDAQ,,,false,false,false,false,2026-07-19
286750,나노실리칸첨단소재,KOSDAQ,,,false,false,false,false,2026-07-19
247660,나노씨엠에스,KOSDAQ,,,false,false,false,false,2026-07-19
039860,나노엔텍,KOSDAQ,,,false,false,false,false,2026-07-19
417010,나노팀,KOSDAQ,,,false,false,false,false,2026-07-19
405920,나라셀라,KOSDAQ,,,false,false,false,false,2026-07-19
478340,나라스페이스테크놀로지,KOSDAQ,,,false,false,false,false,2026-07-19
051490,나라엠앤디,KOSDAQ,,,false,false,false,false,2026-07-19
137080,나래나노텍,KOSDAQ,,,false,false,false,false,2026-07-19
190510,나무가,KOSDAQ,,,false,false,false,false,2026-07-19
242040,나무기술,KOSDAQ,,,false,false,false,false,2026-07-19
293580,나우IB,KOSDAQ,,,false,false,false,false,2026-07-19
459510,나우로보틱스,KOSDAQ,,,false,false,false,false,2026-07-19
138610,나이벡,KOSDAQ,,,false,false,false,false,2026-07-19
130580,나이스디앤비,KOSDAQ,,,false,false,false,false,2026-07-19
036800,나이스정보통신,KOSDAQ,,,false,false,false,false,2026-07-19
366030,나인앤컴퍼니,KOSDAQ,,,false,false,false,false,2026-07-19
267320,나인테크,KOSDAQ,,,false,false,false,false,2026-07-19
111710,남화산업,KOSDAQ,,,false,false,false,false,2026-07-19
091590,남화토건,KOSDAQ,,,false,false,false,false,2026-07-19
168330,내츄럴엔도텍,KOSDAQ,,,false,false,false,false,2026-07-19
094860,네오리진,KOSDAQ,,,false,false,false,false,2026-07-19
253590,네오셈,KOSDAQ,,,false,false,false,false,2026-07-19
212560,네오오토,KOSDAQ,,,false,false,false,false,2026-07-19
095660,네오위즈,KOSDAQ,,,false,false,false,false,2026-07-19
042420,네오위즈홀딩스,KOSDAQ,,,false,false,false,false,2026-07-19
950220,네오이뮨텍,KOSDAQ,,,false,false,false,false,2026-07-19
311390,네오크레마,KOSDAQ,,,false,false,false,false,2026-07-19
085910,네오티스,KOSDAQ,,,false,false,false,false,2026-07-19
092730,네오팜,KOSDAQ,,,false,false,false,false,2026-07-19
153460,네이블,KOSDAQ,,,false,false,false,false,2026-07-19
007390,네이처셀,KOSDAQ,,,false,false,false,false,2026-07-19
033640,네패스,KOSDAQ,,,false,false,false,false,2026-07-19
330860,네패스아크,KOSDAQ,,,false,false,false,false,2026-07-19
351320,넥사다이내믹스,KOSDAQ,,,false,false,false,false,2026-07-19
089140,넥스턴앤롤코리아,KOSDAQ,,,false,false,false,false,2026-07-19
389650,넥스트바이오메디컬,KOSDAQ,,,false,false,false,false,2026-07-19
137940,넥스트아이,KOSDAQ,,,false,false,false,false,2026-07-19
396270,넥스트칩,KOSDAQ,,,false,false,false,false,2026-07-19
348210,넥스틴,KOSDAQ,,,false,false,false,false,2026-07-19
225570,넥슨게임즈,KOSDAQ,,,false,false,false,false,2026-07-19
205500,넥써쓰,KOSDAQ,,,false,false,false,false,2026-07-19
217270,넵튠,KOSDAQ,,,false,false,false,false,2026-07-19
104620,노랑풍선,KOSDAQ,,,false,false,false,false,2026-07-19
473980,노머스,KOSDAQ,,,false,false,false,false,2026-07-19
194700,노바렉스,KOSDAQ,,,false,false,false,false,2026-07-19
285490,노바텍,KOSDAQ,,,false,false,false,false,2026-07-19
145170,노브랜드,KOSDAQ,,,false,false,false,false,2026-07-19
376930,노을,KOSDAQ,,,false,false,false,false,2026-07-19
486990,노타,KOSDAQ,,,false,false,false,false,2026-07-19
142280,녹십자엠에스,KOSDAQ,,,false,false,false,false,2026-07-19
234690,녹십자웰빙,KOSDAQ,,,false,false,false,false,2026-07-19
069140,누리플랜,KOSDAQ,,,false,false,false,false,2026-07-19
040160,누리플렉스,KOSDAQ,,,false,false,false,false,2026-07-19
332290,누보,KOSDAQ,,,false,false,false,false,2026-07-19
348340,뉴로메카,KOSDAQ,,,false,false,false,false,2026-07-19
380550,뉴로핏,KOSDAQ,,,false,false,false,false,2026-07-19
060260,뉴보텍,KOSDAQ,,,false,false,false,false,2026-07-19
463020,뉴엔AI,KOSDAQ,,,false,false,false,false,2026-07-19
123840,뉴온,KOSDAQ,,,false,false,false,false,2026-07-19
012340,뉴인텍,KOSDAQ,,,false,false,false,false,2026-07-19
462310,뉴키즈온,KOSDAQ,,,false,false,false,false,2026-07-19
270870,뉴트리,KOSDAQ,,,false,false,false,false,2026-07-19
144960,뉴파워프라즈마,KOSDAQ,,,false,false,false,false,2026-07-19
085670,뉴프렉스,KOSDAQ,,,false,false,false,false,2026-07-19
064260,다날,KOSDAQ,,,false,false,false,false,2026-07-19
340360,다보링크,KOSDAQ,,,false,false,false,false,2026-07-19
039560,다산네트웍스,KOSDAQ,,,false,false,false,false,2026-07-19
208860,다산디엠씨,KOSDAQ,,,false,false,false,false,2026-07-19
154040,다산솔루에타,KOSDAQ,,,false,false,false,false,2026-07-19
032190,다우데이타,KOSDAQ,,,false,false,false,false,2026-07-19
323350,다원넥스뷰,KOSDAQ,,,false,false,false,false,2026-07-19
068240,다원시스,KOSDAQ,,,false,false,false,false,2026-07-19
290660,다이나믹솔루션,KOSDAQ,,,false,false,false,false,2026-07-19
464580,닷밀,KOSDAQ,,,false,false,false,false,2026-07-19
020400,대동금속,KOSDAQ,,,false,false,false,false,2026-07-19
008830,대동기어,KOSDAQ,,,false,false,false,false,2026-07-19
048470,대동스틸,KOSDAQ,,,false,false,false,false,2026-07-19
004780,대륙제관,KOSDAQ,,,false,false,false,false,2026-07-19
017650,대림제지,KOSDAQ,,,false,false,false,false,2026-07-19
389260,대명에너지,KOSDAQ,,,false,false,false,false,2026-07-19
317850,대모,KOSDAQ,,,false,false,false,false,2026-07-19
290670,대보마그네틱,KOSDAQ,,,false,false,false,false,2026-07-19
078140,대봉엘에스,KOSDAQ,,,false,false,false,false,2026-07-19
065150,대산F&B,KOSDAQ,,,false,false,false,false,2026-07-19
036480,대성미생물,KOSDAQ,,,false,false,false,false,2026-07-19
027830,대성창투,KOSDAQ,,,false,false,false,false,2026-07-19
129920,대성하이텍,KOSDAQ,,,false,false,false,false,2026-07-19
471050,대신밸런스제17호스팩,KOSDAQ,,,false,true,false,false,2026-07-19
482690,대신밸런스제19호스팩,KOSDAQ,,,false,true,false,false,2026-07-19
0134X0,대신밸런스제20호스팩,KOSDAQ,,,false,true,false,false,2026-07-19
020180,대신정보통신,KOSDAQ,,,false,false,false,false,2026-07-19
045390,대아티아이,KOSDAQ,,,false,false,false,false,2026-07-19
108380,대양전기공업,KOSDAQ,,,false,false,false,false,2026-07-19
007680,대원,KOSDAQ,,,false,false,false,false,2026-07-19
048910,대원미디어,KOSDAQ,,,false,false,false,false,2026-07-19
005710,대원산업,KOSDAQ,,,false,false,false,false,2026-07-19
120240,대정화금,KOSDAQ,,,false,false,false,false,2026-07-19
003310,대주산업,KOSDAQ,,,false,false,false,false,2026-07-19
078600,대주전자재료,KOSDAQ,,,false,false,false,false,2026-07-19
393970,대진첨단소재,KOSDAQ,,,false,false,false,false,2026-07-19
096350,대창솔루션,KOSDAQ,,,false,false,false,false,2026-07-19
140520,대창스틸,KOSDAQ,,,false,false,false,false,2026-07-19
131220,대한과학,KOSDAQ,,,false,false,false,false,2026-07-19
010170,대한광통신,KOSDAQ,,,false,false,false,false,2026-07-19
054670,대한뉴팜,KOSDAQ,,,false,false,false,false,2026-07-19
023910,대한약품,KOSDAQ,,,false,false,false,false,2026-07-19
021040,대호특수강,KOSDAQ,,,false,false,false,false,2026-07-19
021045,대호특수강우,KOSDAQ,,,false,false,false,false,2026-07-19
067080,대화제약,KOSDAQ,,,false,false,false,false,2026-07-19
298540,더네이쳐홀딩스,KOSDAQ,,,false,false,false,false,2026-07-19
032860,더라미,KOSDAQ,,,false,false,false,false,2026-07-19
393890,더블유씨피,KOSDAQ,,,false,false,false,false,2026-07-19
299170,더블유에스아이,KOSDAQ,,,false,false,false,false,2026-07-19
462860,더즌,KOSDAQ,,,false,false,false,false,2026-07-19
224060,더코디,KOSDAQ,,,false,false,false,false,2026-07-19
043090,더테크놀로지,KOSDAQ,,,false,false,false,false,2026-07-19
403850,더핑크퐁컴퍼니,KOSDAQ,,,false,false,false,false,2026-07-19
213420,덕산네오룩스,KOSDAQ,,,false,false,false,false,2026-07-19
317330,덕산테코피아,KOSDAQ,,,false,false,false,false,2026-07-19
077360,덕산하이메탈,KOSDAQ,,,false,false,false,false,2026-07-19
090410,덕신이피씨,KOSDAQ,,,false,false,false,false,2026-07-19
0001A0,덕양에너젠,KOSDAQ,,,false,false,false,false,2026-07-19
263600,덕우전자,KOSDAQ,,,false,false,false,false,2026-07-19
194480,데브시스터즈,KOSDAQ,,,false,false,false,false,2026-07-19
373160,데이원컴퍼니,KOSDAQ,,,false,false,false,false,2026-07-19
263800,데이타솔루션,KOSDAQ,,,false,false,false,false,2026-07-19
206560,덱스터,KOSDAQ,,,false,false,false,false,2026-07-19
261200,덴티스,KOSDAQ,,,false,false,false,false,2026-07-19
484120,도우인시스,KOSDAQ,,,false,false,false,false,2026-07-19
067990,도이치모터스,KOSDAQ,,,false,false,false,false,2026-07-19
006620,동구바이오제약,KOSDAQ,,,false,false,false,false,2026-07-19
100130,동국S&C,KOSDAQ,,,false,false,false,false,2026-07-19
005160,동국산업,KOSDAQ,,,false,false,false,false,2026-07-19
303810,동국생명과학,KOSDAQ,,,false,false,false,false,2026-07-19
075970,동국알앤에스,KOSDAQ,,,false,false,false,false,2026-07-19
086450,동국제약,KOSDAQ,,,false,false,false,false,2026-07-19
240550,동방메디컬,KOSDAQ,,,false,false,false,false,2026-07-19
099410,동방선기,KOSDAQ,,,false,false,false,false,2026-07-19
033500,동성화인텍,KOSDAQ,,,false,false,false,false,2026-07-19
025950,동신건설,KOSDAQ,,,false,false,false,false,2026-07-19
088130,동아엘텍,KOSDAQ,,,false,false,false,false,2026-07-19
060380,동양에스텍,KOSDAQ,,,false,false,false,false,2026-07-19
079960,동양이엔피,KOSDAQ,,,false,false,false,false,2026-07-19
228340,동양파일,KOSDAQ,,,false,false,false,false,2026-07-19
088910,동우팜투테이블,KOSDAQ,,,false,false,false,false,2026-07-19
094170,동운아나텍,KOSDAQ,,,false,false,false,false,2026-07-19
013120,동원개발,KOSDAQ,,,false,false,false,false,2026-07-19
109860,동일금속,KOSDAQ,,,false,false,false,false,2026-07-19
032960,동일기연,KOSDAQ,,,false,false,false,false,2026-07-19
023790,동일스틸럭스,KOSDAQ,,,false,false,false,false,2026-07-19
005290,동진쎄미켐,KOSDAQ,,,false,false,false,false,2026-07-19
025900,동화기업,KOSDAQ,,,false,false,false,false,2026-07-19
131970,두산테스나,KOSDAQ,,,false,false,false,false,2026-07-19
073190,듀오백,KOSDAQ,,,false,false,false,false,2026-07-19
176750,듀켐바이오,KOSDAQ,,,false,false,false,false,2026-07-19
030350,드래곤플라이,KOSDAQ,,,false,false,false,false,2026-07-19
203650,드림시큐리티,KOSDAQ,,,false,false,false,false,2026-07-19
223250,드림씨아이에스,KOSDAQ,,,false,false,false,false,2026-07-19
060570,드림어스컴퍼니,KOSDAQ,,,false,false,false,false,2026-07-19
362990,드림인사이트,KOSDAQ,,,false,false,false,false,2026-07-19
016670,디모아,KOSDAQ,,,false,false,false,false,2026-07-19
187870,디바이스,KOSDAQ,,,false,false,false,false,2026-07-19
489730,디비금융제13호스팩,KOSDAQ,,,false,true,false,false,2026-07-19
0004Y0,디비금융제14호스팩,KOSDAQ,,,false,true,false,false,2026-07-19
110990,디아이티,KOSDAQ,,,false,false,false,false,2026-07-19
263690,디알젬,KOSDAQ,,,false,false,false,false,2026-07-19
214680,디알텍,KOSDAQ,,,false,false,false,false,2026-07-19
347850,디앤디파마텍,KOSDAQ,,,false,false,false,false,2026-07-19
263720,디앤씨미디어,KOSDAQ,,,false,false,false,false,2026-07-19
376300,디어유,KOSDAQ,,,false,false,false,false,2026-07-19
104040,디에스엠,KOSDAQ,,,false,false,false,false,2026-07-19
109740,디에스케이,KOSDAQ,,,false,false,false,false,2026-07-19
031860,디에이치엑스컴퍼니,KOSDAQ,,,false,false,false,false,2026-07-19
196490,디에이테크놀로지,KOSDAQ,,,false,false,false,false,2026-07-19
066900,디에이피,KOSDAQ,,,false,false,false,false,2026-07-19
092070,디엔에프,KOSDAQ,,,false,false,false,false,2026-07-19
039840,디오,KOSDAQ,,,false,false,false,false,2026-07-19
219550,디와이디,KOSDAQ,,,false,false,false,false,2026-07-19
310870,디와이씨,KOSDAQ,,,false,false,false,false,2026-07-19
104460,디와이피엔에프,KOSDAQ,,,false,false,false,false,2026-07-19
113810,디젠스,KOSDAQ,,,false,false,false,false,2026-07-19
043360,디지아이,KOSDAQ,,,false,false,false,false,2026-07-19
197140,디지캡,KOSDAQ,,,false,false,false,false,2026-07-19
068930,디지털대성,KOSDAQ,,,false,false,false,false,2026-07-19
033130,디지틀조선,KOSDAQ,,,false,false,false,false,2026-07-19
105740,디케이락,KOSDAQ,,,false,false,false,false,2026-07-19
263020,디케이앤디,KOSDAQ,,,false,false,false,false,2026-07-19
290550,디케이티,KOSDAQ,,,false,false,false,false,2026-07-19
066670,디티씨,KOSDAQ,,,false,false,false,false,2026-07-19
187220,디티앤씨,KOSDAQ,,,false,false,false,false,2026-07-19
383930,디티앤씨알오,KOSDAQ,,,false,false,false,false,2026-07-19
131180,딜리,KOSDAQ,,,false,false,false,false,2026-07-19
315640,딥노이드,KOSDAQ,,,false,false,false,false,2026-07-19
900110,딥커머스,KOSDAQ,,,false,false,false,false,2026-07-19
317120,라닉스,KOSDAQ,,,false,false,false,false,2026-07-19
462510,라메디텍,KOSDAQ,,,false,false,false,false,2026-07-19
232680,라온로보틱스,KOSDAQ,,,false,false,false,false,2026-07-19
042510,라온시큐어,KOSDAQ,,,false,false,false,false,2026-07-19
418420,라온텍,KOSDAQ,,,false,false,false,false,2026-07-19
300120,라온피플,KOSDAQ,,,false,false,false,false,2026-07-19
171120,라이온켐텍,KOSDAQ,,,false,false,false,false,2026-07-19
388790,라이콤,KOSDAQ,,,false,false,false,false,2026-07-19
214260,라파스,KOSDAQ,,,false,false,false,false,2026-07-19
171010,램테크놀러지,KOSDAQ,,,false,false,false,false,2026-07-19
084650,랩지노믹스,KOSDAQ,,,false,false,false,false,2026-07-19
217500,러셀,KOSDAQ,,,false,false,false,false,2026-07-19
038390,레드캡투어,KOSDAQ,,,false,false,false,false,2026-07-19
387690,레메디,KOSDAQ,,,false,false,false,false,2026-07-19
294140,레몬,KOSDAQ,,,false,false,false,false,2026-07-19
365660,레몬헬스케어,KOSDAQ,,,false,false,false,false,2026-07-19
443250,레뷰코퍼레이션,KOSDAQ,,,false,false,false,false,2026-07-19
228670,레이,KOSDAQ,,,false,false,false,false,2026-07-19
228850,레이언스,KOSDAQ,,,false,false,false,false,2026-07-19
412350,레이저쎌,KOSDAQ,,,false,false,false,false,2026-07-19
199550,레이저옵텍,KOSDAQ,,,false,false,false,false,2026-07-19
281740,레이크머티리얼즈,KOSDAQ,,,false,false,false,false,2026-07-19
277810,레인보우로보틱스,KOSDAQ,,,false,false,false,false,2026-07-19
215100,로보로보,KOSDAQ,,,false,false,false,false,2026-07-19
090360,로보스타,KOSDAQ,,,false,false,false,false,2026-07-19
108490,로보티즈,KOSDAQ,,,false,false,false,false,2026-07-19
900260,로스웰,KOSDAQ,,,false,false,false,false,2026-07-19
033290,로젠,KOSDAQ,,,false,false,false,false,2026-07-19
067730,로지시스,KOSDAQ,,,false,false,false,false,2026-07-19
071280,로체시스템즈,KOSDAQ,,,false,false,false,false,2026-07-19
376900,로킷헬스케어,KOSDAQ,,,false,false,false,false,2026-07-19
214610,롤링스톤,KOSDAQ,,,false,false,false,false,2026-07-19
328130,루닛,KOSDAQ,,,false,false,false,false,2026-07-19
038060,루멘스,KOSDAQ,,,false,false,false,false,2026-07-19
474170,루미르,KOSDAQ,,,false,false,false,false,2026-07-19
195990,루트K,KOSDAQ,,,false,false,false,false,2026-07-19
141080,리가켐바이오,KOSDAQ,,,false,false,false,false,2026-07-19
058470,리노공업,KOSDAQ,,,false,false,false,false,2026-07-19
016100,리더스코스메틱,KOSDAQ,,,false,false,false,false,2026-07-19
012700,리드코프,KOSDAQ,,,false,false,false,false,2026-07-19
302550,리메드,KOSDAQ,,,false,false,false,false,2026-07-19
491000,리브스메드,KOSDAQ,,,false,false,false,false,2026-07-19
394420,리센스메디컬,KOSDAQ,,,false,false,false,false,2026-07-19
073570,리튬포어스,KOSDAQ,,,false,false,false,false,2026-07-19
377450,리파인,KOSDAQ,,,false,false,false,false,2026-07-19
277070,린드먼아시아,KOSDAQ,,,false,false,false,false,2026-07-19
042500,링네트,KOSDAQ,,,false,false,false,false,2026-07-19
193250,링크드,KOSDAQ,,,false,false,false,false,2026-07-19
474650,링크솔루션,KOSDAQ,,,false,false,false,false,2026-07-19
219420,링크제니시스,KOSDAQ,,,false,false,false,false,2026-07-19
439090,마녀공장,KOSDAQ,,,false,false,false,false,2026-07-19
195500,마니커에프앤지,KOSDAQ,,,false,false,false,false,2026-07-19
377480,마음AI,KOSDAQ,,,false,false,false,false,2026-07-19
305090,마이크로디지탈,KOSDAQ,,,false,false,false,false,2026-07-19
098120,마이크로컨텍솔,KOSDAQ,,,false,false,false,false,2026-07-19
424980,마이크로투나노,KOSDAQ,,,false,false,false,false,2026-07-19
038290,마크로젠,KOSDAQ,,,false,false,false,false,2026-07-19
477850,마키나락스,KOSDAQ,,,false,false,false,false,2026-07-19
0039P0,매드업,KOSDAQ,,,false,false,false,false,2026-07-19
267980,매일유업,KOSDAQ,,,false,false,false,false,2026-07-19
005990,매일홀딩스,KOSDAQ,,,false,false,false,false,2026-07-19
093520,매커스,KOSDAQ,,,false,false,false,false,2026-07-19
100590,머큐리,KOSDAQ,,,false,false,false,false,2026-07-19
067280,멀티캠퍼스,KOSDAQ,,,false,false,false,false,2026-07-19
072870,메가스터디,KOSDAQ,,,false,false,false,false,2026-07-19
215200,메가스터디교육,KOSDAQ,,,false,false,false,false,2026-07-19
133750,메가엠디,KOSDAQ,,,false,false,false,false,2026-07-19
446540,메가터치,KOSDAQ,,,false,false,false,false,2026-07-19
235980,메드팩토,KOSDAQ,,,false,false,false,false,2026-07-19
041920,메디아나,KOSDAQ,,,false,false,false,false,2026-07-19
014100,메디앙스,KOSDAQ,,,false,false,false,false,2026-07-19
054180,메디콕스,KOSDAQ,,,false,false,false,false,2026-07-19
086900,메디톡스,KOSDAQ,,,false,false,false,false,2026-07-19
078160,메디포스트,KOSDAQ,,,false,false,false,false,2026-07-19
0088D0,메리츠제1호스팩,KOSDAQ,,,false,true,false,false,2026-07-19
0165X0,메리츠제2호스팩,KOSDAQ,,,false,true,false,false,2026-07-19
408920,메쎄이상,KOSDAQ,,,false,false,false,false,2026-07-19
021880,메이슨캐피탈,KOSDAQ,,,false,false,false,false,2026-07-19
0088M0,메쥬,KOSDAQ,,,false,false,false,false,2026-07-19
140410,메지온,KOSDAQ,,,false,false,false,false,2026-07-19
241770,메카로,KOSDAQ,,,false,false,false,false,2026-07-19
059210,메타바이오메드,KOSDAQ,,,false,false,false,false,2026-07-19
058110,멕아이씨에스,KOSDAQ,,,false,false,false,false,2026-07-19
072770,멤레이비티,KOSDAQ,,,false,false,false,false,2026-07-19
434480,모니터랩,KOSDAQ,,,false,false,false,false,2026-07-19
080420,모다이노칩,KOSDAQ,,,false,false,false,false,2026-07-19
417970,모델솔루션,KOSDAQ,,,false,false,false,false,2026-07-19
080160,모두투어,KOSDAQ,,,false,false,false,false,2026-07-19
087260,모바일어플라이언스,KOSDAQ,,,false,false,false,false,2026-07-19
101330,모베이스,KOSDAQ,,,false,false,false,false,2026-07-19
012860,모베이스전자,KOSDAQ,,,false,false,false,false,2026-07-19
363260,모비데이즈,KOSDAQ,,,false,false,false,false,2026-07-19
348030,모비릭스,KOSDAQ,,,false,false,false,false,2026-07-19
250060,모비스,KOSDAQ,,,false,false,false,false,2026-07-19
288980,모아데이타,KOSDAQ,,,false,false,false,false,2026-07-19
142760,모아라이프플러스,KOSDAQ,,,false,false,false,false,2026-07-19
033200,모아텍,KOSDAQ,,,false,false,false,false,2026-07-19
118990,모트렉스,KOSDAQ,,,false,false,false,false,2026-07-19
463480,모티브링크,KOSDAQ,,,false,false,false,false,2026-07-19
006920,모헨즈,KOSDAQ,,,false,false,false,false,2026-07-19
001810,무림SP,KOSDAQ,,,false,false,false,false,2026-07-19
279600,미디어젠,KOSDAQ,,,false,false,false,false,2026-07-19
095500,미래나노텍,KOSDAQ,,,false,false,false,false,2026-07-19
254490,미래반도체,KOSDAQ,,,false,false,false,false,2026-07-19
218150,미래생명자원,KOSDAQ,,,false,false,false,false,2026-07-19
100790,미래에셋벤처투자,KOSDAQ,,,false,false,false,false,2026-07-19
0097F0,미래에셋비전스팩10호,KOSDAQ,,,false,true,false,false,2026-07-19
0099W0,미래에셋비전스팩11호,KOSDAQ,,,false,true,false,false,2026-07-19
477380,미래에셋비전스팩4호,KOSDAQ,,,false,true,false,false,2026-07-19
477470,미래에셋비전스팩5호,KOSDAQ,,,false,true,false,false,2026-07-19
478440,미래에셋비전스팩6호,KOSDAQ,,,false,true,false,false,2026-07-19
482680,미래에셋비전스팩7호,KOSDAQ,,,false,true,false,false,2026-07-19
0093G0,미래에셋비전스팩8호,KOSDAQ,,,false,true,false,false,2026-07-19
0096D0,미래에셋비전스팩9호,KOSDAQ,,,false,true,false,false,2026-07-19
049950,미래컴퍼니,KOSDAQ,,,false,false,false,false,2026-07-19
207760,미스터블루,KOSDAQ,,,false,false,false,false,2026-07-19
059090,미코,KOSDAQ,,,false,false,false,false,2026-07-19
201490,미투온,KOSDAQ,,,false,false,false,false,2026-07-19
475460,미트박스,KOSDAQ,,,false,false,false,false,2026-07-19
452200,민테크,KOSDAQ,,,false,false,false,false,2026-07-19
206640,바디텍메드,KOSDAQ,,,false,false,false,false,2026-07-19
035620,바른손이앤에이,KOSDAQ,,,false,false,false,false,2026-07-19
053030,바이넥스,KOSDAQ,,,false,false,false,false,2026-07-19
301300,바이브컴퍼니,KOSDAQ,,,false,false,false,false,2026-07-19
064550,바이오니아,KOSDAQ,,,false,false,false,false,2026-07-19
314930,바이오다인,KOSDAQ,,,false,false,false,false,2026-07-19
489460,바이오비쥬,KOSDAQ,,,false,false,false,false,2026-07-19
086820,바이오솔루션,KOSDAQ,,,false,false,false,false,2026-07-19
038460,바이오스마트,KOSDAQ,,,false,false,false,false,2026-07-19
251120,바이오에프디엔씨,KOSDAQ,,,false,false,false,false,2026-07-19
199730,바이오인프라,KOSDAQ,,,false,false,false,false,2026-07-19
086040,바이오톡스텍,KOSDAQ,,,false,false,false,false,2026-07-19
188040,바이오포트,KOSDAQ,,,false,false,false,false,2026-07-19
099430,바이오플러스,KOSDAQ,,,false,false,false,false,2026-07-19
308080,바이젠셀,KOSDAQ,,,false,false,false,false,2026-07-19
043150,바텍,KOSDAQ,,,false,false,false,false,2026-07-19
323990,박셀바이오,KOSDAQ,,,false,false,false,false,2026-07-19
267790,배럴,KOSDAQ,,,false,false,false,false,2026-07-19
046310,백금T&A,KOSDAQ,,,false,false,false,false,2026-07-19
331520,밸로프,KOSDAQ,,,false,false,false,false,2026-07-19
199480,뱅크웨어글로벌,KOSDAQ,,,false,false,false,false,2026-07-19
438700,버넥트,KOSDAQ,,,false,false,false,false,2026-07-19
066410,버킷스튜디오,KOSDAQ,,,false,false,false,false,2026-07-19
382900,범한퓨얼셀,KOSDAQ,,,false,false,false,false,2026-07-19
206400,베노티앤알,KOSDAQ,,,false,false,false,false,2026-07-19
019010,베뉴지,KOSDAQ,,,false,false,false,false,2026-07-19
177350,베셀,KOSDAQ,,,false,false,false,false,2026-07-19
457600,벡트,KOSDAQ,,,false,false,false,false,2026-07-19
424760,벨로크,KOSDAQ,,,false,false,false,false,2026-07-19
250000,보라티알,KOSDAQ,,,false,false,false,false,2026-07-19
310210,보로노이,KOSDAQ,,,false,false,false,false,2026-07-19
006910,보성파워텍,KOSDAQ,,,false,false,false,false,2026-07-19
0010F0,보원케미칼,KOSDAQ,,,false,false,false,false,2026-07-19
226340,본느,KOSDAQ,,,false,false,false,false,2026-07-19
014470,부방,KOSDAQ,,,false,false,false,false,2026-07-19
008470,부스타,KOSDAQ,,,false,false,false,false,2026-07-19
338220,뷰노,KOSDAQ,,,false,false,false,false,2026-07-19
100120,뷰웍스,KOSDAQ,,,false,false,false,false,2026-07-19
406820,뷰티스킨,KOSDAQ,,,false,false,false,false,2026-07-19
099390,브레인즈컴퍼니,KOSDAQ,,,false,false,false,false,2026-07-19
064480,브리지텍,KOSDAQ,,,false,false,false,false,2026-07-19
365900,브이씨,KOSDAQ,,,false,false,false,false,2026-07-19
089970,브이엠,KOSDAQ,,,false,false,false,false,2026-07-19
251630,브이원텍,KOSDAQ,,,false,false,false,false,2026-07-19
018290,브이티,KOSDAQ,,,false,false,false,false,2026-07-19
478560,블랙야크아이앤씨,KOSDAQ,,,false,false,false,false,2026-07-19
439580,블루엠텍,KOSDAQ,,,false,false,false,false,2026-07-19
033560,블루콤,KOSDAQ,,,false,false,false,false,2026-07-19
369370,블리츠웨이엔터테인먼트,KOSDAQ,,,false,false,false,false,2026-07-19
126340,비나텍,KOSDAQ,,,false,false,false,false,2026-07-19
121800,비덴트,KOSDAQ,,,false,false,false,false,2026-07-19
082800,비보존 제약,KOSDAQ,,,false,false,false,false,2026-07-19
318410,비비씨,KOSDAQ,,,false,false,false,false,2026-07-19
419540,비스토스,KOSDAQ,,,false,false,false,false,2026-07-19
146320,비씨엔씨,KOSDAQ,,,false,false,false,false,2026-07-19
200780,비씨월드제약,KOSDAQ,,,false,false,false,false,2026-07-19
413640,비아이매트릭스,KOSDAQ,,,false,false,false,false,2026-07-19
141000,비아트론,KOSDAQ,,,false,false,false,false,2026-07-19
083650,비에이치아이,KOSDAQ,,,false,false,false,false,2026-07-19
0068Y0,비엔케이제3호스팩,KOSDAQ,,,false,true,false,false,2026-07-19
065170,비엘팜텍,KOSDAQ,,,false,false,false,false,2026-07-19
086670,비엠티,KOSDAQ,,,false,false,false,false,2026-07-19
488900,비츠로넥스텍,KOSDAQ,,,false,false,false,false,2026-07-19
082920,비츠로셀,KOSDAQ,,,false,false,false,false,2026-07-19
054220,비츠로시스,KOSDAQ,,,false,false,false,false,2026-07-19
042370,비츠로테크,KOSDAQ,,,false,false,false,false,2026-07-19
050090,비케이홀딩스,KOSDAQ,,,false,false,false,false,2026-07-19
148780,비큐AI,KOSDAQ,,,false,false,false,false,2026-07-19
307870,비투엔,KOSDAQ,,,false,false,false,false,2026-07-19
377030,비트맥스,KOSDAQ,,,false,false,false,false,2026-07-19
032850,비트컴퓨터,KOSDAQ,,,false,false,false,false,2026-07-19
049470,비트플래닛,KOSDAQ,,,false,false,false,false,2026-07-19
238200,비피도,KOSDAQ,,,false,false,false,false,2026-07-19
093190,빅솔론,KOSDAQ,,,false,false,false,false,2026-07-19
065450,빅텍,KOSDAQ,,,false,false,false,false,2026-07-19
044480,빌리언스,KOSDAQ,,,false,false,false,false,2026-07-19
069540,빛과전자,KOSDAQ,,,false,false,false,false,2026-07-19
072950,빛샘전자,KOSDAQ,,,false,false,false,false,2026-07-19
451250,삐아,KOSDAQ,,,false,false,false,false,2026-07-19
143240,사람인,KOSDAQ,,,false,false,false,false,2026-07-19
466410,사이냅소프트,KOSDAQ,,,false,false,false,false,2026-07-19
223310,사토시홀딩스,KOSDAQ,,,false,false,false,false,2026-07-19
452430,사피엔반도체,KOSDAQ,,,false,false,false,false,2026-07-19
419120,산돌,KOSDAQ,,,false,false,false,false,2026-07-19
122350,삼기,KOSDAQ,,,false,false,false,false,2026-07-19
419050,삼기에너지솔루션즈,KOSDAQ,,,false,false,false,false,2026-07-19
014970,삼륭물산,KOSDAQ,,,false,false,false,false,2026-07-19
018310,삼목에스폼,KOSDAQ,,,false,false,false,false,2026-07-19
012210,삼미금속,KOSDAQ,,,false,false,false,false,2026-07-19
053700,삼보모터스,KOSDAQ,,,false,false,false,false,2026-07-19
009620,삼보산업,KOSDAQ,,,false,false,false,false,2026-07-19
023600,삼보판지,KOSDAQ,,,false,false,false,false,2026-07-19
0044K0,삼성스팩10호,KOSDAQ,,,false,true,false,false,2026-07-19
0071M0,삼성스팩11호,KOSDAQ,,,false,true,false,false,2026-07-19
0096B0,삼성스팩12호,KOSDAQ,,,false,true,false,false,2026-07-19
0115H0,삼성스팩13호,KOSDAQ,,,false,true,false,false,2026-07-19
009300,삼아제약,KOSDAQ,,,false,false,false,false,2026-07-19
482630,삼양엔씨켐,KOSDAQ,,,false,false,false,false,2026-07-19
484590,삼양컴텍,KOSDAQ,,,false,false,false,false,2026-07-19
036670,삼양케이씨아이,KOSDAQ,,,false,false,false,false,2026-07-19
361670,삼영에스앤씨,KOSDAQ,,,false,false,false,false,2026-07-19
054540,삼영엠텍,KOSDAQ,,,false,false,false,false,2026-07-19
065570,삼영이엔씨,KOSDAQ,,,false,false,false,false,2026-07-19
014950,삼익제약,KOSDAQ,,,false,false,false,false,2026-07-19
032280,삼일,KOSDAQ,,,false,false,false,false,2026-07-19
002290,삼일기업공사,KOSDAQ,,,false,false,false,false,2026-07-19
037460,삼지전자,KOSDAQ,,,false,false,false,false,2026-07-19
032750,삼진,KOSDAQ,,,false,false,false,false,2026-07-19
0013V0,삼진식품,KOSDAQ,,,false,false,false,false,2026-07-19
054090,삼진엘앤디,KOSDAQ,,,false,false,false,false,2026-07-19
000250,삼천당제약,KOSDAQ,,,false,false,false,false,2026-07-19
024950,삼천리자전거,KOSDAQ,,,false,false,false,false,2026-07-19
038500,삼표시멘트,KOSDAQ,,,false,false,false,false,2026-07-19
437730,삼현,KOSDAQ,,,false,false,false,false,2026-07-19
017480,삼현철강,KOSDAQ,,,false,false,false,false,2026-07-19
046390,삼화네트웍스,KOSDAQ,,,false,false,false,false,2026-07-19
027580,상보,KOSDAQ,,,false,false,false,false,2026-07-19
038540,상상인,KOSDAQ,,,false,false,false,false,2026-07-19
091580,상신이디피,KOSDAQ,,,false,false,false,false,2026-07-19
263810,상신전자,KOSDAQ,,,false,false,false,false,2026-07-19
089980,상아프론테크,KOSDAQ,,,false,false,false,false,2026-07-19
042940,상지건설,KOSDAQ,,,false,false,false,false,2026-07-19
042600,새로닉스,KOSDAQ,,,false,false,false,false,2026-07-19
107600,새빗켐,KOSDAQ,,,false,false,false,false,2026-07-19
411080,샌즈랩,KOSDAQ,,,false,false,false,false,2026-07-19
252990,샘씨엔에스,KOSDAQ,,,false,false,false,false,2026-07-19
378800,샤페론,KOSDAQ,,,false,false,false,false,2026-07-19
294630,서남,KOSDAQ,,,false,false,false,false,2026-07-19
038070,서린바이오,KOSDAQ,,,false,false,false,false,2026-07-19
006730,서부T&D,KOSDAQ,,,false,false,false,false,2026-07-19
079650,서산,KOSDAQ,,,false,false,false,false,2026-07-19
100660,서암기계공업,KOSDAQ,,,false,false,false,false,2026-07-19
019770,서연탑메탈,KOSDAQ,,,false,false,false,false,2026-07-19
092190,서울바이오시스,KOSDAQ,,,false,false,false,false,2026-07-19
046890,서울반도체,KOSDAQ,,,false,false,false,false,2026-07-19
063170,서울옥션,KOSDAQ,,,false,false,false,false,2026-07-19
027040,서울전자통신,KOSDAQ,,,false,false,false,false,2026-07-19
018680,서울제약,KOSDAQ,,,false,false,false,false,2026-07-19
036120,서울평가정보,KOSDAQ,,,false,false,false,false,2026-07-19
093920,서원인텍,KOSDAQ,,,false,false,false,false,2026-07-19
189860,서전기전,KOSDAQ,,,false,false,false,false,2026-07-19
178320,서진시스템,KOSDAQ,,,false,false,false,false,2026-07-19
122690,서진오토모티브,KOSDAQ,,,false,false,false,false,2026-07-19
140070,서플러스글로벌,KOSDAQ,,,false,false,false,false,2026-07-19
011370,서한,KOSDAQ,,,false,false,false,false,2026-07-19
065710,서호전기,KOSDAQ,,,false,false,false,false,2026-07-19
035890,서희건설,KOSDAQ,,,false,false,false,false,2026-07-19
357550,석경에이티,KOSDAQ,,,false,false,false,false,2026-07-19
003100,선광,KOSDAQ,,,false,false,false,false,2026-07-19
067370,선바이오,KOSDAQ,,,false,false,false,false,2026-07-19
171090,선익시스템,KOSDAQ,,,false,false,false,false,2026-07-19
086710,선진뷰티사이언스,KOSDAQ,,,false,false,false,false,2026-07-19
014620,성광벤드,KOSDAQ,,,false,false,false,false,2026-07-19
037350,성도이엔지,KOSDAQ,,,false,false,false,false,2026-07-19
458650,성우,KOSDAQ,,,false,false,false,false,2026-07-19
081580,성우전자,KOSDAQ,,,false,false,false,false,2026-07-19
045300,성우테크론,KOSDAQ,,,false,false,false,false,2026-07-19
015750,성우하이텍,KOSDAQ,,,false,false,false,false,2026-07-19
340930,성원에너텍,KOSDAQ,,,false,false,false,false,2026-07-19
365340,성일하이텍,KOSDAQ,,,false,false,false,false,2026-07-19
080470,성창오토텍,KOSDAQ,,,false,false,false,false,2026-07-19
043260,성호전자,KOSDAQ,,,false,false,false,false,2026-07-19
148150,세경하이테크,KOSDAQ,,,false,false,false,false,2026-07-19
061090,세나테크놀로지,KOSDAQ,,,false,false,false,false,2026-07-19
188260,세니젠,KOSDAQ,,,false,false,false,false,2026-07-19
053060,세동,KOSDAQ,,,false,false,false,false,2026-07-19
340440,세림B&G,KOSDAQ,,,false,false,false,false,2026-07-19
017510,세명전기,KOSDAQ,,,false,false,false,false,2026-07-19
0017J0,세미티에스,KOSDAQ,,,false,false,false,false,2026-07-19
490470,세미파이브,KOSDAQ,,,false,false,false,false,2026-07-19
011560,세보엠이씨,KOSDAQ,,,false,false,false,false,2026-07-19
396300,세아메카닉스,KOSDAQ,,,false,false,false,false,2026-07-19
100700,세운메디칼,KOSDAQ,,,false,false,false,false,2026-07-19
024830,세원물산,KOSDAQ,,,false,false,false,false,2026-07-19
258830,세종메디칼,KOSDAQ,,,false,false,false,false,2026-07-19
036630,세종텔레콤,KOSDAQ,,,false,false,false,false,2026-07-19
039310,세중,KOSDAQ,,,false,false,false,false,2026-07-19
067770,세진티에스,KOSDAQ,,,false,false,false,false,2026-07-19
053450,세코닉스,KOSDAQ,,,false,false,false,false,2026-07-19
252500,세화피앤씨,KOSDAQ,,,false,false,false,false,2026-07-19
321370,센서뷰,KOSDAQ,,,false,false,false,false,2026-07-19
347000,센코,KOSDAQ,,,false,false,false,false,2026-07-19
331920,셀레믹스,KOSDAQ,,,false,false,false,false,2026-07-19
352770,셀레스트라,KOSDAQ,,,false,false,false,false,2026-07-19
471820,셀로맥스사이언스,KOSDAQ,,,false,false,false,false,2026-07-19
049180,셀루메드,KOSDAQ,,,false,false,false,false,2026-07-19
299660,셀리드,KOSDAQ,,,false,false,false,false,2026-07-19
108860,셀바스AI,KOSDAQ,,,false,false,false,false,2026-07-19
208370,셀바스헬스케어,KOSDAQ,,,false,false,false,false,2026-07-19
318160,셀바이오휴먼텍,KOSDAQ,,,false,false,false,false,2026-07-19
308430,셀비온,KOSDAQ,,,false,false,false,false,2026-07-19
068760,셀트리온제약,KOSDAQ,,,false,false,false,false,2026-07-19
068940,셀피글로벌,KOSDAQ,,,false,false,false,false,2026-07-19
007720,소노스퀘어,KOSDAQ,,,false,false,false,false,2026-07-19
290690,소룩스,KOSDAQ,,,false,false,false,false,2026-07-19
950200,소마젠,KOSDAQ,,,false,false,false,false,2026-07-19
032680,소프트센,KOSDAQ,,,false,false,false,false,2026-07-19
032685,소프트센우,KOSDAQ,,,false,false,false,false,2026-07-19
258790,소프트캠프,KOSDAQ,,,false,false,false,false,2026-07-19
066910,손오공,KOSDAQ,,,false,false,false,false,2026-07-19
215090,솔디펜스,KOSDAQ,,,false,false,false,false,2026-07-19
035610,솔본,KOSDAQ,,,false,false,false,false,2026-07-19
357780,솔브레인,KOSDAQ,,,false,false,false,false,2026-07-19
036830,솔브레인홀딩스,KOSDAQ,,,false,false,false,false,2026-07-19
304100,솔트룩스,KOSDAQ,,,false,false,false,false,2026-07-19
328380,솔트웨어,KOSDAQ,,,false,false,false,false,2026-07-19
086980,쇼박스,KOSDAQ,,,false,false,false,false,2026-07-19
050960,수산아이앤티,KOSDAQ,,,false,false,false,false,2026-07-19
084180,수성웹툰,KOSDAQ,,,false,false,false,false,2026-07-19
253840,수젠텍,KOSDAQ,,,false,false,false,false,2026-07-19
298830,슈어소프트테크,KOSDAQ,,,false,false,false,false,2026-07-19
236200,슈프리마,KOSDAQ,,,false,false,false,false,2026-07-19
094840,슈프리마에이치큐,KOSDAQ,,,false,false,false,false,2026-07-19
192440,슈피겐코리아,KOSDAQ,,,false,false,false,false,2026-07-19
424960,스마트레이더시스템,KOSDAQ,,,false,false,false,false,2026-07-19
099440,스맥,KOSDAQ,,,false,false,false,false,2026-07-19
066590,스모트로닉,KOSDAQ,,,false,false,false,false,2026-07-19
276040,스코넥,KOSDAQ,,,false,false,false,false,2026-07-19
060240,스타코링크,KOSDAQ,,,false,false,false,false,2026-07-19
115570,스타플렉스,KOSDAQ,,,false,false,false,false,2026-07-19
330730,스톤브릿지벤처스,KOSDAQ,,,false,false,false,false,2026-07-19
352090,스톰테크,KOSDAQ,,,false,false,false,false,2026-07-19
253450,스튜디오드래곤,KOSDAQ,,,false,false,false,false,2026-07-19
408900,스튜디오미르,KOSDAQ,,,false,false,false,false,2026-07-19
415380,스튜디오삼익,KOSDAQ,,,false,false,false,false,2026-07-19
475040,스트라드비젼,KOSDAQ,,,false,false,false,false,2026-07-19
013810,스페코,KOSDAQ,,,false,false,false,false,2026-07-19
347700,스피어,KOSDAQ,,,false,false,false,false,2026-07-19
049830,승일,KOSDAQ,,,false,false,false,false,2026-07-19
020710,시공테크,KOSDAQ,,,false,false,false,false,2026-07-19
033170,시그네틱스,KOSDAQ,,,false,false,false,false,2026-07-19
048870,시너지이노베이션,KOSDAQ,,,false,false,false,false,2026-07-19
025320,시노펙스,KOSDAQ,,,false,false,false,false,2026-07-19
340810,시선AI,KOSDAQ,,,false,false,false,false,2026-07-19
269620,시스웍,KOSDAQ,,,false,false,false,false,2026-07-19
056090,시지메드텍,KOSDAQ,,,false,false,false,false,2026-07-19
429270,시지트로닉스,KOSDAQ,,,false,false,false,false,2026-07-19
418250,시큐레터,KOSDAQ,,,false,false,false,false,2026-07-19
131090,시큐브,KOSDAQ,,,false,false,false,false,2026-07-19
290520,신도기연,KOSDAQ,,,false,false,false,false,2026-07-19
001000,신라섬유,KOSDAQ,,,false,false,false,false,2026-07-19
025870,신라에스지,KOSDAQ,,,false,false,false,false,2026-07-19
215600,신라젠,KOSDAQ,,,false,false,false,false,2026-07-19
065350,신성델타테크,KOSDAQ,,,false,false,false,false,2026-07-19
416180,신성에스티,KOSDAQ,,,false,false,false,false,2026-07-19
162300,신스틸,KOSDAQ,,,false,false,false,false,2026-07-19
002800,신신제약,KOSDAQ,,,false,false,false,false,2026-07-19
472220,신영스팩10호,KOSDAQ,,,false,true,false,false,2026-07-19
0091W0,신영스팩11호,KOSDAQ,,,false,true,false,false,2026-07-19
017000,신원종합개발,KOSDAQ,,,false,false,false,false,2026-07-19
012790,신일제약,KOSDAQ,,,false,false,false,false,2026-07-19
138070,신진에스엠,KOSDAQ,,,false,false,false,false,2026-07-19
226330,신테카바이오,KOSDAQ,,,false,false,false,false,2026-07-19
474660,신한제12호스팩,KOSDAQ,,,false,true,false,false,2026-07-19
474930,신한제13호스팩,KOSDAQ,,,false,true,false,false,2026-07-19
487360,신한제14호스팩,KOSDAQ,,,false,true,false,false,2026-07-19
487830,신한제15호스팩,KOSDAQ,,,false,true,false,false,2026-07-19
496070,신한제16호스팩,KOSDAQ,,,false,true,false,false,2026-07-19
0130D0,신한제17호스팩,KOSDAQ,,,false,true,false,false,2026-07-19
0129K0,신한제18호스팩,KOSDAQ,,,false,true,false,false,2026-07-19
056700,신화인터텍,KOSDAQ,,,false,false,false,false,2026-07-19
187270,신화콘텍,KOSDAQ,,,false,false,false,false,2026-07-19
095190,신화프리텍,KOSDAQ,,,false,false,false,false,2026-07-19
243840,신흥에스이씨,KOSDAQ,,,false,false,false,false,2026-07-19
257720,실리콘투,KOSDAQ,,,false,false,false,false,2026-07-19
222800,심텍,KOSDAQ,,,false,false,false,false,2026-07-19
036710,심텍홀딩스,KOSDAQ,,,false,false,false,false,2026-07-19
444530,심플랫폼,KOSDAQ,,,false,false,false,false,2026-07-19
234030,싸이닉솔루션,KOSDAQ,,,false,false,false,false,2026-07-19
160980,싸이맥스,KOSDAQ,,,false,false,false,false,2026-07-19
356890,싸이버원,KOSDAQ,,,false,false,false,false,2026-07-19
217330,싸이토젠,KOSDAQ,,,false,false,false,false,2026-07-19
208640,썸에이지,KOSDAQ,,,false,false,false,false,2026-07-19
222420,쎄노텍,KOSDAQ,,,false,false,false,false,2026-07-19
037760,쎄니트,KOSDAQ,,,false,false,false,false,2026-07-19
081180,쎄크,KOSDAQ,,,false,false,false,false,2026-07-19
099320,쎄트렉아이,KOSDAQ,,,false,false,false,false,2026-07-19
049960,쎌바이오텍,KOSDAQ,,,false,false,false,false,2026-07-19
088280,쏘닉스,KOSDAQ,,,false,false,false,false,2026-07-19
050890,쏠리드,KOSDAQ,,,false,false,false,false,2026-07-19
394800,쓰리빌리언,KOSDAQ,,,false,false,false,false,2026-07-19
177900,쓰리에이로직스,KOSDAQ,,,false,false,false,false,2026-07-19
475400,씨메스로보틱스,KOSDAQ,,,false,false,false,false,2026-07-19
109670,씨싸이트,KOSDAQ,,,false,false,false,false,2026-07-19
066790,씨씨에스,KOSDAQ,,,false,false,false,false,2026-07-19
352480,씨앤씨인터내셔널,KOSDAQ,,,false,false,false,false,2026-07-19
264660,씨앤지하이테크,KOSDAQ,,,false,false,false,false,2026-07-19
352700,씨앤투스,KOSDAQ,,,false,false,false,false,2026-07-19
458870,씨어스,KOSDAQ,,,false,false,false,false,2026-07-19
297090,씨에스베어링,KOSDAQ,,,false,false,false,false,2026-07-19
900120,씨엑스아이,KOSDAQ,,,false,false,false,false,2026-07-19
359090,씨엔알리서치,KOSDAQ,,,false,false,false,false,2026-07-19
115530,씨엔플러스,KOSDAQ,,,false,false,false,false,2026-07-19
388210,씨엠티엑스,KOSDAQ,,,false,false,false,false,2026-07-19
115480,씨유메디칼,KOSDAQ,,,false,false,false,false,2026-07-19
376290,씨유테크,KOSDAQ,,,false,false,false,false,2026-07-19
189330,씨이랩,KOSDAQ,,,false,false,false,false,2026-07-19
096530,씨젠,KOSDAQ,,,false,false,false,false,2026-07-19
101240,씨큐브,KOSDAQ,,,false,false,false,false,2026-07-19
060590,씨티씨바이오,KOSDAQ,,,false,false,false,false,2026-07-19
260930,씨티케이,KOSDAQ,,,false,false,false,false,2026-07-19
413630,씨피시스템,KOSDAQ,,,false,false,false,false,2026-07-19
013990,아가방컴퍼니,KOSDAQ,,,false,false,false,false,2026-07-19
123860,아나패스,KOSDAQ,,,false,false,false,false,2026-07-19
025980,아난티,KOSDAQ,,,false,false,false,false,2026-07-19
0015N0,아로마티카,KOSDAQ,,,false,false,false,false,2026-07-19
261780,아리바이오랩,KOSDAQ,,,false,false,false,false,2026-07-19
125210,아모그린텍,KOSDAQ,,,false,false,false,false,2026-07-19
357580,아모센스,KOSDAQ,,,false,false,false,false,2026-07-19
052710,아모텍,KOSDAQ,,,false,false,false,false,2026-07-19
074430,아미노로직스,KOSDAQ,,,false,false,false,false,2026-07-19
092040,아미코젠,KOSDAQ,,,false,false,false,false,2026-07-19
083930,아바코,KOSDAQ,,,false,false,false,false,2026-07-19
149950,아바텍,KOSDAQ,,,false,false,false,false,2026-07-19
036010,아비코전자,KOSDAQ,,,false,false,false,false,2026-07-19
050860,아세아텍,KOSDAQ,,,false,false,false,false,2026-07-19
136410,아셈스,KOSDAQ,,,false,false,false,false,2026-07-19
246720,아스타,KOSDAQ,,,false,false,false,false,2026-07-19
450950,아스테라시스,KOSDAQ,,,false,false,false,false,2026-07-19
067390,아스트,KOSDAQ,,,false,false,false,false,2026-07-19
159010,아스플로,KOSDAQ,,,false,false,false,false,2026-07-19
127710,아시아경제,KOSDAQ,,,false,false,false,false,2026-07-19
154030,아시아종묘,KOSDAQ,,,false,false,false,false,2026-07-19
227610,아우딘퓨쳐스,KOSDAQ,,,false,false,false,false,2026-07-19
331740,아우토크립트,KOSDAQ,,,false,false,false,false,2026-07-19
143160,아이디스,KOSDAQ,,,false,false,false,false,2026-07-19
054800,아이디스홀딩스,KOSDAQ,,,false,false,false,false,2026-07-19
332370,아이디피,KOSDAQ,,,false,false,false,false,2026-07-19
066430,아이로보틱스,KOSDAQ,,,false,false,false,false,2026-07-19
339950,아이비김영,KOSDAQ,,,false,false,false,false,2026-07-19
469750,아이비젼웍스,KOSDAQ,,,false,false,false,false,2026-07-19
460470,아이빔테크놀로지,KOSDAQ,,,false,false,false,false,2026-07-19
099190,아이센스,KOSDAQ,,,false,false,false,false,2026-07-19
461300,아이스크림미디어,KOSDAQ,,,false,false,false,false,2026-07-19
289010,아이스크림에듀,KOSDAQ,,,false,false,false,false,2026-07-19
214430,아이쓰리시스템,KOSDAQ,,,false,false,false,false,2026-07-19
040910,아이씨디,KOSDAQ,,,false,false,false,false,2026-07-19
368600,아이씨에이치,KOSDAQ,,,false,false,false,false,2026-07-19
456010,아이씨티케이,KOSDAQ,,,false,false,false,false,2026-07-19
052860,아이앤씨,KOSDAQ,,,false,false,false,false,2026-07-19
464500,아이언디바이스,KOSDAQ,,,false,false,false,false,2026-07-19
212710,아이에스티이,KOSDAQ,,,false,false,false,false,2026-07-19
038880,아이에이,KOSDAQ,,,false,false,false,false,2026-07-19
307180,아이엘,KOSDAQ,,,false,false,false,false,2026-07-19
493280,아이엠바이오로직스,KOSDAQ,,,false,false,false,false,2026-07-19
461030,아이엠비디엑스,KOSDAQ,,,false,false,false,false,2026-07-19
451220,아이엠티,KOSDAQ,,,false,false,false,false,2026-07-19
078860,아이오케이이엔엠,KOSDAQ,,,false,false,false,false,2026-07-19
090150,아이윈,KOSDAQ,,,false,false,false,false,2026-07-19
031310,아이즈비전,KOSDAQ,,,false,false,false,false,2026-07-19
462980,아이지넷,KOSDAQ,,,false,false,false,false,2026-07-19
185490,아이진,KOSDAQ,,,false,false,false,false,2026-07-19
059100,아이컴포넌트,KOSDAQ,,,false,false,false,false,2026-07-19
262840,아이퀘스트,KOSDAQ,,,false,false,false,false,2026-07-19
175250,아이큐어,KOSDAQ,,,false,false,false,false,2026-07-19
052460,아이크래프트,KOSDAQ,,,false,false,false,false,2026-07-19
119830,아이텍,KOSDAQ,,,false,false,false,false,2026-07-19
052770,아이톡시,KOSDAQ,,,false,false,false,false,2026-07-19
124500,아이티센글로벌,KOSDAQ,,,false,false,false,false,2026-07-19
010280,아이티센엔텍,KOSDAQ,,,false,false,false,false,2026-07-19
232830,아이티센피엔에스,KOSDAQ,,,false,false,false,false,2026-07-19
372800,아이티아이즈,KOSDAQ,,,false,false,false,false,2026-07-19
084850,아이티엠반도체,KOSDAQ,,,false,false,false,false,2026-07-19
309710,아이티켐,KOSDAQ,,,false,false,false,false,2026-07-19
114840,아이패밀리에스씨,KOSDAQ,,,false,false,false,false,2026-07-19
027360,아주IB투자,KOSDAQ,,,false,false,false,false,2026-07-19
032080,아즈텍WB,KOSDAQ,,,false,false,false,false,2026-07-19
013310,아진산업,KOSDAQ,,,false,false,false,false,2026-07-19
059120,아진엑스텍,KOSDAQ,,,false,false,false,false,2026-07-19
0007C0,아크릴,KOSDAQ,,,false,false,false,false,2026-07-19
158430,아톤,KOSDAQ,,,false,false,false,false,2026-07-19
297570,아틀라스링크,KOSDAQ,,,false,false,false,false,2026-07-19
200350,아티스트스튜디오,KOSDAQ,,,false,false,false,false,2026-07-19
321820,아티스트컴퍼니,KOSDAQ,,,false,false,false,false,2026-07-19
001540,안국약품,KOSDAQ,,,false,false,false,false,2026-07-19
053800,안랩,KOSDAQ,,,false,false,false,false,2026-07-19
065660,안트로젠,KOSDAQ,,,false,false,false,false,2026-07-19
260660,알리코제약,KOSDAQ,,,false,false,false,false,2026-07-19
354320,알멕,KOSDAQ,,,false,false,false,false,2026-07-19
361570,알비더블유,KOSDAQ,,,false,false,false,false,2026-07-19
131370,알서포트,KOSDAQ,,,false,false,false,false,2026-07-19
140670,알에스오토메이션,KOSDAQ,,,false,false,false,false,2026-07-19
096610,알에프세미,KOSDAQ,,,false,false,false,false,2026-07-19
061040,알에프텍,KOSDAQ,,,false,false,false,false,2026-07-19
148250,알엔투테크놀로지,KOSDAQ,,,false,false,false,false,2026-07-19
123010,알엔티엑스,KOSDAQ,,,false,false,false,false,2026-07-19
476830,알지노믹스,KOSDAQ,,,false,false,false,false,2026-07-19
347860,알체라,KOSDAQ,,,false,false,false,false,2026-07-19
196170,알테오젠,KOSDAQ,,,false,false,false,false,2026-07-19
123750,알톤,KOSDAQ,,,false,false,false,false,2026-07-19
459550,알트,KOSDAQ,,,false,false,false,false,2026-07-19
085810,알티캐스트,KOSDAQ,,,false,false,false,false,2026-07-19
043100,알파AI,KOSDAQ,,,false,false,false,false,2026-07-19
117670,알파칩스,KOSDAQ,,,false,false,false,false,2026-07-19
314140,알피바이오,KOSDAQ,,,false,false,false,false,2026-07-19
291650,압타머사이언스,KOSDAQ,,,false,false,false,false,2026-07-19
293780,압타바이오,KOSDAQ,,,false,false,false,false,2026-07-19
310200,애니플러스,KOSDAQ,,,false,false,false,false,2026-07-19
179530,애드바이오텍,KOSDAQ,,,false,false,false,false,2026-07-19
397810,애드포러스,KOSDAQ,,,false,false,false,false,2026-07-19
0011A0,액스비스,KOSDAQ,,,false,false,false,false,2026-07-19
052790,액토즈소프트,KOSDAQ,,,false,false,false,false,2026-07-19
290740,액트로,KOSDAQ,,,false,false,false,false,2026-07-19
238090,앤디포스,KOSDAQ,,,false,false,false,false,2026-07-19
138360,앤로보틱스,KOSDAQ,,,false,false,false,false,2026-07-19
092600,앤씨앤,KOSDAQ,,,false,false,false,false,2026-07-19
129890,앱코,KOSDAQ,,,false,false,false,false,2026-07-19
174900,앱클론,KOSDAQ,,,false,false,false,false,2026-07-19
109960,앱토크롬,KOSDAQ,,,false,false,false,false,2026-07-19
270520,앱튼,KOSDAQ,,,false,false,false,false,2026-07-19
255440,야스,KOSDAQ,,,false,false,false,false,2026-07-19
030960,양지사,KOSDAQ,,,false,false,false,false,2026-07-19
102120,어보브반도체,KOSDAQ,,,false,false,false,false,2026-07-19
238120,얼라인드,KOSDAQ,,,false,false,false,false,2026-07-19
019990,에너토크,KOSDAQ,,,false,false,false,false,2026-07-19
435570,에르코스,KOSDAQ,,,false,false,false,false,2026-07-19
270660,에브리봇,KOSDAQ,,,false,false,false,false,2026-07-19
038680,에스넷,KOSDAQ,,,false,false,false,false,2026-07-19
217480,에스디생명공학,KOSDAQ,,,false,false,false,false,2026-07-19
121890,에스디시스템,KOSDAQ,,,false,false,false,false,2026-07-19
304360,에스바이오메딕스,KOSDAQ,,,false,false,false,false,2026-07-19
389500,에스비비테크,KOSDAQ,,,false,false,false,false,2026-07-19
042110,에스씨디,KOSDAQ,,,false,false,false,false,2026-07-19
065420,에스아이리소스,KOSDAQ,,,false,false,false,false,2026-07-19
103230,에스앤더블류,KOSDAQ,,,false,false,false,false,2026-07-19
260970,에스앤디,KOSDAQ,,,false,false,false,false,2026-07-19
101490,에스앤에스텍,KOSDAQ,,,false,false,false,false,2026-07-19
095910,에스에너지,KOSDAQ,,,false,false,false,false,2026-07-19
275630,에스에스알,KOSDAQ,,,false,false,false,false,2026-07-19
031330,에스에이엠티,KOSDAQ,,,false,false,false,false,2026-07-19
060540,에스에이티,KOSDAQ,,,false,false,false,false,2026-07-19
0008Z0,에스엔시스,KOSDAQ,,,false,false,false,false,2026-07-19
246250,에스엘에스바이오,KOSDAQ,,,false,false,false,false,2026-07-19
041510,에스엠,KOSDAQ,,,false,false,false,false,2026-07-19
460870,에스엠씨지,KOSDAQ,,,false,false,false,false,2026-07-19
464080,에스오에스랩,KOSDAQ,,,false,false,false,false,2026-07-19
109610,에스와이,KOSDAQ,,,false,false,false,false,2026-07-19
365330,에스와이스틸텍,KOSDAQ,,,false,false,false,false,2026-07-19
306040,에스제이그룹,KOSDAQ,,,false,false,false,false,2026-07-19
398120,에스지헬스케어,KOSDAQ,,,false,false,false,false,2026-07-19
472230,에스케이증권제11호스팩,KOSDAQ,,,false,true,false,false,2026-07-19
473000,에스케이증권제12호스팩,KOSDAQ,,,false,true,false,false,2026-07-19
473950,에스케이증권제13호스팩,KOSDAQ,,,false,true,false,false,2026-07-19
475660,에스켐,KOSDAQ,,,false,false,false,false,2026-07-19
096630,에스코넥,KOSDAQ,,,false,false,false,false,2026-07-19
069510,에스텍,KOSDAQ,,,false,false,false,false,2026-07-19
488280,에스투더블유,KOSDAQ,,,false,false,false,false,2026-07-19
234300,에스트래픽,KOSDAQ,,,false,false,false,false,2026-07-19
039440,에스티아이,KOSDAQ,,,false,false,false,false,2026-07-19
098660,에스티오,KOSDAQ,,,false,false,false,false,2026-07-19
052020,에스티큐브,KOSDAQ,,,false,false,false,false,2026-07-19
237690,에스티팜,KOSDAQ,,,false,false,false,false,2026-07-19
458350,에스팀,KOSDAQ,,,false,false,false,false,2026-07-19
050760,에스폴리텍,KOSDAQ,,,false,false,false,false,2026-07-19
288620,에스프리즘,KOSDAQ,,,false,false,false,false,2026-07-19
443670,에스피소프트,KOSDAQ,,,false,false,false,false,2026-07-19
317830,에스피시스템스,KOSDAQ,,,false,false,false,false,2026-07-19
058610,에스피지,KOSDAQ,,,false,false,false,false,2026-07-19
043340,에쎈테크,KOSDAQ,,,false,false,false,false,2026-07-19
163280,에어레인,KOSDAQ,,,false,false,false,false,2026-07-19
200710,에이디테크놀로지,KOSDAQ,,,false,false,false,false,2026-07-19
475580,에이럭스,KOSDAQ,,,false,false,false,false,2026-07-19
096690,에이루트,KOSDAQ,,,false,false,false,false,2026-07-19
298380,에이비엘바이오,KOSDAQ,,,false,false,false,false,2026-07-19
203400,에이비온,KOSDAQ,,,false,false,false,false,2026-07-19
003800,에이스침대,KOSDAQ,,,false,false,false,false,2026-07-19
088800,에이스테크,KOSDAQ,,,false,false,false,false,2026-07-19
241840,에이스토리,KOSDAQ,,,false,false,false,false,2026-07-19
364950,에이아이코리아,KOSDAQ,,,false,false,false,false,2026-07-19
453860,에이에스텍,KOSDAQ,,,false,false,false,false,2026-07-19
312610,에이에프더블류,KOSDAQ,,,false,false,false,false,2026-07-19
172670,에이엘티,KOSDAQ,,,false,false,false,false,2026-07-19
481070,에이유브랜즈,KOSDAQ,,,false,false,false,false,2026-07-19
060900,에이전트AI,KOSDAQ,,,false,false,false,false,2026-07-19
445090,에이직랜드,KOSDAQ,,,false,false,false,false,2026-07-19
295310,에이치브이엠,KOSDAQ,,,false,false,false,false,2026-07-19
072990,에이치시티,KOSDAQ,,,false,false,false,false,2026-07-19
044990,에이치엔에스하이텍,KOSDAQ,,,false,false,false,false,2026-07-19
239610,에이치엘사이언스,KOSDAQ,,,false,false,false,false,2026-07-19
036170,에이치엠넥스,KOSDAQ,,,false,false,false,false,2026-07-19
477340,에이치엠씨제7호스팩,KOSDAQ,,,false,true,false,false,2026-07-19
148930,에이치와이티씨,KOSDAQ,,,false,false,false,false,2026-07-19
044780,에이치케이,KOSDAQ,,,false,false,false,false,2026-07-19
357230,에이치피오,KOSDAQ,,,false,false,false,false,2026-07-19
355690,에이텀,KOSDAQ,,,false,false,false,false,2026-07-19
071670,에이테크솔루션,KOSDAQ,,,false,false,false,false,2026-07-19
045660,에이텍,KOSDAQ,,,false,false,false,false,2026-07-19
224110,에이텍모빌리티,KOSDAQ,,,false,false,false,false,2026-07-19
021080,에이티넘인베스트,KOSDAQ,,,false,false,false,false,2026-07-19
200470,에이팩트,KOSDAQ,,,false,false,false,false,2026-07-19
262260,에이프로,KOSDAQ,,,false,false,false,false,2026-07-19
397030,에이프릴바이오,KOSDAQ,,,false,false,false,false,2026-07-19
0009K0,에임드바이오,KOSDAQ,,,false,false,false,false,2026-07-19
230240,에치에프알,KOSDAQ,,,false,false,false,false,2026-07-19
159910,에코글로우,KOSDAQ,,,false,false,false,false,2026-07-19
097780,에코볼트,KOSDAQ,,,false,false,false,false,2026-07-19
038870,에코심플렉스,KOSDAQ,,,false,false,false,false,2026-07-19
448280,에코아이,KOSDAQ,,,false,false,false,false,2026-07-19
101360,에코앤드림,KOSDAQ,,,false,false,false,false,2026-07-19
128540,에코캡,KOSDAQ,,,false,false,false,false,2026-07-19
086520,에코프로,KOSDAQ,,,false,false,false,false,2026-07-19
247540,에코프로비엠,KOSDAQ,,,false,false,false,false,2026-07-19
383310,에코프로에이치엔,KOSDAQ,,,false,false,false,false,2026-07-19
038110,에코플라스틱,KOSDAQ,,,false,false,false,false,2026-07-19
073540,에프알텍,KOSDAQ,,,false,false,false,false,2026-07-19
064850,에프앤가이드,KOSDAQ,,,false,false,false,false,2026-07-19
036810,에프에스티,KOSDAQ,,,false,false,false,false,2026-07-19
173940,에프엔씨엔터,KOSDAQ,,,false,false,false,false,2026-07-19
083500,에프엔에스테크,KOSDAQ,,,false,false,false,false,2026-07-19
317530,에피소드컴퍼니,KOSDAQ,,,false,false,false,false,2026-07-19
054940,엑사이엔씨,KOSDAQ,,,false,false,false,false,2026-07-19
950130,엑세스바이오,KOSDAQ,,,false,false,false,false,2026-07-19
373110,엑셀세라퓨틱스,KOSDAQ,,,false,false,false,false,2026-07-19
205100,엑셈,KOSDAQ,,,false,false,false,false,2026-07-19
356680,엑스게이트,KOSDAQ,,,false,false,false,false,2026-07-19
070300,엑스큐어,KOSDAQ,,,false,false,false,false,2026-07-19
317770,엑스페릭스,KOSDAQ,,,false,false,false,false,2026-07-19
373200,엑스플러스,KOSDAQ,,,false,false,false,false,2026-07-19
069920,엑시온그룹,KOSDAQ,,,false,false,false,false,2026-07-19
092870,엑시콘,KOSDAQ,,,false,false,false,false,2026-07-19
317870,엔바이오니아,KOSDAQ,,,false,false,false,false,2026-07-19
067570,엔브이에이치코리아,KOSDAQ,,,false,false,false,false,2026-07-19
0004V0,엔비알모션,KOSDAQ,,,false,false,false,false,2026-07-19
236810,엔비티,KOSDAQ,,,false,false,false,false,2026-07-19
333620,엔시스,KOSDAQ,,,false,false,false,false,2026-07-19
101400,엔시트론,KOSDAQ,,,false,false,false,false,2026-07-19
475230,엔알비,KOSDAQ,,,false,false,false,false,2026-07-19
481890,엔에이치스팩31호,KOSDAQ,,,false,true,false,false,2026-07-19
0054V0,엔에이치스팩32호,KOSDAQ,,,false,true,false,false,2026-07-19
0130H0,엔에이치스팩33호,KOSDAQ,,,false,true,false,false,2026-07-19
265740,엔에프씨,KOSDAQ,,,false,false,false,false,2026-07-19
354200,엔젠바이오,KOSDAQ,,,false,false,false,false,2026-07-19
455900,엔젤로보틱스,KOSDAQ,,,false,false,false,false,2026-07-19
419080,엔젯,KOSDAQ,,,false,false,false,false,2026-07-19
183490,엔지켐생명과학,KOSDAQ,,,false,false,false,false,2026-07-19
182400,엔케이젠바이오텍코리아,KOSDAQ,,,false,false,false,false,2026-07-19
348370,엔켐,KOSDAQ,,,false,false,false,false,2026-07-19
069410,엔텔스,KOSDAQ,,,false,false,false,false,2026-07-19
227950,엔투텍,KOSDAQ,,,false,false,false,false,2026-07-19
291230,엔피,KOSDAQ,,,false,false,false,false,2026-07-19
048830,엔피케이,KOSDAQ,,,false,false,false,false,2026-07-19
096870,엘디티,KOSDAQ,,,false,false,false,false,2026-07-19
290650,엘앤씨바이오,KOSDAQ,,,false,false,false,false,2026-07-19
156100,엘앤케이바이오,KOSDAQ,,,false,false,false,false,2026-07-19
0041J0,엘에스스팩1호,KOSDAQ,,,false,true,false,false,2026-07-19
073110,엘엠에스,KOSDAQ,,,false,false,false,false,2026-07-19
083310,엘오티베큠,KOSDAQ,,,false,false,false,false,2026-07-19
037950,엘컴텍,KOSDAQ,,,false,false,false,false,2026-07-19
489500,엘케이켐,KOSDAQ,,,false,false,false,false,2026-07-19
170920,엘티씨,KOSDAQ,,,false,false,false,false,2026-07-19
058630,엠게임,KOSDAQ,,,false,false,false,false,2026-07-19
226590,엠디바이스,KOSDAQ,,,false,false,false,false,2026-07-19
058970,엠로,KOSDAQ,,,false,false,false,false,2026-07-19
169330,엠브레인,KOSDAQ,,,false,false,false,false,2026-07-19
373170,엠아이큐브솔루션,KOSDAQ,,,false,false,false,false,2026-07-19
179290,엠아이텍,KOSDAQ,,,false,false,false,false,2026-07-19
009780,엠에스씨,KOSDAQ,,,false,false,false,false,2026-07-19
123040,엠에스오토텍,KOSDAQ,,,false,false,false,false,2026-07-19
432980,엠에프씨,KOSDAQ,,,false,false,false,false,2026-07-19
007820,엠엑스로보틱스,KOSDAQ,,,false,false,false,false,2026-07-19
347890,엠엑스온,KOSDAQ,,,false,false,false,false,2026-07-19
413390,엠오티,KOSDAQ,,,false,false,false,false,2026-07-19
032790,엠젠솔루션,KOSDAQ,,,false,false,false,false,2026-07-19
033160,엠케이전자,KOSDAQ,,,false,false,false,false,2026-07-19
033310,엠투엔,KOSDAQ,,,false,false,false,false,2026-07-19
259630,엠플러스,KOSDAQ,,,false,false,false,false,2026-07-19
105550,엣지파운드리,KOSDAQ,,,false,false,false,false,2026-07-19
060850,영림원소프트랩,KOSDAQ,,,false,false,false,false,2026-07-19
143540,영우디에스피,KOSDAQ,,,false,false,false,false,2026-07-19
265560,영화테크,KOSDAQ,,,false,false,false,false,2026-07-19
036000,예림당,KOSDAQ,,,false,false,false,false,2026-07-19
250930,예선테크,KOSDAQ,,,false,false,false,false,2026-07-19
053280,예스24,KOSDAQ,,,false,false,false,false,2026-07-19
122640,예스티,KOSDAQ,,,false,false,false,false,2026-07-19
476040,오가노이드사이언스,KOSDAQ,,,false,false,false,false,2026-07-19
900300,오가닉티코스메틱,KOSDAQ,,,false,false,false,false,2026-07-19
045060,오공,KOSDAQ,,,false,false,false,false,2026-07-19
192410,오늘이엔엠,KOSDAQ,,,false,false,false,false,2026-07-19
080520,오디텍,KOSDAQ,,,false,false,false,false,2026-07-19
039830,오로라,KOSDAQ,,,false,false,false,false,2026-07-19
322310,오로스테크놀로지,KOSDAQ,,,false,false,false,false,2026-07-19
046120,오르비텍,KOSDAQ,,,false,false,false,false,2026-07-19
475830,오름테라퓨틱,KOSDAQ,,,false,false,false,false,2026-07-19
014940,오리엔탈정공,KOSDAQ,,,false,false,false,false,2026-07-19
065500,오리엔트정공,KOSDAQ,,,false,false,false,false,2026-07-19
010470,오리콤,KOSDAQ,,,false,false,false,false,2026-07-19
417860,오브젠,KOSDAQ,,,false,false,false,false,2026-07-19
352910,오비고,KOSDAQ,,,false,false,false,false,2026-07-19
053980,오상자이엘,KOSDAQ,,,false,false,false,false,2026-07-19
036220,오상헬스케어,KOSDAQ,,,false,false,false,false,2026-07-19
052420,오성첨단소재,KOSDAQ,,,false,false,false,false,2026-07-19
052300,오션인더블유,KOSDAQ,,,false,false,false,false,2026-07-19
039200,오스코텍,KOSDAQ,,,false,false,false,false,2026-07-19
226400,오스테오닉,KOSDAQ,,,false,false,false,false,2026-07-19
031510,오스템,KOSDAQ,,,false,false,false,false,2026-07-19
342870,오아,KOSDAQ,,,false,false,false,false,2026-07-19
368970,오에스피,KOSDAQ,,,false,false,false,false,2026-07-19
138080,오이솔루션,KOSDAQ,,,false,false,false,false,2026-07-19
080580,오킨스전자,KOSDAQ,,,false,false,false,false,2026-07-19
067170,오텍,KOSDAQ,,,false,false,false,false,2026-07-19
353590,오토앤,KOSDAQ,,,false,false,false,false,2026-07-19
173130,오파스넷,KOSDAQ,,,false,false,false,false,2026-07-19
440320,오픈놀,KOSDAQ,,,false,false,false,false,2026-07-19
049480,오픈베이스,KOSDAQ,,,false,false,false,false,2026-07-19
394280,오픈엣지테크놀로지,KOSDAQ,,,false,false,false,false,2026-07-19
476060,온코닉테라퓨틱스,KOSDAQ,,,false,false,false,false,2026-07-19
382150,온코크로스,KOSDAQ,,,false,false,false,false,2026-07-19
244460,올리패스,KOSDAQ,,,false,false,false,false,2026-07-19
226950,올릭스,KOSDAQ,,,false,false,false,false,2026-07-19
057540,옴니시스템,KOSDAQ,,,false,false,false,false,2026-07-19
131030,옵투스제약,KOSDAQ,,,false,false,false,false,2026-07-19
082210,옵트론텍,KOSDAQ,,,false,false,false,false,2026-07-19
109080,옵티시스,KOSDAQ,,,false,false,false,false,2026-07-19
380540,옵티코어,KOSDAQ,,,false,false,false,false,2026-07-19
153710,옵티팜,KOSDAQ,,,false,false,false,false,2026-07-19
432430,와이랩,KOSDAQ,,,false,false,false,false,2026-07-19
338840,와이바이오로직스,KOSDAQ,,,false,false,false,false,2026-07-19
122990,와이솔,KOSDAQ,,,false,false,false,false,2026-07-19
232140,와이씨,KOSDAQ,,,false,false,false,false,2026-07-19
112290,와이씨켐,KOSDAQ,,,false,false,false,false,2026-07-19
065530,와이어블,KOSDAQ,,,false,false,false,false,2026-07-19
067900,와이엔텍,KOSDAQ,,,false,false,false,false,2026-07-19
007530,와이엠,KOSDAQ,,,false,false,false,false,2026-07-19
155650,와이엠씨,KOSDAQ,,,false,false,false,false,2026-07-19
273640,와이엠텍,KOSDAQ,,,false,false,false,false,2026-07-19
251370,와이엠티,KOSDAQ,,,false,false,false,false,2026-07-19
209640,와이제이링크,KOSDAQ,,,false,false,false,false,2026-07-19
096250,와이즈넛,KOSDAQ,,,false,false,false,false,2026-07-19
273060,와이즈버즈,KOSDAQ,,,false,false,false,false,2026-07-19
019210,와이지-원,KOSDAQ,,,false,false,false,false,2026-07-19
122870,와이지엔터테인먼트,KOSDAQ,,,false,false,false,false,2026-07-19
079000,와토스코리아,KOSDAQ,,,false,false,false,false,2026-07-19
403490,우듬지팜,KOSDAQ,,,false,false,false,false,2026-07-19
032820,우리기술,KOSDAQ,,,false,false,false,false,2026-07-19
041190,우리기술투자,KOSDAQ,,,false,false,false,false,2026-07-19
115440,우리넷,KOSDAQ,,,false,false,false,false,2026-07-19
046970,우리로,KOSDAQ,,,false,false,false,false,2026-07-19
082850,우리바이오,KOSDAQ,,,false,false,false,false,2026-07-19
215360,우리산업,KOSDAQ,,,false,false,false,false,2026-07-19
072470,우리산업홀딩스,KOSDAQ,,,false,false,false,false,2026-07-19
073560,우리손에프앤지,KOSDAQ,,,false,false,false,false,2026-07-19
037400,우리엔터프라이즈,KOSDAQ,,,false,false,false,false,2026-07-19
153490,우리이앤엘하루틴,KOSDAQ,,,false,false,false,false,2026-07-19
101170,우림피티에스,KOSDAQ,,,false,false,false,false,2026-07-19
103840,우양,KOSDAQ,,,false,false,false,false,2026-07-19
101970,우양에이치씨,KOSDAQ,,,false,false,false,false,2026-07-19
046940,우원개발,KOSDAQ,,,false,false,false,false,2026-07-19
215380,우정바이오,KOSDAQ,,,false,false,false,false,2026-07-19
065680,우주일렉트로,KOSDAQ,,,false,false,false,false,2026-07-19
018620,우진비앤지,KOSDAQ,,,false,false,false,false,2026-07-19
457550,우진엔텍,KOSDAQ,,,false,false,false,false,2026-07-19
396470,워트,KOSDAQ,,,false,false,false,false,2026-07-19
307280,원바이오젠,KOSDAQ,,,false,false,false,false,2026-07-19
032940,원익,KOSDAQ,,,false,false,false,false,2026-07-19
240810,원익IPS,KOSDAQ,,,false,false,false,false,2026-07-19
074600,원익QnC,KOSDAQ,,,false,false,false,false,2026-07-19
104830,원익머트리얼즈,KOSDAQ,,,false,false,false,false,2026-07-19
014190,원익큐브,KOSDAQ,,,false,false,false,false,2026-07-19
217820,원익피앤이,KOSDAQ,,,false,false,false,false,2026-07-19
030530,원익홀딩스,KOSDAQ,,,false,false,false,false,2026-07-19
012620,원일특강,KOSDAQ,,,false,false,false,false,2026-07-19
136150,원일티엔아이,KOSDAQ,,,false,false,false,false,2026-07-19
382840,원준,KOSDAQ,,,false,false,false,false,2026-07-19
336570,원텍,KOSDAQ,,,false,false,false,false,2026-07-19
376980,원티드랩,KOSDAQ,,,false,false,false,false,2026-07-19
008370,원풍,KOSDAQ,,,false,false,false,false,2026-07-19
008290,원풍물산,KOSDAQ,,,false,false,false,false,2026-07-19
101160,월덱스,KOSDAQ,,,false,false,false,false,2026-07-19
336060,웨이버스,KOSDAQ,,,false,false,false,false,2026-07-19
095270,웨이브일렉트로,KOSDAQ,,,false,false,false,false,2026-07-19
289930,웨이비스,KOSDAQ,,,false,false,false,false,2026-07-19
065950,웰크론,KOSDAQ,,,false,false,false,false,2026-07-19
076080,웰크론한텍,KOSDAQ,,,false,false,false,false,2026-07-19
043590,웰킵스하이텍,KOSDAQ,,,false,false,false,false,2026-07-19
196700,웹스,KOSDAQ,,,false,false,false,false,2026-07-19
069080,웹젠,KOSDAQ,,,false,false,false,false,2026-07-19
053580,웹케시,KOSDAQ,,,false,false,false,false,2026-07-19
479960,위너스일렉,KOSDAQ,,,false,false,false,false,2026-07-19
044340,위닉스,KOSDAQ,,,false,false,false,false,2026-07-19
330350,위더스제약,KOSDAQ,,,false,false,false,false,2026-07-19
348350,위드텍,KOSDAQ,,,false,false,false,false,2026-07-19
112040,위메이드,KOSDAQ,,,false,false,false,false,2026-07-19
101730,위메이드맥스,KOSDAQ,,,false,false,false,false,2026-07-19
123420,위메이드플레이,KOSDAQ,,,false,false,false,false,2026-07-19
065370,위세아이텍,KOSDAQ,,,false,false,false,false,2026-07-19
038620,위즈코프,KOSDAQ,,,false,false,false,false,2026-07-19
299900,위지윅스튜디오,KOSDAQ,,,false,false,false,false,2026-07-19
036090,위지트,KOSDAQ,,,false,false,false,false,2026-07-19
459100,위츠,KOSDAQ,,,false,false,false,false,2026-07-19
136540,윈스테크넷,KOSDAQ,,,false,false,false,false,2026-07-19
097800,윈팩,KOSDAQ,,,false,false,false,false,2026-07-19
192390,윈하이텍,KOSDAQ,,,false,false,false,false,2026-07-19
335870,윙스풋,KOSDAQ,,,false,false,false,false,2026-07-19
900340,윙입푸드,KOSDAQ,,,false,false,false,false,2026-07-19
036200,유니셈,KOSDAQ,,,false,false,false,false,2026-07-19
018000,유니슨,KOSDAQ,,,false,false,false,false,2026-07-19
203450,유니온바이오메트릭스,KOSDAQ,,,false,false,false,false,2026-07-19
011320,유니크,KOSDAQ,,,false,false,false,false,2026-07-19
086390,유니테스트,KOSDAQ,,,false,false,false,false,2026-07-19
241690,유니테크노,KOSDAQ,,,false,false,false,false,2026-07-19
142210,유니트론텍,KOSDAQ,,,false,false,false,false,2026-07-19
389680,유디엠텍,KOSDAQ,,,false,false,false,false,2026-07-19
088340,유라클,KOSDAQ,,,false,false,false,false,2026-07-19
048430,유라테크,KOSDAQ,,,false,false,false,false,2026-07-19
206650,유바이오로직스,KOSDAQ,,,false,false,false,false,2026-07-19
089850,유비벨록스,KOSDAQ,,,false,false,false,false,2026-07-19
084440,유비온,KOSDAQ,,,false,false,false,false,2026-07-19
264450,유비쿼스,KOSDAQ,,,false,false,false,false,2026-07-19
078070,유비쿼스홀딩스,KOSDAQ,,,false,false,false,false,2026-07-19
024800,유성티엔에스,KOSDAQ,,,false,false,false,false,2026-07-19
054930,유신,KOSDAQ,,,false,false,false,false,2026-07-19
069330,유아이디,KOSDAQ,,,false,false,false,false,2026-07-19
049520,유아이엘,KOSDAQ,,,false,false,false,false,2026-07-19
473050,유안타제15호스팩,KOSDAQ,,,false,true,false,false,2026-07-19
474490,유안타제16호스팩,KOSDAQ,,,false,true,false,false,2026-07-19
493790,유안타제17호스팩,KOSDAQ,,,false,true,false,false,2026-07-19
263770,유에스티,KOSDAQ,,,false,false,false,false,2026-07-19
388720,유일로보틱스,KOSDAQ,,,false,false,false,false,2026-07-19
023410,유진기업,KOSDAQ,,,false,false,false,false,2026-07-19
056080,유진로봇,KOSDAQ,,,false,false,false,false,2026-07-19
468760,유진스팩10호,KOSDAQ,,,false,true,false,false,2026-07-19
488060,유진스팩11호,KOSDAQ,,,false,true,false,false,2026-07-19
0105P0,유진스팩12호,KOSDAQ,,,false,true,false,false,2026-07-19
084370,유진테크,KOSDAQ,,,false,false,false,false,2026-07-19
240600,유진테크놀로지,KOSDAQ,,,false,false,false,false,2026-07-19
179900,유티아이,KOSDAQ,,,false,false,false,false,2026-07-19
263050,유틸렉스,KOSDAQ,,,false,false,false,false,2026-07-19
191410,육일씨엔에쓰,KOSDAQ,,,false,false,false,false,2026-07-19
372170,윤성에프앤씨,KOSDAQ,,,false,false,false,false,2026-07-19
146060,율촌,KOSDAQ,,,false,false,false,false,2026-07-19
039020,이건홀딩스,KOSDAQ,,,false,false,false,false,2026-07-19
067920,이글루,KOSDAQ,,,false,false,false,false,2026-07-19
044960,이글벳,KOSDAQ,,,false,false,false,false,2026-07-19
303530,이노뎁,KOSDAQ,,,false,false,false,false,2026-07-19
302430,이노메트리,KOSDAQ,,,false,false,false,false,2026-07-19
462350,이노스페이스,KOSDAQ,,,false,false,false,false,2026-07-19
274400,이노시뮬레이션,KOSDAQ,,,false,false,false,false,2026-07-19
296640,이노에이엑스,KOSDAQ,,,false,false,false,false,2026-07-19
215790,이노인스트루먼트,KOSDAQ,,,false,false,false,false,2026-07-19
344860,이노진,KOSDAQ,,,false,false,false,false,2026-07-19
333050,이노테나,KOSDAQ,,,false,false,false,false,2026-07-19
469610,이노테크,KOSDAQ,,,false,false,false,false,2026-07-19
088390,이녹스,KOSDAQ,,,false,false,false,false,2026-07-19
272290,이녹스첨단소재,KOSDAQ,,,false,false,false,false,2026-07-19
053350,이니텍,KOSDAQ,,,false,false,false,false,2026-07-19
452400,이닉스,KOSDAQ,,,false,false,false,false,2026-07-19
264850,이랜시스,KOSDAQ,,,false,false,false,false,2026-07-19
054210,이랜텍,KOSDAQ,,,false,false,false,false,2026-07-19
009730,이렘,KOSDAQ,,,false,false,false,false,2026-07-19
065440,이루온,KOSDAQ,,,false,false,false,false,2026-07-19
424870,이뮨온시아,KOSDAQ,,,false,false,false,false,2026-07-19
115610,이미지스,KOSDAQ,,,false,false,false,false,2026-07-19
478110,이베스트스팩6호,KOSDAQ,,,false,true,false,false,2026-07-19
131400,이브이첨단소재,KOSDAQ,,,false,false,false,false,2026-07-19
351330,이삭엔지니어링,KOSDAQ,,,false,false,false,false,2026-07-19
080010,이상네트웍스,KOSDAQ,,,false,false,false,false,2026-07-19
086890,이수앱지스,KOSDAQ,,,false,false,false,false,2026-07-19
047560,이스트소프트,KOSDAQ,,,false,false,false,false,2026-07-19
239340,이스트에이드,KOSDAQ,,,false,false,false,false,2026-07-19
067010,이씨에스,KOSDAQ,,,false,false,false,false,2026-07-19
456070,이엔셀,KOSDAQ,,,false,false,false,false,2026-07-19
102710,이엔에프테크놀로지,KOSDAQ,,,false,false,false,false,2026-07-19
041520,이엘씨,KOSDAQ,,,false,false,false,false,2026-07-19
063760,이엘피,KOSDAQ,,,false,false,false,false,2026-07-19
123570,이엠넷,KOSDAQ,,,false,false,false,false,2026-07-19
083470,이엠앤아이,KOSDAQ,,,false,false,false,false,2026-07-19
091120,이엠텍,KOSDAQ,,,false,false,false,false,2026-07-19
039030,이오테크닉스,KOSDAQ,,,false,false,false,false,2026-07-19
294090,이오플로우,KOSDAQ,,,false,false,false,false,2026-07-19
088290,이원컴포텍,KOSDAQ,,,false,false,false,false,2026-07-19
353810,이지바이오,KOSDAQ,,,false,false,false,false,2026-07-19
261520,이지스,KOSDAQ,,,false,false,false,false,2026-07-19
099750,이지케어텍,KOSDAQ,,,false,false,false,false,2026-07-19
377330,이지트로닉스,KOSDAQ,,,false,false,false,false,2026-07-19
035810,이지홀딩스,KOSDAQ,,,false,false,false,false,2026-07-19
092130,이크레더블,KOSDAQ,,,false,false,false,false,2026-07-19
134060,이퓨쳐,KOSDAQ,,,false,false,false,false,2026-07-19
001840,이화공영,KOSDAQ,,,false,false,false,false,2026-07-19
041830,인바디,KOSDAQ,,,false,false,false,false,2026-07-19
352940,인바이오,KOSDAQ,,,false,false,false,false,2026-07-19
079950,인베니아,KOSDAQ,,,false,false,false,false,2026-07-19
0007J0,인벤테라,KOSDAQ,,,false,false,false,false,2026-07-19
389470,인벤티지랩,KOSDAQ,,,false,false,false,false,2026-07-19
277410,인산가,KOSDAQ,,,false,false,false,false,2026-07-19
060150,인선이엔티,KOSDAQ,,,false,false,false,false,2026-07-19
033230,인성정보,KOSDAQ,,,false,false,false,false,2026-07-19
450520,인스웨이브,KOSDAQ,,,false,false,false,false,2026-07-19
465480,인스피언,KOSDAQ,,,false,false,false,false,2026-07-19
037330,인지디스플레,KOSDAQ,,,false,false,false,false,2026-07-19
100030,인지소프트,KOSDAQ,,,false,false,false,false,2026-07-19
211050,인카금융서비스,KOSDAQ,,,false,false,false,false,2026-07-19
083640,인콘,KOSDAQ,,,false,false,false,false,2026-07-19
064090,인크레더블버즈,KOSDAQ,,,false,false,false,false,2026-07-19
216050,인크로스,KOSDAQ,,,false,false,false,false,2026-07-19
049070,인탑스,KOSDAQ,,,false,false,false,false,2026-07-19
119610,인터로조,KOSDAQ,,,false,false,false,false,2026-07-19
017250,인터엠,KOSDAQ,,,false,false,false,false,2026-07-19
051370,인터플렉스,KOSDAQ,,,false,false,false,false,2026-07-19
064290,인텍플러스,KOSDAQ,,,false,false,false,false,2026-07-19
189300,인텔리안테크,KOSDAQ,,,false,false,false,false,2026-07-19
287840,인투셀,KOSDAQ,,,false,false,false,false,2026-07-19
048530,인트론바이오,KOSDAQ,,,false,false,false,false,2026-07-19
070590,인티큐브,KOSDAQ,,,false,false,false,false,2026-07-19
115310,인포바인,KOSDAQ,,,false,false,false,false,2026-07-19
039290,인포뱅크,KOSDAQ,,,false,false,false,false,2026-07-19
071200,인피니트헬스케어,KOSDAQ,,,false,false,false,false,2026-07-19
101930,인화정공,KOSDAQ,,,false,false,false,false,2026-07-19
333430,일승,KOSDAQ,,,false,false,false,false,2026-07-19
068330,일신바이오,KOSDAQ,,,false,false,false,false,2026-07-19
178780,일월지엠엘,KOSDAQ,,,false,false,false,false,2026-07-19
019540,일지테크,KOSDAQ,,,false,false,false,false,2026-07-19
094820,일진파워,KOSDAQ,,,false,false,false,false,2026-07-19
950140,잉글우드랩,KOSDAQ,,,false,false,false,false,2026-07-19
049550,잉크테크,KOSDAQ,,,false,false,false,false,2026-07-19
389020,자람테크놀로지,KOSDAQ,,,false,false,false,false,2026-07-19
254120,자비스,KOSDAQ,,,false,false,false,false,2026-07-19
043910,자연과환경,KOSDAQ,,,false,false,false,false,2026-07-19
234920,자이글,KOSDAQ,,,false,false,false,false,2026-07-19
289220,자이언트스텝,KOSDAQ,,,false,false,false,false,2026-07-19
049630,재영솔루텍,KOSDAQ,,,false,false,false,false,2026-07-19
417840,저스템,KOSDAQ,,,false,false,false,false,2026-07-19
110020,전진바이오팜,KOSDAQ,,,false,false,false,false,2026-07-19
208140,정다운,KOSDAQ,,,false,false,false,false,2026-07-19
040420,정상제이엘에스,KOSDAQ,,,false,false,false,false,2026-07-19
045510,정원엔시스,KOSDAQ,,,false,false,false,false,2026-07-19
217190,제너셈,KOSDAQ,,,false,false,false,false,2026-07-19
095700,제넥신,KOSDAQ,,,false,false,false,false,2026-07-19
122310,제노레이,KOSDAQ,,,false,false,false,false,2026-07-19
361390,제노코,KOSDAQ,,,false,false,false,false,2026-07-19
225220,제놀루션,KOSDAQ,,,false,false,false,false,2026-07-19
123330,제닉,KOSDAQ,,,false,false,false,false,2026-07-19
381620,제닉스로보틱스,KOSDAQ,,,false,false,false,false,2026-07-19
159580,제로투세븐,KOSDAQ,,,false,false,false,false,2026-07-19
147830,제룡산업,KOSDAQ,,,false,false,false,false,2026-07-19
033100,제룡전기,KOSDAQ,,,false,false,false,false,2026-07-19
079370,제우스,KOSDAQ,,,false,false,false,false,2026-07-19
054950,제이브이엠,KOSDAQ,,,false,false,false,false,2026-07-19
090470,제이스로보틱스,KOSDAQ,,,false,false,false,false,2026-07-19
023440,제이스코홀딩스,KOSDAQ,,,false,false,false,false,2026-07-19
137950,제이씨케미칼,KOSDAQ,,,false,false,false,false,2026-07-19
033320,제이씨현시스템,KOSDAQ,,,false,false,false,false,2026-07-19
417500,제이아이테크,KOSDAQ,,,false,false,false,false,2026-07-19
204270,제이앤티씨,KOSDAQ,,,false,false,false,false,2026-07-19
127120,제이에스링크,KOSDAQ,,,false,false,false,false,2026-07-19
026040,제이에스티나,KOSDAQ,,,false,false,false,false,2026-07-19
452160,제이엔비,KOSDAQ,,,false,false,false,false,2026-07-19
126880,제이엔케이글로벌,KOSDAQ,,,false,false,false,false,2026-07-19
322510,제이엘케이,KOSDAQ,,,false,false,false,false,2026-07-19
033050,제이엠아이,KOSDAQ,,,false,false,false,false,2026-07-19
094970,제이엠티,KOSDAQ,,,false,false,false,false,2026-07-19
418550,제이오,KOSDAQ,,,false,false,false,false,2026-07-19
060230,제이케이시냅스,KOSDAQ,,,false,false,false,false,2026-07-19
420570,제이투케이바이오,KOSDAQ,,,false,false,false,false,2026-07-19
089790,제이티,KOSDAQ,,,false,false,false,false,2026-07-19
0010V0,제이피아이헬스케어,KOSDAQ,,,false,false,false,false,2026-07-19
412540,제일엠앤에스,KOSDAQ,,,false,false,false,false,2026-07-19
199820,제일일렉트릭,KOSDAQ,,,false,false,false,false,2026-07-19
038010,제일테크노스,KOSDAQ,,,false,false,false,false,2026-07-19
080220,제주반도체,KOSDAQ,,,false,false,false,false,2026-07-19
216080,제테마,KOSDAQ,,,false,false,false,false,2026-07-19
337930,젝시믹스,KOSDAQ,,,false,false,false,false,2026-07-19
229000,젠큐릭스,KOSDAQ,,,false,false,false,false,2026-07-19
082270,젬백스,KOSDAQ,,,false,false,false,false,2026-07-19
153890,져스텍,KOSDAQ,,,false,false,false,false,2026-07-19
034940,조아제약,KOSDAQ,,,false,false,false,false,2026-07-19
067000,조이시티,KOSDAQ,,,false,false,false,false,2026-07-19
309930,조이웍스앤코,KOSDAQ,,,false,false,false,false,2026-07-19
018700,졸스,KOSDAQ,,,false,false,false,false,2026-07-19
033340,좋은사람들,KOSDAQ,,,false,false,false,false,2026-07-19
036930,주성엔지니어링,KOSDAQ,,,false,false,false,false,2026-07-19
072020,중앙백신,KOSDAQ,,,false,false,false,false,2026-07-19
000440,중앙에너비스,KOSDAQ,,,false,false,false,false,2026-07-19
051980,중앙첨단소재,KOSDAQ,,,false,false,false,false,2026-07-19
221800,지구홀딩스,KOSDAQ,,,false,false,false,false,2026-07-19
228760,지노믹트리,KOSDAQ,,,false,false,false,false,2026-07-19
314130,지놈앤컴퍼니,KOSDAQ,,,false,false,false,false,2026-07-19
389030,지니너스,KOSDAQ,,,false,false,false,false,2026-07-19
263860,지니언스,KOSDAQ,,,false,false,false,false,2026-07-19
303030,지니틱스,KOSDAQ,,,false,false,false,false,2026-07-19
208350,지란지교시큐리티,KOSDAQ,,,false,false,false,false,2026-07-19
446840,지슨,KOSDAQ,,,false,false,false,false,2026-07-19
144510,지씨셀,KOSDAQ,,,false,false,false,false,2026-07-19
340450,지씨지놈,KOSDAQ,,,false,false,false,false,2026-07-19
306620,지아이에스,KOSDAQ,,,false,false,false,false,2026-07-19
358570,지아이이노베이션,KOSDAQ,,,false,false,false,false,2026-07-19
382480,지아이텍,KOSDAQ,,,false,false,false,false,2026-07-19
382800,지앤비에스 에코,KOSDAQ,,,false,false,false,false,2026-07-19
051160,지어소프트,KOSDAQ,,,false,false,false,false,2026-07-19
053050,지에스이,KOSDAQ,,,false,false,false,false,2026-07-19
388610,지에프씨생명과학,KOSDAQ,,,false,false,false,false,2026-07-19
493330,지에프아이,KOSDAQ,,,false,false,false,false,2026-07-19
119850,지엔씨에너지,KOSDAQ,,,false,false,false,false,2026-07-19
065060,지엔코,KOSDAQ,,,false,false,false,false,2026-07-19
204840,지엘팜텍,KOSDAQ,,,false,false,false,false,2026-07-19
311320,지오엘리먼트,KOSDAQ,,,false,false,false,false,2026-07-19
456160,지투지바이오,KOSDAQ,,,false,false,false,false,2026-07-19
388050,지투파워,KOSDAQ,,,false,false,false,false,2026-07-19
018120,진로발효,KOSDAQ,,,false,false,false,false,2026-07-19
109820,진매트릭스,KOSDAQ,,,false,false,false,false,2026-07-19
086060,진바이오텍,KOSDAQ,,,false,false,false,false,2026-07-19
036890,진성티이씨,KOSDAQ,,,false,false,false,false,2026-07-19
363250,진시스템,KOSDAQ,,,false,false,false,false,2026-07-19
007370,진양제약,KOSDAQ,,,false,false,false,false,2026-07-19
285800,진영,KOSDAQ,,,false,false,false,false,2026-07-19
085660,차바이오텍,KOSDAQ,,,false,false,false,false,2026-07-19
351870,차이커뮤니케이션,KOSDAQ,,,false,false,false,false,2026-07-19
094850,참좋은여행,KOSDAQ,,,false,false,false,false,2026-07-19
004650,창해에탄올,KOSDAQ,,,false,false,false,false,2026-07-19
0011T0,채비,KOSDAQ,,,false,false,false,false,2026-07-19
278280,천보,KOSDAQ,,,false,false,false,false,2026-07-19
362320,청담글로벌,KOSDAQ,,,false,false,false,false,2026-07-19
013720,청보,KOSDAQ,,,false,false,false,false,2026-07-19
066360,체리부로,KOSDAQ,,,false,false,false,false,2026-07-19
047820,초록뱀미디어,KOSDAQ,,,false,false,false,false,2026-07-19
094360,칩스앤미디어,KOSDAQ,,,false,false,false,false,2026-07-19
0082N0,카나프테라퓨틱스,KOSDAQ,,,false,false,false,false,2026-07-19
016920,카스,KOSDAQ,,,false,false,false,false,2026-07-19
284620,카이노스메드,KOSDAQ,,,false,false,false,false,2026-07-19
293490,카카오게임즈,KOSDAQ,,,false,false,false,false,2026-07-19
140430,카티스,KOSDAQ,,,false,false,false,false,2026-07-19
042000,카페24,KOSDAQ,,,false,false,false,false,2026-07-19
313760,캐리,KOSDAQ,,,false,false,false,false,2026-07-19
071850,캐스텍코리아,KOSDAQ,,,false,false,false,false,2026-07-19
198080,캐프,KOSDAQ,,,false,false,false,false,2026-07-19
210120,캔버스엔,KOSDAQ,,,false,false,false,false,2026-07-19
050110,캠시스,KOSDAQ,,,false,false,false,false,2026-07-19
452300,캡스톤파트너스,KOSDAQ,,,false,false,false,false,2026-07-19
451760,컨텍,KOSDAQ,,,false,false,false,false,2026-07-19
900310,컬러레이,KOSDAQ,,,false,false,false,false,2026-07-19
078340,컴투스,KOSDAQ,,,false,false,false,false,2026-07-19
063080,컴투스홀딩스,KOSDAQ,,,false,false,false,false,2026-07-19
307930,컴퍼니케이,KOSDAQ,,,false,false,false,false,2026-07-19
079190,케스피온,KOSDAQ,,,false,false,false,false,2026-07-19
263700,케어랩스,KOSDAQ,,,false,false,false,false,2026-07-19
214370,케어젠,KOSDAQ,,,false,false,false,false,2026-07-19
221980,케이디켐,KOSDAQ,,,false,false,false,false,2026-07-19
038530,케이바이오랩스,KOSDAQ,,,false,false,false,false,2026-07-19
192250,케이사인,KOSDAQ,,,false,false,false,false,2026-07-19
431190,케이쓰리아이,KOSDAQ,,,false,false,false,false,2026-07-19
115500,케이씨에스,KOSDAQ,,,false,false,false,false,2026-07-19
089150,케이씨티,KOSDAQ,,,false,false,false,false,2026-07-19
025880,케이씨피드,KOSDAQ,,,false,false,false,false,2026-07-19
093320,케이아이엔엑스,KOSDAQ,,,false,false,false,false,2026-07-19
093640,케이알엠,KOSDAQ,,,false,false,false,false,2026-07-19
073010,케이에스피,KOSDAQ,,,false,false,false,false,2026-07-19
105330,케이엔더블유,KOSDAQ,,,false,false,false,false,2026-07-19
053080,케이엔솔,KOSDAQ,,,false,false,false,false,2026-07-19
199430,케이엔알시스템,KOSDAQ,,,false,false,false,false,2026-07-19
432470,케이엔에스,KOSDAQ,,,false,false,false,false,2026-07-19
272110,케이엔제이,KOSDAQ,,,false,false,false,false,2026-07-19
039420,케이엘넷,KOSDAQ,,,false,false,false,false,2026-07-19
083550,케이엠,KOSDAQ,,,false,false,false,false,2026-07-19
032500,케이엠더블유,KOSDAQ,,,false,false,false,false,2026-07-19
225430,케이엠제약,KOSDAQ,,,false,false,false,false,2026-07-19
102370,케이옥션,KOSDAQ,,,false,false,false,false,2026-07-19
068100,케이웨더,KOSDAQ,,,false,false,false,false,2026-07-19
106080,케이이엠텍,KOSDAQ,,,false,false,false,false,2026-07-19
455180,케이지에이,KOSDAQ,,,false,false,false,false,2026-07-19
036030,케이티알파,KOSDAQ,,,false,false,false,false,2026-07-19
064820,케이프,KOSDAQ,,,false,false,false,false,2026-07-19
024880,케이피에프,KOSDAQ,,,false,false,false,false,2026-07-19
042040,케이피엠테크,KOSDAQ,,,false,false,false,false,2026-07-19
054410,케이피티유,KOSDAQ,,,false,false,false,false,2026-07-19
288180,케이피항공산업,KOSDAQ,,,false,false,false,false,2026-07-19
258610,케일럼,KOSDAQ,,,false,false,false,false,2026-07-19
274090,켄코아에어로스페이스,KOSDAQ,,,false,false,false,false,2026-07-19
089010,켐트로닉스,KOSDAQ,,,false,false,false,false,2026-07-19
220260,켐트로스,KOSDAQ,,,false,false,false,false,2026-07-19
052400,코나아이,KOSDAQ,,,false,false,false,false,2026-07-19
402030,코난테크놀로지,KOSDAQ,,,false,false,false,false,2026-07-19
391710,코닉오토메이션,KOSDAQ,,,false,false,false,false,2026-07-19
046070,코다코,KOSDAQ,,,false,false,false,false,2026-07-19
047770,코데즈컴바인,KOSDAQ,,,false,false,false,false,2026-07-19
080530,코디,KOSDAQ,,,false,false,false,false,2026-07-19
104540,코렌텍,KOSDAQ,,,false,false,false,false,2026-07-19
027050,코리아나,KOSDAQ,,,false,false,false,false,2026-07-19
190650,코리아에셋투자증권,KOSDAQ,,,false,false,false,false,2026-07-19
123410,코리아에프티,KOSDAQ,,,false,false,false,false,2026-07-19
036690,코맥스,KOSDAQ,,,false,false,false,false,2026-07-19
049430,코메론,KOSDAQ,,,false,false,false,false,2026-07-19
183300,코미코,KOSDAQ,,,false,false,false,false,2026-07-19
041960,코미팜,KOSDAQ,,,false,false,false,false,2026-07-19
089890,코세스,KOSDAQ,,,false,false,false,false,2026-07-19
360350,코셈,KOSDAQ,,,false,false,false,false,2026-07-19
082660,코스나인,KOSDAQ,,,false,false,false,false,2026-07-19
043710,코스리거글로벌,KOSDAQ,,,false,false,false,false,2026-07-19
222040,코스맥스엔비티,KOSDAQ,,,false,false,false,false,2026-07-19
241710,코스메카코리아,KOSDAQ,,,false,false,false,false,2026-07-19
439960,코스모로보틱스,KOSDAQ,,,false,false,false,false,2026-07-19
355150,코스텍시스,KOSDAQ,,,false,false,false,false,2026-07-19
166480,코아스템켐온,KOSDAQ,,,false,false,false,false,2026-07-19
045970,코아시아,KOSDAQ,,,false,false,false,false,2026-07-19
196450,코아시아씨엠,KOSDAQ,,,false,false,false,false,2026-07-19
384470,코어라인소프트,KOSDAQ,,,false,false,false,false,2026-07-19
102940,코오롱생명과학,KOSDAQ,,,false,false,false,false,2026-07-19
950160,코오롱티슈진,KOSDAQ,,,false,false,false,false,2026-07-19
056360,코위버,KOSDAQ,,,false,false,false,false,2026-07-19
282880,코윈테크,KOSDAQ,,,false,false,false,false,2026-07-19
121850,코이즈,KOSDAQ,,,false,false,false,false,2026-07-19
448710,코츠테크놀로지,KOSDAQ,,,false,false,false,false,2026-07-19
126730,코칩,KOSDAQ,,,false,false,false,false,2026-07-19
015710,코콤,KOSDAQ,,,false,false,false,false,2026-07-19
052330,코텍,KOSDAQ,,,false,false,false,false,2026-07-19
322780,코퍼스코리아,KOSDAQ,,,false,false,false,false,2026-07-19
200130,콜마비앤에이치,KOSDAQ,,,false,false,false,false,2026-07-19
294570,쿠콘,KOSDAQ,,,false,false,false,false,2026-07-19
464490,쿼드메디슨,KOSDAQ,,,false,false,false,false,2026-07-19
317690,퀀타매트릭스,KOSDAQ,,,false,false,false,false,2026-07-19
432720,퀄리타스반도체,KOSDAQ,,,false,false,false,false,2026-07-19
365270,큐라클,KOSDAQ,,,false,false,false,false,2026-07-19
348080,큐라티스,KOSDAQ,,,false,false,false,false,2026-07-19
060280,큐렉소,KOSDAQ,,,false,false,false,false,2026-07-19
372320,큐로셀,KOSDAQ,,,false,false,false,false,2026-07-19
051780,큐로홀딩스,KOSDAQ,,,false,false,false,false,2026-07-19
115180,큐리언트,KOSDAQ,,,false,false,false,false,2026-07-19
494120,큐리오시스,KOSDAQ,,,false,false,false,false,2026-07-19
445680,큐리옥스바이오시스템즈,KOSDAQ,,,false,false,false,false,2026-07-19
182360,큐브엔터,KOSDAQ,,,false,false,false,false,2026-07-19
405100,큐알티,KOSDAQ,,,false,false,false,false,2026-07-19
066310,큐에스아이,KOSDAQ,,,false,false,false,false,2026-07-19
377460,큐에이드,KOSDAQ,,,false,false,false,false,2026-07-19
016600,큐캐피탈,KOSDAQ,,,false,false,false,false,2026-07-19
355390,크라우드웍스,KOSDAQ,,,false,false,false,false,2026-07-19
096240,크레버스,KOSDAQ,,,false,false,false,false,2026-07-19
040350,크레오에스지,KOSDAQ,,,false,false,false,false,2026-07-19
110790,크리스에프앤씨,KOSDAQ,,,false,false,false,false,2026-07-19
900250,크리스탈신소재,KOSDAQ,,,false,false,false,false,2026-07-19
045520,크린앤사이언스,KOSDAQ,,,false,false,false,false,2026-07-19
214150,클래시스,KOSDAQ,,,false,false,false,false,2026-07-19
466100,클로봇,KOSDAQ,,,false,false,false,false,2026-07-19
237880,클리오,KOSDAQ,,,false,false,false,false,2026-07-19
139670,키네마스터,KOSDAQ,,,false,false,false,false,2026-07-19
475430,키스트론,KOSDAQ,,,false,false,false,false,2026-07-19
487720,키움제10호스팩,KOSDAQ,,,false,true,false,false,2026-07-19
489480,키움제11호스팩,KOSDAQ,,,false,true,false,false,2026-07-19
466690,키움히어로제1호스팩,KOSDAQ,,,false,true,false,false,2026-07-19
0131D0,키움히어로제2호스팩,KOSDAQ,,,false,true,false,false,2026-07-19
054780,키이스트,KOSDAQ,,,false,false,false,false,2026-07-19
256940,킵스파마,KOSDAQ,,,false,false,false,false,2026-07-19
219130,타이거일렉,KOSDAQ,,,false,false,false,false,2026-07-19
336680,탑런토탈솔루션,KOSDAQ,,,false,false,false,false,2026-07-19
360070,탑머티리얼,KOSDAQ,,,false,false,false,false,2026-07-19
065130,탑엔지니어링,KOSDAQ,,,false,false,false,false,2026-07-19
134580,탑코미디어,KOSDAQ,,,false,false,false,false,2026-07-19
023160,태광,KOSDAQ,,,false,false,false,false,2026-07-19
323280,태성,KOSDAQ,,,false,false,false,false,2026-07-19
053620,태양,KOSDAQ,,,false,false,false,false,2026-07-19
044490,태웅,KOSDAQ,,,false,false,false,false,2026-07-19
124560,태웅로직스,KOSDAQ,,,false,false,false,false,2026-07-19
191420,테고사이언스,KOSDAQ,,,false,false,false,false,2026-07-19
950250,테라뷰,KOSDAQ,,,false,false,false,false,2026-07-19
073640,테라사이언스,KOSDAQ,,,false,false,false,false,2026-07-19
066700,테라젠이텍스,KOSDAQ,,,false,false,false,false,2026-07-19
095610,테스,KOSDAQ,,,false,false,false,false,2026-07-19
064520,테크엘,KOSDAQ,,,false,false,false,false,2026-07-19
089030,테크윙,KOSDAQ,,,false,false,false,false,2026-07-19
054450,텔레칩스,KOSDAQ,,,false,false,false,false,2026-07-19
200230,텔콘RF제약,KOSDAQ,,,false,false,false,false,2026-07-19
393210,토마토시스템,KOSDAQ,,,false,false,false,false,2026-07-19
475960,토모큐브,KOSDAQ,,,false,false,false,false,2026-07-19
215480,토박스코리아,KOSDAQ,,,false,false,false,false,2026-07-19
051360,토비스,KOSDAQ,,,false,false,false,false,2026-07-19
045340,토탈소프트,KOSDAQ,,,false,false,false,false,2026-07-19
108230,톱텍,KOSDAQ,,,false,false,false,false,2026-07-19
079970,투비소프트,KOSDAQ,,,false,false,false,false,2026-07-19
199800,툴젠,KOSDAQ,,,false,false,false,false,2026-07-19
417790,트루엔,KOSDAQ,,,false,false,false,false,2026-07-19
290090,트윔,KOSDAQ,,,false,false,false,false,2026-07-19
026150,특수건설,KOSDAQ,,,false,false,false,false,2026-07-19
464280,티디에스팜,KOSDAQ,,,false,false,false,false,2026-07-19
117730,티로보틱스,KOSDAQ,,,false,false,false,false,2026-07-19
033830,티비씨,KOSDAQ,,,false,false,false,false,2026-07-19
057680,티사이언티픽,KOSDAQ,,,false,false,false,false,2026-07-19
204610,티쓰리,KOSDAQ,,,false,false,false,false,2026-07-19
125020,티씨머티리얼즈,KOSDAQ,,,false,false,false,false,2026-07-19
064760,티씨케이,KOSDAQ,,,false,false,false,false,2026-07-19
246710,티앤알바이오팹,KOSDAQ,,,false,false,false,false,2026-07-19
340570,티앤엘,KOSDAQ,,,false,false,false,false,2026-07-19
043220,티에스넥스젠,KOSDAQ,,,false,false,false,false,2026-07-19
277880,티에스아이,KOSDAQ,,,false,false,false,false,2026-07-19
131290,티에스이,KOSDAQ,,,false,false,false,false,2026-07-19
425420,티에프이,KOSDAQ,,,false,false,false,false,2026-07-19
484810,티엑스알로보틱스,KOSDAQ,,,false,false,false,false,2026-07-19
131100,티엔엔터테인먼트,KOSDAQ,,,false,false,false,false,2026-07-19
356860,티엘비,KOSDAQ,,,false,false,false,false,2026-07-19
321550,티움바이오,KOSDAQ,,,false,false,false,false,2026-07-19
425040,티이엠씨,KOSDAQ,,,false,false,false,false,2026-07-19
241790,티이엠씨씨엔에스,KOSDAQ,,,false,false,false,false,2026-07-19
022220,티케이지애강,KOSDAQ,,,false,false,false,false,2026-07-19
104480,티케이케미칼,KOSDAQ,,,false,false,false,false,2026-07-19
081150,티플랙스,KOSDAQ,,,false,false,false,false,2026-07-19
130740,티피씨글로벌,KOSDAQ,,,false,false,false,false,2026-07-19
084730,팅크웨어,KOSDAQ,,,false,false,false,false,2026-07-19
440110,파두,KOSDAQ,,,false,false,false,false,2026-07-19
290560,파라택시스이더리움,KOSDAQ,,,false,false,false,false,2026-07-19
288330,파라택시스코리아,KOSDAQ,,,false,false,false,false,2026-07-19
033540,파라텍,KOSDAQ,,,false,false,false,false,2026-07-19
388870,파로스아이바이오,KOSDAQ,,,false,false,false,false,2026-07-19
043200,파루,KOSDAQ,,,false,false,false,false,2026-07-19
214450,파마리서치,KOSDAQ,,,false,false,false,false,2026-07-19
177830,파버나인,KOSDAQ,,,false,false,false,false,2026-07-19
037070,파세코,KOSDAQ,,,false,false,false,false,2026-07-19
150900,파수AI,KOSDAQ,,,false,false,false,false,2026-07-19
037030,파워넷,KOSDAQ,,,false,false,false,false,2026-07-19
047310,파워로직스,KOSDAQ,,,false,false,false,false,2026-07-19
368770,파이버프로,KOSDAQ,,,false,false,false,false,2026-07-19
170790,파이오링크,KOSDAQ,,,false,false,false,false,2026-07-19
900100,파이온엑스,KOSDAQ,,,false,false,false,false,2026-07-19
049120,파인디앤씨,KOSDAQ,,,false,false,false,false,2026-07-19
038950,파인디지털,KOSDAQ,,,false,false,false,false,2026-07-19
387570,파인메딕스,KOSDAQ,,,false,false,false,false,2026-07-19
441270,파인엠텍,KOSDAQ,,,false,false,false,false,2026-07-19
106240,파인테크닉스,KOSDAQ,,,false,false,false,false,2026-07-19
131760,파인텍,KOSDAQ,,,false,false,false,false,2026-07-19
065690,파커스,KOSDAQ,,,false,false,false,false,2026-07-19
140860,파크시스템스,KOSDAQ,,,false,false,false,false,2026-07-19
091700,파트론,KOSDAQ,,,false,false,false,false,2026-07-19
032800,판타지오,KOSDAQ,,,false,false,false,false,2026-07-19
318010,팜스빌,KOSDAQ,,,false,false,false,false,2026-07-19
027710,팜스토리,KOSDAQ,,,false,false,false,false,2026-07-19
225590,패션플랫폼,KOSDAQ,,,false,false,false,false,2026-07-19
054300,팬스타엔터프라이즈,KOSDAQ,,,false,false,false,false,2026-07-19
068050,팬엔터테인먼트,KOSDAQ,,,false,false,false,false,2026-07-19
222110,팬젠,KOSDAQ,,,false,false,false,false,2026-07-19
271830,팸텍,KOSDAQ,,,false,false,false,false,2026-07-19
263750,펄어비스,KOSDAQ,,,false,false,false,false,2026-07-19
251970,펌텍코리아,KOSDAQ,,,false,false,false,false,2026-07-19
187660,페니트리움바이오,KOSDAQ,,,false,false,false,false,2026-07-19
0015S0,페스카로,KOSDAQ,,,false,false,false,false,2026-07-19
168360,펨트론,KOSDAQ,,,false,false,false,false,2026-07-19
087010,펩트론,KOSDAQ,,,false,false,false,false,2026-07-19
064800,포니링크,KOSDAQ,,,false,false,false,false,2026-07-19
119500,포메탈,KOSDAQ,,,false,false,false,false,2026-07-19
389140,포바이포,KOSDAQ,,,false,false,false,false,2026-07-19
105760,포스뱅크,KOSDAQ,,,false,false,false,false,2026-07-19
009520,포스코엠텍,KOSDAQ,,,false,false,false,false,2026-07-19
189690,포시에스,KOSDAQ,,,false,false,false,false,2026-07-19
318020,포인트모바일,KOSDAQ,,,false,false,false,false,2026-07-19
256630,포인트엔지니어링,KOSDAQ,,,false,false,false,false,2026-07-19
331380,포커스에이아이,KOSDAQ,,,false,false,false,false,2026-07-19
208710,포톤,KOSDAQ,,,false,false,false,false,2026-07-19
472850,폰드그룹,KOSDAQ,,,false,false,false,false,2026-07-19
039980,폴라리스AI,KOSDAQ,,,false,false,false,false,2026-07-19
041910,폴라리스AI파마,KOSDAQ,,,false,false,false,false,2026-07-19
234100,폴라리스세원,KOSDAQ,,,false,false,false,false,2026-07-19
041020,폴라리스오피스,KOSDAQ,,,false,false,false,false,2026-07-19
114630,폴라리스우노,KOSDAQ,,,false,false,false,false,2026-07-19
487580,폴레드,KOSDAQ,,,false,false,false,false,2026-07-19
290720,푸드나무,KOSDAQ,,,false,false,false,false,2026-07-19
005670,푸드웰,KOSDAQ,,,false,false,false,false,2026-07-19
094940,푸른로보틱스,KOSDAQ,,,false,false,false,false,2026-07-19
007330,푸른저축은행,KOSDAQ,,,false,false,false,false,2026-07-19
093380,풍강,KOSDAQ,,,false,false,false,false,2026-07-19
023900,풍국주정,KOSDAQ,,,false,false,false,false,2026-07-19
371950,풍원정밀,KOSDAQ,,,false,false,false,false,2026-07-19
298060,풍전약품,KOSDAQ,,,false,false,false,false,2026-07-19
370090,퓨런티어,KOSDAQ,,,false,false,false,false,2026-07-19
445180,퓨릿,KOSDAQ,,,false,false,false,false,2026-07-19
220100,퓨쳐켐,KOSDAQ,,,false,false,false,false,2026-07-19
035200,프럼파스트,KOSDAQ,,,false,false,false,false,2026-07-19
334970,프레스티지바이오로직스,KOSDAQ,,,false,false,false,false,2026-07-19
321260,프로이천,KOSDAQ,,,false,false,false,false,2026-07-19
053610,프로텍,KOSDAQ,,,false,false,false,false,2026-07-19
468530,프로티나,KOSDAQ,,,false,false,false,false,2026-07-19
303360,프로티아,KOSDAQ,,,false,false,false,false,2026-07-19
377220,프롬바이오,KOSDAQ,,,false,false,false,false,2026-07-19
335810,프리시젼바이오,KOSDAQ,,,false,false,false,false,2026-07-19
053160,프리엠스,KOSDAQ,,,false,false,false,false,2026-07-19
405000,플라즈맵,KOSDAQ,,,false,false,false,false,2026-07-19
041590,플래스크,KOSDAQ,,,false,false,false,false,2026-07-19
367000,플래티어,KOSDAQ,,,false,false,false,false,2026-07-19
075130,플랜티넷,KOSDAQ,,,false,false,false,false,2026-07-19
237820,플레이디,KOSDAQ,,,false,false,false,false,2026-07-19
023770,플레이위드,KOSDAQ,,,false,false,false,false,2026-07-19
019570,플루토스,KOSDAQ,,,false,false,false,false,2026-07-19
300080,플리토,KOSDAQ,,,false,false,false,false,2026-07-19
033790,피노,KOSDAQ,,,false,false,false,false,2026-07-19
032580,피델릭스,KOSDAQ,,,false,false,false,false,2026-07-19
0117P0,피스피스스튜디오,KOSDAQ,,,false,false,false,false,2026-07-19
051380,피씨디렉트,KOSDAQ,,,false,false,false,false,2026-07-19
241820,피씨엘,KOSDAQ,,,false,false,false,false,2026-07-19
452450,피아이이,KOSDAQ,,,false,false,false,false,2026-07-19
237750,피앤씨테크,KOSDAQ,,,false,false,false,false,2026-07-19
460940,피앤에스로보틱스,KOSDAQ,,,false,false,false,false,2026-07-19
319660,피에스케이,KOSDAQ,,,false,false,false,false,2026-07-19
031980,피에스케이홀딩스,KOSDAQ,,,false,false,false,false,2026-07-19
002230,피에스텍,KOSDAQ,,,false,false,false,false,2026-07-19
043370,피에이치에이,KOSDAQ,,,false,false,false,false,2026-07-19
239890,피엔에이치테크,KOSDAQ,,,false,false,false,false,2026-07-19
347740,피엔케이피부임상연구센타,KOSDAQ,,,false,false,false,false,2026-07-19
137400,피엔티,KOSDAQ,,,false,false,false,false,2026-07-19
257370,피엔티엠에스,KOSDAQ,,,false,false,false,false,2026-07-19
147760,피엠티,KOSDAQ,,,false,false,false,false,2026-07-19
128660,피제이메탈,KOSDAQ,,,false,false,false,false,2026-07-19
006140,피제이전자,KOSDAQ,,,false,false,false,false,2026-07-19
376180,피코그램,KOSDAQ,,,false,false,false,false,2026-07-19
304840,피플바이오,KOSDAQ,,,false,false,false,false,2026-07-19
087600,픽셀플러스,KOSDAQ,,,false,false,false,false,2026-07-19
291810,핀텔,KOSDAQ,,,false,false,false,false,2026-07-19
378340,필에너지,KOSDAQ,,,false,false,false,false,2026-07-19
161580,필옵틱스,KOSDAQ,,,false,false,false,false,2026-07-19
347770,핌스,KOSDAQ,,,false,false,false,false,2026-07-19
163730,핑거,KOSDAQ,,,false,false,false,false,2026-07-19
417180,핑거스토리,KOSDAQ,,,false,false,false,false,2026-07-19
469880,하나30호스팩,KOSDAQ,,,false,true,false,false,2026-07-19
469900,하나31호스팩,KOSDAQ,,,false,true,false,false,2026-07-19
475240,하나32호스팩,KOSDAQ,,,false,true,false,false,2026-07-19
475250,하나33호스팩,KOSDAQ,,,false,true,false,false,2026-07-19
484130,하나34호스팩,KOSDAQ,,,false,true,false,false,2026-07-19
0041L0,하나35호스팩,KOSDAQ,,,false,true,false,false,2026-07-19
0101C0,하나36호스팩,KOSDAQ,,,false,true,false,false,2026-07-19
299030,하나기술,KOSDAQ,,,false,false,false,false,2026-07-19
067310,하나마이크론,KOSDAQ,,,false,false,false,false,2026-07-19
166090,하나머티리얼즈,KOSDAQ,,,false,false,false,false,2026-07-19
136480,하림,KOSDAQ,,,false,false,false,false,2026-07-19
003380,하림지주,KOSDAQ,,,false,false,false,false,2026-07-19
450330,하스,KOSDAQ,,,false,false,false,false,2026-07-19
101670,하이드로리튬,KOSDAQ,,,false,false,false,false,2026-07-19
365590,하이딥,KOSDAQ,,,false,false,false,false,2026-07-19
149980,하이로닉,KOSDAQ,,,false,false,false,false,2026-07-19
013030,하이록코리아,KOSDAQ,,,false,false,false,false,2026-07-19
126700,하이비젼시스템,KOSDAQ,,,false,false,false,false,2026-07-19
160190,하이젠알앤엠,KOSDAQ,,,false,false,false,false,2026-07-19
221840,하이즈항공,KOSDAQ,,,false,false,false,false,2026-07-19
106190,하이텍팜,KOSDAQ,,,false,false,false,false,2026-07-19
065650,하이퍼코퍼레이션,KOSDAQ,,,false,false,false,false,2026-07-19
066130,하츠,KOSDAQ,,,false,false,false,false,2026-07-19
004590,한국가구,KOSDAQ,,,false,false,false,false,2026-07-19
039340,한국경제TV,KOSDAQ,,,false,false,false,false,2026-07-19
034950,한국기업평가,KOSDAQ,,,false,false,false,false,2026-07-19
222980,한국맥널티,KOSDAQ,,,false,false,false,false,2026-07-19
256840,한국비엔씨,KOSDAQ,,,false,false,false,false,2026-07-19
219750,한국비티비,KOSDAQ,,,false,false,false,false,2026-07-19
025550,한국선재,KOSDAQ,,,false,false,false,false,2026-07-19
017890,한국알콜,KOSDAQ,,,false,false,false,false,2026-07-19
080720,한국유니온제약,KOSDAQ,,,false,false,false,false,2026-07-19
041460,한국전자인증,KOSDAQ,,,false,false,false,false,2026-07-19
101680,한국정밀기계,KOSDAQ,,,false,false,false,false,2026-07-19
039740,한국정보공학,KOSDAQ,,,false,false,false,false,2026-07-19
053300,한국정보인증,KOSDAQ,,,false,false,false,false,2026-07-19
025770,한국정보통신,KOSDAQ,,,false,false,false,false,2026-07-19
479880,한국제15호스팩,KOSDAQ,,,false,true,false,false,2026-07-19
0164H0,한국제16호스팩,KOSDAQ,,,false,true,false,false,2026-07-19
062970,한국첨단소재,KOSDAQ,,,false,false,false,false,2026-07-19
023760,한국캐피탈,KOSDAQ,,,false,false,false,false,2026-07-19
054040,한국컴퓨터,KOSDAQ,,,false,false,false,false,2026-07-19
021650,한국큐빅,KOSDAQ,,,false,false,false,false,2026-07-19
032300,한국파마,KOSDAQ,,,false,false,false,false,2026-07-19
037230,한국팩키지,KOSDAQ,,,false,false,false,false,2026-07-19
448900,한국피아이엠,KOSDAQ,,,false,false,false,false,2026-07-19
030520,한글과컴퓨터,KOSDAQ,,,false,false,false,false,2026-07-19
052600,한네트,KOSDAQ,,,false,false,false,false,2026-07-19
256150,한독크린텍,KOSDAQ,,,false,false,false,false,2026-07-19
092460,한라IMS,KOSDAQ,,,false,false,false,false,2026-07-19
125490,한라캐스트,KOSDAQ,,,false,false,false,false,2026-07-19
452190,한빛레이저,KOSDAQ,,,false,false,false,false,2026-07-19
047080,한빛소프트,KOSDAQ,,,false,false,false,false,2026-07-19
452280,한선엔지니어링,KOSDAQ,,,false,false,false,false,2026-07-19
066980,한성크린텍,KOSDAQ,,,false,false,false,false,2026-07-19
114810,한솔아이원스,KOSDAQ,,,false,false,false,false,2026-07-19
042520,한스바이오메드,KOSDAQ,,,false,false,false,false,2026-07-19
430690,한싹,KOSDAQ,,,false,false,false,false,2026-07-19
078350,한양디지텍,KOSDAQ,,,false,false,false,false,2026-07-19
045100,한양이엔지,KOSDAQ,,,false,false,false,false,2026-07-19
320000,한울반도체,KOSDAQ,,,false,false,false,false,2026-07-19
091440,한울소재과학,KOSDAQ,,,false,false,false,false,2026-07-19
276730,한울앤제주,KOSDAQ,,,false,false,false,false,2026-07-19
024740,한일단조,KOSDAQ,,,false,false,false,false,2026-07-19
005860,한일사료,KOSDAQ,,,false,false,false,false,2026-07-19
007770,한일화학,KOSDAQ,,,false,false,false,false,2026-07-19
198940,한주라이트메탈,KOSDAQ,,,false,false,false,false,2026-07-19
058450,한주에이알티,KOSDAQ,,,false,false,false,false,2026-07-19
107640,한중엔시에스,KOSDAQ,,,false,false,false,false,2026-07-19
079170,한창산업,KOSDAQ,,,false,false,false,false,2026-07-19
054920,한컴위드,KOSDAQ,,,false,false,false,false,2026-07-19
457370,한켐,KOSDAQ,,,false,false,false,false,2026-07-19
002680,한탑,KOSDAQ,,,false,false,false,false,2026-07-19
098070,한텍,KOSDAQ,,,false,false,false,false,2026-07-19
408470,한패스,KOSDAQ,,,false,false,false,false,2026-07-19
498390,한화플러스제5호스팩,KOSDAQ,,,false,true,false,false,2026-07-19
034810,해성산업,KOSDAQ,,,false,false,false,false,2026-07-19
03481K,해성산업1우,KOSDAQ,,,false,false,false,false,2026-07-19
059270,해성에어로보틱스,KOSDAQ,,,false,false,false,false,2026-07-19
076610,해성옵틱스,KOSDAQ,,,false,false,false,false,2026-07-19
220180,핸디소프트,KOSDAQ,,,false,false,false,false,2026-07-19
900270,헝셩그룹,KOSDAQ,,,false,false,false,false,2026-07-19
214180,헥토이노베이션,KOSDAQ,,,false,false,false,false,2026-07-19
234340,헥토파이낸셜,KOSDAQ,,,false,false,false,false,2026-07-19
084990,헬릭스미스,KOSDAQ,,,false,false,false,false,2026-07-19
170030,현대공업,KOSDAQ,,,false,false,false,false,2026-07-19
319400,현대무벡스,KOSDAQ,,,false,false,false,false,2026-07-19
048410,현대바이오,KOSDAQ,,,false,false,false,false,2026-07-19
052260,현대바이오랜드,KOSDAQ,,,false,false,false,false,2026-07-19
016790,현대사료,KOSDAQ,,,false,false,false,false,2026-07-19
041440,현대에버다임,KOSDAQ,,,false,false,false,false,2026-07-19
039010,현대에이치티,KOSDAQ,,,false,false,false,false,2026-07-19
090850,현대이지웰,KOSDAQ,,,false,false,false,false,2026-07-19
460930,현대힘스,KOSDAQ,,,false,false,false,false,2026-07-19
092300,현우산업,KOSDAQ,,,false,false,false,false,2026-07-19
011080,형지I&C,KOSDAQ,,,false,false,false,false,2026-07-19
308100,형지글로벌,KOSDAQ,,,false,false,false,false,2026-07-19
064240,홈캐스트,KOSDAQ,,,false,false,false,false,2026-07-19
039610,화성밸브,KOSDAQ,,,false,false,false,false,2026-07-19
126640,화신정공,KOSDAQ,,,false,false,false,false,2026-07-19
127980,화인써키트,KOSDAQ,,,false,false,false,false,2026-07-19
061250,화일약품,KOSDAQ,,,false,false,false,false,2026-07-19
097870,효성오앤비,KOSDAQ,,,false,false,false,false,2026-07-19
290270,휴네시온,KOSDAQ,,,false,false,false,false,2026-07-19
353190,휴럼,KOSDAQ,,,false,false,false,false,2026-07-19
090710,휴림로봇,KOSDAQ,,,false,false,false,false,2026-07-19
078590,휴림에이텍,KOSDAQ,,,false,false,false,false,2026-07-19
205470,휴마시스,KOSDAQ,,,false,false,false,false,2026-07-19
115160,휴맥스,KOSDAQ,,,false,false,false,false,2026-07-19
028080,휴맥스홀딩스,KOSDAQ,,,false,false,false,false,2026-07-19
175140,휴먼테크놀로지,KOSDAQ,,,false,false,false,false,2026-07-19
200670,휴메딕스,KOSDAQ,,,false,false,false,false,2026-07-19
065510,휴비츠,KOSDAQ,,,false,false,false,false,2026-07-19
263920,휴엠앤씨,KOSDAQ,,,false,false,false,false,2026-07-19
243070,휴온스,KOSDAQ,,,false,false,false,false,2026-07-19
084110,휴온스글로벌,KOSDAQ,,,false,false,false,false,2026-07-19
145020,휴젤,KOSDAQ,,,false,false,false,false,2026-07-19
024060,흥구석유,KOSDAQ,,,false,false,false,false,2026-07-19
010240,흥국,KOSDAQ,,,false,false,false,false,2026-07-19
189980,흥국에프엔비,KOSDAQ,,,false,false,false,false,2026-07-19
037440,희림,KOSDAQ,,,false,false,false,false,2026-07-19
238490,힘스,KOSDAQ,,,false,false,false,false,2026-07-19
